<?xml version="1.0" encoding="UTF-8"?><gpx creator="Health" xsi:schemaLocation="http://www.topografix.com/GPX/1/0 http://www.topografix.com/GPX/1/0/gpx.xsd" version="1.0" xmlns="http://www.topografix.com/GPX/1/0" xmlns:xsi="http://www.w3.org/2001/XMLSchema-instance"><metadata><time>2023-07-11T09:41:22.000Z</time></metadata><trk><type>Ходьба на улице</type><extensions><totalTime>2764.0</totalTime><cumulativeDecrease>-0.10000000149011612</cumulativeDecrease><cumulativeClimb>-0.10000000149011612</cumulativeClimb><totalDistance>2900.0</totalDistance></extensions><trkseg><trkpt lat="52.509069409906786" lon="13.378943201334517"><time>2023-07-11T09:41:22.000Z</time></trkpt><trkpt lat="52.50906957428719" lon="13.37894761125438"><time>2023-07-11T09:41:23.000Z</time></trkpt><trkpt lat="52.50906971962802" lon="13.378951704923569"><time>2023-07-11T09:41:24.000Z</time></trkpt><trkpt lat="52.50907103088172" lon="13.378958860949894"><time>2023-07-11T09:41:25.000Z</time></trkpt><trkpt lat="52.50907262869279" lon="13.378968506198225"><time>2023-07-11T09:41:26.000Z</time></trkpt><trkpt lat="52.50907778713399" lon="13.378986273859732"><time>2023-07-11T09:41:27.000Z</time></trkpt><trkpt lat="52.50908069205625" lon="13.378996746061068"><time>2023-07-11T09:41:28.000Z</time></trkpt><trkpt lat="52.50908413383072" lon="13.379008152792018"><time>2023-07-11T09:41:29.000Z</time></trkpt><trkpt lat="52.50908809252929" lon="13.379020629650046"><time>2023-07-11T09:41:30.000Z</time></trkpt><trkpt lat="52.50909241672625" lon="13.37903388781691"><time>2023-07-11T09:41:31.000Z</time></trkpt><trkpt lat="52.50909721023129" lon="13.379048029593742"><time>2023-07-11T09:41:32.000Z</time></trkpt><trkpt lat="52.50910227972686" lon="13.379062430795205"><time>2023-07-11T09:41:33.000Z</time></trkpt><trkpt lat="52.50910780966405" lon="13.379077189535105"><time>2023-07-11T09:41:34.000Z</time></trkpt><trkpt lat="52.50911355112825" lon="13.379091813538276"><time>2023-07-11T09:41:35.000Z</time></trkpt><trkpt lat="52.50911951785584" lon="13.379106647116998"><time>2023-07-11T09:41:36.000Z</time></trkpt><trkpt lat="52.50912555988634" lon="13.379121641466066"><time>2023-07-11T09:41:37.000Z</time></trkpt><trkpt lat="52.50913151202999" lon="13.379136776850915"><time>2023-07-11T09:41:38.000Z</time></trkpt><trkpt lat="52.50913732459464" lon="13.37915201064714"><time>2023-07-11T09:41:39.000Z</time></trkpt><trkpt lat="52.50914309992068" lon="13.379167174931313"><time>2023-07-11T09:41:40.000Z</time></trkpt><trkpt lat="52.50914890879798" lon="13.379182073449613"><time>2023-07-11T09:41:41.000Z</time></trkpt><trkpt lat="52.50915466962713" lon="13.37919645692212"><time>2023-07-11T09:41:42.000Z</time></trkpt><trkpt lat="52.509160274283154" lon="13.379210079756042"><time>2023-07-11T09:41:43.000Z</time></trkpt><trkpt lat="52.50916583540687" lon="13.379223492807302"><time>2023-07-11T09:41:44.000Z</time></trkpt><trkpt lat="52.5091710366439" lon="13.379236553231713"><time>2023-07-11T09:41:45.000Z</time></trkpt><trkpt lat="52.50917614617131" lon="13.37924962622227"><time>2023-07-11T09:41:46.000Z</time></trkpt><trkpt lat="52.50918133531977" lon="13.379262590716193"><time>2023-07-11T09:41:47.000Z</time></trkpt><trkpt lat="52.5091866350758" lon="13.379275477322766"><time>2023-07-11T09:41:48.000Z</time></trkpt><trkpt lat="52.509192190341395" lon="13.379288135207322"><time>2023-07-11T09:41:49.000Z</time></trkpt><trkpt lat="52.50919800240668" lon="13.379300600964974"><time>2023-07-11T09:41:50.000Z</time></trkpt><trkpt lat="52.50920395517205" lon="13.37931299574161"><time>2023-07-11T09:41:51.000Z</time></trkpt><trkpt lat="52.509209929462735" lon="13.379325536806649"><time>2023-07-11T09:41:52.000Z</time></trkpt><trkpt lat="52.50921617809286" lon="13.379338353263211"><time>2023-07-11T09:41:53.000Z</time></trkpt><trkpt lat="52.509222750838425" lon="13.3793513272511"><time>2023-07-11T09:41:54.000Z</time></trkpt><trkpt lat="52.50922954414711" lon="13.379364155853192"><time>2023-07-11T09:41:55.000Z</time></trkpt><trkpt lat="52.50923669381678" lon="13.379376737029155"><time>2023-07-11T09:41:56.000Z</time></trkpt><trkpt lat="52.509244163848194" lon="13.379389118223257"><time>2023-07-11T09:41:57.000Z</time></trkpt><trkpt lat="52.50925168616038" lon="13.379401184520907"><time>2023-07-11T09:41:58.000Z</time></trkpt><trkpt lat="52.50925922415493" lon="13.37941279767788"><time>2023-07-11T09:41:59.000Z</time></trkpt><trkpt lat="52.509266904121816" lon="13.379423751780182"><time>2023-07-11T09:42:00.000Z</time></trkpt><trkpt lat="52.50927482346845" lon="13.379433678595877"><time>2023-07-11T09:42:01.000Z</time></trkpt><trkpt lat="52.50928287096322" lon="13.379442510654645"><time>2023-07-11T09:42:02.000Z</time></trkpt><trkpt lat="52.50929128069306" lon="13.379450089788476"><time>2023-07-11T09:42:03.000Z</time></trkpt><trkpt lat="52.50930009785157" lon="13.379456570104937"><time>2023-07-11T09:42:04.000Z</time></trkpt><trkpt lat="52.509309403306354" lon="13.379461974695873"><time>2023-07-11T09:42:05.000Z</time></trkpt><trkpt lat="52.50931940267267" lon="13.379466668898745"><time>2023-07-11T09:42:06.000Z</time></trkpt><trkpt lat="52.509330084912065" lon="13.379470666991581"><time>2023-07-11T09:42:07.000Z</time></trkpt><trkpt lat="52.50934143226143" lon="13.379473955315138"><time>2023-07-11T09:42:08.000Z</time></trkpt><trkpt lat="52.50935332210202" lon="13.379476658142453"><time>2023-07-11T09:42:09.000Z</time></trkpt><trkpt lat="52.50936588600728" lon="13.37947899868019"><time>2023-07-11T09:42:10.000Z</time></trkpt><trkpt lat="52.509379015825374" lon="13.379481269740397"><time>2023-07-11T09:42:11.000Z</time></trkpt><trkpt lat="52.50939263998111" lon="13.379483891783336"><time>2023-07-11T09:42:12.000Z</time></trkpt><trkpt lat="52.509406945890944" lon="13.379486845989824"><time>2023-07-11T09:42:13.000Z</time></trkpt><trkpt lat="52.50942181147149" lon="13.379490156272494"><time>2023-07-11T09:42:14.000Z</time></trkpt><trkpt lat="52.509437068789" lon="13.379493901288335"><time>2023-07-11T09:42:15.000Z</time></trkpt><trkpt lat="52.50945254614205" lon="13.379498116865376"><time>2023-07-11T09:42:16.000Z</time></trkpt><trkpt lat="52.50946813675611" lon="13.379502646615249"><time>2023-07-11T09:42:17.000Z</time></trkpt><trkpt lat="52.50948345118501" lon="13.37950732633554"><time>2023-07-11T09:42:18.000Z</time></trkpt><trkpt lat="52.50949837423177" lon="13.379512610621829"><time>2023-07-11T09:42:19.000Z</time></trkpt><trkpt lat="52.50951306654841" lon="13.379518771237326"><time>2023-07-11T09:42:20.000Z</time></trkpt><trkpt lat="52.509527189911296" lon="13.379525906977584"><time>2023-07-11T09:42:21.000Z</time></trkpt><trkpt lat="52.509540511159436" lon="13.3795341534276"><time>2023-07-11T09:42:22.000Z</time></trkpt><trkpt lat="52.50955282115419" lon="13.379543465610572"><time>2023-07-11T09:42:23.000Z</time></trkpt><trkpt lat="52.50956403293522" lon="13.379553832562284"><time>2023-07-11T09:42:24.000Z</time></trkpt><trkpt lat="52.50957427250302" lon="13.379565038194624"><time>2023-07-11T09:42:25.000Z</time></trkpt><trkpt lat="52.509583810788854" lon="13.379576403345043"><time>2023-07-11T09:42:26.000Z</time></trkpt><trkpt lat="52.509592444552254" lon="13.379587745748806"><time>2023-07-11T09:42:27.000Z</time></trkpt><trkpt lat="52.509600225604004" lon="13.379597779140864"><time>2023-07-11T09:42:28.000Z</time></trkpt><trkpt lat="52.509607397012196" lon="13.379606270429372"><time>2023-07-11T09:42:29.000Z</time></trkpt><trkpt lat="52.509614013902436" lon="13.379612630722454"><time>2023-07-11T09:42:30.000Z</time></trkpt><trkpt lat="52.50962023461728" lon="13.379616618899426"><time>2023-07-11T09:42:31.000Z</time></trkpt><trkpt lat="52.50962615014462" lon="13.37961832915333"><time>2023-07-11T09:42:32.000Z</time></trkpt><trkpt lat="52.50963224946236" lon="13.37961809100383"><time>2023-07-11T09:42:33.000Z</time></trkpt><trkpt lat="52.50963852511606" lon="13.37961597396425"><time>2023-07-11T09:42:34.000Z</time></trkpt><trkpt lat="52.50964494783568" lon="13.3796124271583"><time>2023-07-11T09:42:35.000Z</time></trkpt><trkpt lat="52.50965134547162" lon="13.37960773829946"><time>2023-07-11T09:42:36.000Z</time></trkpt><trkpt lat="52.50965732831625" lon="13.379602464660325"><time>2023-07-11T09:42:37.000Z</time></trkpt><trkpt lat="52.50966302535808" lon="13.379596735914214"><time>2023-07-11T09:42:38.000Z</time></trkpt><trkpt lat="52.5096683499636" lon="13.379591801132735"><time>2023-07-11T09:42:39.000Z</time></trkpt><trkpt lat="52.50967309711821" lon="13.3795881428692"><time>2023-07-11T09:42:40.000Z</time></trkpt><trkpt lat="52.50967735013128" lon="13.379585843825698"><time>2023-07-11T09:42:41.000Z</time></trkpt><trkpt lat="52.50968105658506" lon="13.379584883362504"><time>2023-07-11T09:42:42.000Z</time></trkpt><trkpt lat="52.5096843348949" lon="13.379584946923245"><time>2023-07-11T09:42:43.000Z</time></trkpt><trkpt lat="52.50968685626802" lon="13.379585516290227"><time>2023-07-11T09:42:44.000Z</time></trkpt><trkpt lat="52.50968879285719" lon="13.379586467993299"><time>2023-07-11T09:42:45.000Z</time></trkpt><trkpt lat="52.50969021984809" lon="13.37958738605198"><time>2023-07-11T09:42:46.000Z</time></trkpt><trkpt lat="52.50969114164182" lon="13.379588210536404"><time>2023-07-11T09:42:47.000Z</time></trkpt><trkpt lat="52.509691674229046" lon="13.379588966796206"><time>2023-07-11T09:42:48.000Z</time></trkpt><trkpt lat="52.509691911134375" lon="13.379589686174514"><time>2023-07-11T09:42:49.000Z</time></trkpt><trkpt lat="52.50969192573825" lon="13.379590392476565"><time>2023-07-11T09:42:50.000Z</time></trkpt><trkpt lat="52.50969199313025" lon="13.379590963357264"><time>2023-07-11T09:42:51.000Z</time></trkpt><trkpt lat="52.50969205270362" lon="13.37959143721182"><time>2023-07-11T09:42:52.000Z</time></trkpt><trkpt lat="52.50969210583411" lon="13.379591859037493"><time>2023-07-11T09:42:53.000Z</time></trkpt><trkpt lat="52.509692153735585" lon="13.37959226272414"><time>2023-07-11T09:42:54.000Z</time></trkpt><trkpt lat="52.509692210482804" lon="13.379592662549788"><time>2023-07-11T09:42:55.000Z</time></trkpt><trkpt lat="52.50969226519444" lon="13.37959309721648"><time>2023-07-11T09:42:56.000Z</time></trkpt><trkpt lat="52.509692318723324" lon="13.37959357639461"><time>2023-07-11T09:42:57.000Z</time></trkpt><trkpt lat="52.50969237031001" lon="13.379594090669483"><time>2023-07-11T09:42:58.000Z</time></trkpt><trkpt lat="52.509692680851025" lon="13.37959457760541"><time>2023-07-11T09:42:59.000Z</time></trkpt><trkpt lat="52.509693429576934" lon="13.37959483492183"><time>2023-07-11T09:43:00.000Z</time></trkpt><trkpt lat="52.50969485592043" lon="13.379594775216974"><time>2023-07-11T09:43:01.000Z</time></trkpt><trkpt lat="52.50969714962614" lon="13.379594379139819"><time>2023-07-11T09:43:02.000Z</time></trkpt><trkpt lat="52.50970046706641" lon="13.379593662829853"><time>2023-07-11T09:43:03.000Z</time></trkpt><trkpt lat="52.50970490921093" lon="13.37959256608617"><time>2023-07-11T09:43:04.000Z</time></trkpt><trkpt lat="52.50971053750061" lon="13.379591043195568"><time>2023-07-11T09:43:05.000Z</time></trkpt><trkpt lat="52.50971735720802" lon="13.379589005329485"><time>2023-07-11T09:43:06.000Z</time></trkpt><trkpt lat="52.50972539569207" lon="13.379586462004909"><time>2023-07-11T09:43:07.000Z</time></trkpt><trkpt lat="52.509734383391056" lon="13.37958349257432"><time>2023-07-11T09:43:08.000Z</time></trkpt><trkpt lat="52.509744450849695" lon="13.379580334931523"><time>2023-07-11T09:43:09.000Z</time></trkpt><trkpt lat="52.50975538059717" lon="13.379577315763083"><time>2023-07-11T09:43:10.000Z</time></trkpt><trkpt lat="52.50976700409124" lon="13.379574886621805"><time>2023-07-11T09:43:11.000Z</time></trkpt><trkpt lat="52.509779068888946" lon="13.379573281601866"><time>2023-07-11T09:43:12.000Z</time></trkpt><trkpt lat="52.50979130716531" lon="13.379572795821684"><time>2023-07-11T09:43:13.000Z</time></trkpt><trkpt lat="52.50980349028807" lon="13.379573552945736"><time>2023-07-11T09:43:14.000Z</time></trkpt><trkpt lat="52.509815436760725" lon="13.379575706028124"><time>2023-07-11T09:43:15.000Z</time></trkpt><trkpt lat="52.50982703573445" lon="13.379579339386936"><time>2023-07-11T09:43:16.000Z</time></trkpt><trkpt lat="52.5098380502666" lon="13.3795842501484"><time>2023-07-11T09:43:17.000Z</time></trkpt><trkpt lat="52.50984847083289" lon="13.379590504297243"><time>2023-07-11T09:43:18.000Z</time></trkpt><trkpt lat="52.50985835680749" lon="13.379597688005942"><time>2023-07-11T09:43:19.000Z</time></trkpt><trkpt lat="52.509867427075044" lon="13.379605355525973"><time>2023-07-11T09:43:20.000Z</time></trkpt><trkpt lat="52.5098755595817" lon="13.379613124966154"><time>2023-07-11T09:43:21.000Z</time></trkpt><trkpt lat="52.509882685229826" lon="13.3796206574944"><time>2023-07-11T09:43:22.000Z</time></trkpt><trkpt lat="52.5098887762932" lon="13.379627745828747"><time>2023-07-11T09:43:23.000Z</time></trkpt><trkpt lat="52.50989389403842" lon="13.379634085287773"><time>2023-07-11T09:43:24.000Z</time></trkpt><trkpt lat="52.509898100454144" lon="13.379639519125137"><time>2023-07-11T09:43:25.000Z</time></trkpt><trkpt lat="52.50990145157795" lon="13.379643926540147"><time>2023-07-11T09:43:26.000Z</time></trkpt><trkpt lat="52.50990397947489" lon="13.379647246477873"><time>2023-07-11T09:43:27.000Z</time></trkpt><trkpt lat="52.50990589039832" lon="13.37964976468294"><time>2023-07-11T09:43:28.000Z</time></trkpt><trkpt lat="52.50990716953272" lon="13.379651369641511"><time>2023-07-11T09:43:29.000Z</time></trkpt><trkpt lat="52.50990815548143" lon="13.379652459297319"><time>2023-07-11T09:43:30.000Z</time></trkpt><trkpt lat="52.50990905451029" lon="13.379653444245895"><time>2023-07-11T09:43:31.000Z</time></trkpt><trkpt lat="52.509909798741745" lon="13.379654721039987"><time>2023-07-11T09:43:32.000Z</time></trkpt><trkpt lat="52.50991048983026" lon="13.379656691607062"><time>2023-07-11T09:43:33.000Z</time></trkpt><trkpt lat="52.50991108982816" lon="13.379659498379635"><time>2023-07-11T09:43:34.000Z</time></trkpt><trkpt lat="52.509911591389915" lon="13.379663429480301"><time>2023-07-11T09:43:35.000Z</time></trkpt><trkpt lat="52.50991172786711" lon="13.379668718568547"><time>2023-07-11T09:43:36.000Z</time></trkpt><trkpt lat="52.509911557812195" lon="13.379675498672423"><time>2023-07-11T09:43:37.000Z</time></trkpt><trkpt lat="52.50991116939628" lon="13.379683723828135"><time>2023-07-11T09:43:38.000Z</time></trkpt><trkpt lat="52.50991050178229" lon="13.379693514575571"><time>2023-07-11T09:43:39.000Z</time></trkpt><trkpt lat="52.509909457200166" lon="13.379704792794696"><time>2023-07-11T09:43:40.000Z</time></trkpt><trkpt lat="52.50990832523755" lon="13.379717864542574"><time>2023-07-11T09:43:41.000Z</time></trkpt><trkpt lat="52.509906172391425" lon="13.379731746813915"><time>2023-07-11T09:43:42.000Z</time></trkpt><trkpt lat="52.509903356911316" lon="13.379746109899834"><time>2023-07-11T09:43:43.000Z</time></trkpt><trkpt lat="52.50990238224234" lon="13.379761859304377"><time>2023-07-11T09:43:44.000Z</time></trkpt><trkpt lat="52.50989818957766" lon="13.379778058753129"><time>2023-07-11T09:43:45.000Z</time></trkpt><trkpt lat="52.509898599743785" lon="13.379798407589636"><time>2023-07-11T09:43:46.000Z</time></trkpt><trkpt lat="52.509889347998424" lon="13.3798101282895"><time>2023-07-11T09:43:47.000Z</time></trkpt><trkpt lat="52.50988242824262" lon="13.379821352106891"><time>2023-07-11T09:43:48.000Z</time></trkpt><trkpt lat="52.50966910439553" lon="13.380122962337957"><time>2023-07-11T09:44:03.000Z</time></trkpt><trkpt lat="52.50966620450736" lon="13.380122962323894"><time>2023-07-11T09:44:04.000Z</time></trkpt><trkpt lat="52.50966706820577" lon="13.38012477974327"><time>2023-07-11T09:44:05.000Z</time></trkpt><trkpt lat="52.50967050370652" lon="13.38012809687467"><time>2023-07-11T09:44:06.000Z</time></trkpt><trkpt lat="52.50967553239708" lon="13.380133153021724"><time>2023-07-11T09:44:07.000Z</time></trkpt><trkpt lat="52.50968027054329" lon="13.380148955707767"><time>2023-07-11T09:44:08.000Z</time></trkpt><trkpt lat="52.5096824592945" lon="13.380157482778975"><time>2023-07-11T09:44:09.000Z</time></trkpt><trkpt lat="52.509684998316715" lon="13.3801674468469"><time>2023-07-11T09:44:10.000Z</time></trkpt><trkpt lat="52.50968763136755" lon="13.38017800843237"><time>2023-07-11T09:44:11.000Z</time></trkpt><trkpt lat="52.509690107531036" lon="13.380189350484228"><time>2023-07-11T09:44:12.000Z</time></trkpt><trkpt lat="52.5096922979632" lon="13.38020152072998"><time>2023-07-11T09:44:13.000Z</time></trkpt><trkpt lat="52.50969409120723" lon="13.380214559577745"><time>2023-07-11T09:44:14.000Z</time></trkpt><trkpt lat="52.509695487362045" lon="13.380228484227116"><time>2023-07-11T09:44:15.000Z</time></trkpt><trkpt lat="52.5096970744084" lon="13.38024275403697"><time>2023-07-11T09:44:16.000Z</time></trkpt><trkpt lat="52.50969879652932" lon="13.380257451336007"><time>2023-07-11T09:44:17.000Z</time></trkpt><trkpt lat="52.50970063318138" lon="13.380272591151662"><time>2023-07-11T09:44:18.000Z</time></trkpt><trkpt lat="52.50970245193424" lon="13.380288316253502"><time>2023-07-11T09:44:19.000Z</time></trkpt><trkpt lat="52.50970431324813" lon="13.380303913614485"><time>2023-07-11T09:44:20.000Z</time></trkpt><trkpt lat="52.509706178415655" lon="13.380319550567913"><time>2023-07-11T09:44:21.000Z</time></trkpt><trkpt lat="52.5097079651643" lon="13.38033601919018"><time>2023-07-11T09:44:22.000Z</time></trkpt><trkpt lat="52.50970965764326" lon="13.380353087163359"><time>2023-07-11T09:44:23.000Z</time></trkpt><trkpt lat="52.50971131324821" lon="13.380370595325013"><time>2023-07-11T09:44:24.000Z</time></trkpt><trkpt lat="52.50971297135284" lon="13.38038842705592"><time>2023-07-11T09:44:25.000Z</time></trkpt><trkpt lat="52.50971460791907" lon="13.38040651753637"><time>2023-07-11T09:44:26.000Z</time></trkpt><trkpt lat="52.509716182052514" lon="13.380424829958486"><time>2023-07-11T09:44:27.000Z</time></trkpt><trkpt lat="52.50971761055045" lon="13.380443335149561"><time>2023-07-11T09:44:28.000Z</time></trkpt><trkpt lat="52.50971783880536" lon="13.380459615503177"><time>2023-07-11T09:44:29.000Z</time></trkpt><trkpt lat="52.509719643993684" lon="13.380478997747119"><time>2023-07-11T09:44:30.000Z</time></trkpt><trkpt lat="52.50972203200927" lon="13.38049852653219"><time>2023-07-11T09:44:31.000Z</time></trkpt><trkpt lat="52.509724238181626" lon="13.380518334504826"><time>2023-07-11T09:44:32.000Z</time></trkpt><trkpt lat="52.509724914658285" lon="13.380538593464111"><time>2023-07-11T09:44:33.000Z</time></trkpt><trkpt lat="52.509767514072244" lon="13.380079795153629"><time>2023-07-11T09:44:37.000Z</time></trkpt><trkpt lat="52.509759643899606" lon="13.380120431260362"><time>2023-07-11T09:44:38.000Z</time></trkpt><trkpt lat="52.50977447617779" lon="13.380167112311268"><time>2023-07-11T09:44:39.000Z</time></trkpt><trkpt lat="52.5097887345401" lon="13.380216157247544"><time>2023-07-11T09:44:40.000Z</time></trkpt><trkpt lat="52.50979902276378" lon="13.380278999116449"><time>2023-07-11T09:44:41.000Z</time></trkpt><trkpt lat="52.5098103345175" lon="13.380355682735996"><time>2023-07-11T09:44:42.000Z</time></trkpt><trkpt lat="52.5098193797674" lon="13.380415425855944"><time>2023-07-11T09:44:43.000Z</time></trkpt><trkpt lat="52.50982913754388" lon="13.380475486635328"><time>2023-07-11T09:44:44.000Z</time></trkpt><trkpt lat="52.50983631636695" lon="13.380535493352205"><time>2023-07-11T09:44:45.000Z</time></trkpt><trkpt lat="52.50984094448258" lon="13.380594807424332"><time>2023-07-11T09:44:46.000Z</time></trkpt><trkpt lat="52.50984341840555" lon="13.380651793219778"><time>2023-07-11T09:44:47.000Z</time></trkpt><trkpt lat="52.50984366476978" lon="13.38070620369591"><time>2023-07-11T09:44:48.000Z</time></trkpt><trkpt lat="52.509842310825135" lon="13.380756575421513"><time>2023-07-11T09:44:49.000Z</time></trkpt><trkpt lat="52.509838981842336" lon="13.380803595989994"><time>2023-07-11T09:44:50.000Z</time></trkpt><trkpt lat="52.50983340668102" lon="13.380846731434662"><time>2023-07-11T09:44:51.000Z</time></trkpt><trkpt lat="52.50982637939356" lon="13.380885325423911"><time>2023-07-11T09:44:52.000Z</time></trkpt><trkpt lat="52.50981850450674" lon="13.38091926857979"><time>2023-07-11T09:44:53.000Z</time></trkpt><trkpt lat="52.50981002283316" lon="13.380950110276626"><time>2023-07-11T09:44:54.000Z</time></trkpt><trkpt lat="52.509801454979424" lon="13.38097834727685"><time>2023-07-11T09:44:55.000Z</time></trkpt><trkpt lat="52.50979436435702" lon="13.38100381669487"><time>2023-07-11T09:44:56.000Z</time></trkpt><trkpt lat="52.50978884073589" lon="13.381026932436317"><time>2023-07-11T09:44:57.000Z</time></trkpt><trkpt lat="52.509784994844146" lon="13.381048003043349"><time>2023-07-11T09:44:58.000Z</time></trkpt><trkpt lat="52.50978291552321" lon="13.381067333478331"><time>2023-07-11T09:44:59.000Z</time></trkpt><trkpt lat="52.509782291096414" lon="13.381085441783002"><time>2023-07-11T09:45:00.000Z</time></trkpt><trkpt lat="52.509783023597805" lon="13.381102230234195"><time>2023-07-11T09:45:01.000Z</time></trkpt><trkpt lat="52.509785055619325" lon="13.38111791694855"><time>2023-07-11T09:45:02.000Z</time></trkpt><trkpt lat="52.50978822612321" lon="13.381132614290586"><time>2023-07-11T09:45:03.000Z</time></trkpt><trkpt lat="52.509792123259665" lon="13.381146572006957"><time>2023-07-11T09:45:04.000Z</time></trkpt><trkpt lat="52.50979605576595" lon="13.381159856630624"><time>2023-07-11T09:45:05.000Z</time></trkpt><trkpt lat="52.50980003461504" lon="13.381172568037753"><time>2023-07-11T09:45:06.000Z</time></trkpt><trkpt lat="52.50980352458436" lon="13.381184772822676"><time>2023-07-11T09:45:07.000Z</time></trkpt><trkpt lat="52.509806431508736" lon="13.381196657206107"><time>2023-07-11T09:45:08.000Z</time></trkpt><trkpt lat="52.509808482073986" lon="13.381208330923972"><time>2023-07-11T09:45:09.000Z</time></trkpt><trkpt lat="52.509809505897245" lon="13.381219909716014"><time>2023-07-11T09:45:10.000Z</time></trkpt><trkpt lat="52.50980967024694" lon="13.381231792769809"><time>2023-07-11T09:45:11.000Z</time></trkpt><trkpt lat="52.509808885226086" lon="13.381244007015608"><time>2023-07-11T09:45:12.000Z</time></trkpt><trkpt lat="52.50980728107832" lon="13.381256057184261"><time>2023-07-11T09:45:13.000Z</time></trkpt><trkpt lat="52.50980492453109" lon="13.381268173292659"><time>2023-07-11T09:45:14.000Z</time></trkpt><trkpt lat="52.509801998976805" lon="13.381280379396992"><time>2023-07-11T09:45:15.000Z</time></trkpt><trkpt lat="52.50979886644686" lon="13.381292712338423"><time>2023-07-11T09:45:16.000Z</time></trkpt><trkpt lat="52.509796246404946" lon="13.381302850326087"><time>2023-07-11T09:45:17.000Z</time></trkpt><trkpt lat="52.50979404066275" lon="13.381311006735961"><time>2023-07-11T09:45:18.000Z</time></trkpt><trkpt lat="52.50979240420366" lon="13.38131913768841"><time>2023-07-11T09:45:19.000Z</time></trkpt><trkpt lat="52.50979151725173" lon="13.381326731621114"><time>2023-07-11T09:45:20.000Z</time></trkpt><trkpt lat="52.509791112119686" lon="13.381334140765027"><time>2023-07-11T09:45:21.000Z</time></trkpt><trkpt lat="52.50979112114517" lon="13.381341514366731"><time>2023-07-11T09:45:22.000Z</time></trkpt><trkpt lat="52.50979164116488" lon="13.381348990851619"><time>2023-07-11T09:45:23.000Z</time></trkpt><trkpt lat="52.509792872705155" lon="13.381356964027345"><time>2023-07-11T09:45:24.000Z</time></trkpt><trkpt lat="52.509795289492224" lon="13.381364054794902"><time>2023-07-11T09:45:25.000Z</time></trkpt><trkpt lat="52.5097989290423" lon="13.381370576887138"><time>2023-07-11T09:45:26.000Z</time></trkpt><trkpt lat="52.509803883604825" lon="13.381376301442923"><time>2023-07-11T09:45:27.000Z</time></trkpt><trkpt lat="52.509809343102866" lon="13.381384123326471"><time>2023-07-11T09:45:28.000Z</time></trkpt><trkpt lat="52.509815667220806" lon="13.38139358334269"><time>2023-07-11T09:45:29.000Z</time></trkpt><trkpt lat="52.50982268147659" lon="13.381402798818293"><time>2023-07-11T09:45:30.000Z</time></trkpt><trkpt lat="52.50982571486759" lon="13.381415083800764"><time>2023-07-11T09:45:31.000Z</time></trkpt><trkpt lat="52.50983701333932" lon="13.381420991467955"><time>2023-07-11T09:45:32.000Z</time></trkpt><trkpt lat="52.509847734407224" lon="13.381429090897788"><time>2023-07-11T09:45:33.000Z</time></trkpt><trkpt lat="52.50985913818089" lon="13.381435383116322"><time>2023-07-11T09:45:34.000Z</time></trkpt><trkpt lat="52.509870015911375" lon="13.381444424123156"><time>2023-07-11T09:45:35.000Z</time></trkpt><trkpt lat="52.50994175867243" lon="13.382934564220399"><time>2023-07-11T09:46:17.000Z</time></trkpt><trkpt lat="52.509938128943006" lon="13.38294061329643"><time>2023-07-11T09:46:18.000Z</time></trkpt><trkpt lat="52.50993326084805" lon="13.382951614946027"><time>2023-07-11T09:46:19.000Z</time></trkpt><trkpt lat="52.509928401995914" lon="13.38296287690779"><time>2023-07-11T09:46:20.000Z</time></trkpt><trkpt lat="52.509923962397835" lon="13.3829762357152"><time>2023-07-11T09:46:21.000Z</time></trkpt><trkpt lat="52.50991254078604" lon="13.382981522535864"><time>2023-07-11T09:46:22.000Z</time></trkpt><trkpt lat="52.50990548445665" lon="13.382990607632097"><time>2023-07-11T09:46:23.000Z</time></trkpt><trkpt lat="52.50989779396484" lon="13.382999895756358"><time>2023-07-11T09:46:24.000Z</time></trkpt><trkpt lat="52.50988950544301" lon="13.383008870879166"><time>2023-07-11T09:46:25.000Z</time></trkpt><trkpt lat="52.50988064396097" lon="13.383017621604834"><time>2023-07-11T09:46:26.000Z</time></trkpt><trkpt lat="52.5098709915065" lon="13.38302579975873"><time>2023-07-11T09:46:27.000Z</time></trkpt><trkpt lat="52.50986089486442" lon="13.383033597708664"><time>2023-07-11T09:46:28.000Z</time></trkpt><trkpt lat="52.509850860882345" lon="13.383041004527923"><time>2023-07-11T09:46:29.000Z</time></trkpt><trkpt lat="52.50984110558788" lon="13.383049195289765"><time>2023-07-11T09:46:30.000Z</time></trkpt><trkpt lat="52.509831337744956" lon="13.383057366597926"><time>2023-07-11T09:46:31.000Z</time></trkpt><trkpt lat="52.509821402857305" lon="13.383065636259289"><time>2023-07-11T09:46:32.000Z</time></trkpt><trkpt lat="52.509811307684124" lon="13.383073914870801"><time>2023-07-11T09:46:33.000Z</time></trkpt><trkpt lat="52.509801190115695" lon="13.383082216210232"><time>2023-07-11T09:46:34.000Z</time></trkpt><trkpt lat="52.50979118720111" lon="13.383090965537859"><time>2023-07-11T09:46:35.000Z</time></trkpt><trkpt lat="52.50978137499914" lon="13.383100182061883"><time>2023-07-11T09:46:36.000Z</time></trkpt><trkpt lat="52.509772595140944" lon="13.38310535678763"><time>2023-07-11T09:46:37.000Z</time></trkpt><trkpt lat="52.50976313191009" lon="13.383116179211775"><time>2023-07-11T09:46:38.000Z</time></trkpt><trkpt lat="52.509752845796314" lon="13.383125815012685"><time>2023-07-11T09:46:39.000Z</time></trkpt><trkpt lat="52.509743501472556" lon="13.383139025267171"><time>2023-07-11T09:46:40.000Z</time></trkpt><trkpt lat="52.509734152886224" lon="13.383151723061196"><time>2023-07-11T09:46:41.000Z</time></trkpt><trkpt lat="52.51001857155901" lon="13.38399746033073"><time>2023-07-11T09:46:59.000Z</time></trkpt><trkpt lat="52.51002354623124" lon="13.384015288330977"><time>2023-07-11T09:47:00.000Z</time></trkpt><trkpt lat="52.510028121872054" lon="13.384031409080544"><time>2023-07-11T09:47:01.000Z</time></trkpt><trkpt lat="52.510029558245215" lon="13.384054415881584"><time>2023-07-11T09:47:02.000Z</time></trkpt><trkpt lat="52.510026295742634" lon="13.384079792628482"><time>2023-07-11T09:47:03.000Z</time></trkpt><trkpt lat="52.510003145371456" lon="13.384094606824517"><time>2023-07-11T09:47:04.000Z</time></trkpt><trkpt lat="52.50999617930028" lon="13.384111037808145"><time>2023-07-11T09:47:05.000Z</time></trkpt><trkpt lat="52.509988000563084" lon="13.384126159929908"><time>2023-07-11T09:47:06.000Z</time></trkpt><trkpt lat="52.50997864103006" lon="13.384140163474001"><time>2023-07-11T09:47:07.000Z</time></trkpt><trkpt lat="52.5099689080869" lon="13.384153013145406"><time>2023-07-11T09:47:08.000Z</time></trkpt><trkpt lat="52.50995934776686" lon="13.384164167780318"><time>2023-07-11T09:47:09.000Z</time></trkpt><trkpt lat="52.50995032694936" lon="13.384173411202925"><time>2023-07-11T09:47:10.000Z</time></trkpt><trkpt lat="52.509942403454126" lon="13.38418096950767"><time>2023-07-11T09:47:11.000Z</time></trkpt><trkpt lat="52.50993602334122" lon="13.38418734656952"><time>2023-07-11T09:47:12.000Z</time></trkpt><trkpt lat="52.50993093116408" lon="13.38419261645348"><time>2023-07-11T09:47:13.000Z</time></trkpt><trkpt lat="52.50992698666928" lon="13.384196838939829"><time>2023-07-11T09:47:14.000Z</time></trkpt><trkpt lat="52.509924046910676" lon="13.38420011510196"><time>2023-07-11T09:47:15.000Z</time></trkpt><trkpt lat="52.509922141022905" lon="13.384202721891926"><time>2023-07-11T09:47:16.000Z</time></trkpt><trkpt lat="52.50992104298271" lon="13.384204828909644"><time>2023-07-11T09:47:17.000Z</time></trkpt><trkpt lat="52.50992070231264" lon="13.384206827661103"><time>2023-07-11T09:47:18.000Z</time></trkpt><trkpt lat="52.50992060501414" lon="13.384208105083282"><time>2023-07-11T09:47:19.000Z</time></trkpt><trkpt lat="52.50992064174793" lon="13.384208986215311"><time>2023-07-11T09:47:20.000Z</time></trkpt><trkpt lat="52.509920616692256" lon="13.38420945928217"><time>2023-07-11T09:47:21.000Z</time></trkpt><trkpt lat="52.509920497065394" lon="13.384209683851362"><time>2023-07-11T09:47:22.000Z</time></trkpt><trkpt lat="52.50992028351553" lon="13.384209934379294"><time>2023-07-11T09:47:23.000Z</time></trkpt><trkpt lat="52.509920207833375" lon="13.384210044333178"><time>2023-07-11T09:47:24.000Z</time></trkpt><trkpt lat="52.50992016270903" lon="13.384210164425594"><time>2023-07-11T09:47:25.000Z</time></trkpt><trkpt lat="52.50992007581563" lon="13.38421041835946"><time>2023-07-11T09:47:26.000Z</time></trkpt><trkpt lat="52.509920182330276" lon="13.384210976467278"><time>2023-07-11T09:47:27.000Z</time></trkpt><trkpt lat="52.50992065846285" lon="13.384211771315643"><time>2023-07-11T09:47:28.000Z</time></trkpt><trkpt lat="52.50992169657095" lon="13.38421227951323"><time>2023-07-11T09:47:29.000Z</time></trkpt><trkpt lat="52.50992329070384" lon="13.384211962597709"><time>2023-07-11T09:47:30.000Z</time></trkpt><trkpt lat="52.509925527048786" lon="13.384210803585438"><time>2023-07-11T09:47:31.000Z</time></trkpt><trkpt lat="52.50992860128868" lon="13.384208880945865"><time>2023-07-11T09:47:32.000Z</time></trkpt><trkpt lat="52.50993251901086" lon="13.384205888508014"><time>2023-07-11T09:47:33.000Z</time></trkpt><trkpt lat="52.50993736948007" lon="13.38420167427185"><time>2023-07-11T09:47:34.000Z</time></trkpt><trkpt lat="52.509943075925555" lon="13.38419691428972"><time>2023-07-11T09:47:35.000Z</time></trkpt><trkpt lat="52.50994969881205" lon="13.384191364616713"><time>2023-07-11T09:47:36.000Z</time></trkpt><trkpt lat="52.509957327490945" lon="13.384184946031615"><time>2023-07-11T09:47:37.000Z</time></trkpt><trkpt lat="52.5099658509115" lon="13.384177501549505"><time>2023-07-11T09:47:38.000Z</time></trkpt><trkpt lat="52.50997510040126" lon="13.384169212232088"><time>2023-07-11T09:47:39.000Z</time></trkpt><trkpt lat="52.509984991622" lon="13.384160086459957"><time>2023-07-11T09:47:40.000Z</time></trkpt><trkpt lat="52.509995591407595" lon="13.384150675828232"><time>2023-07-11T09:47:41.000Z</time></trkpt><trkpt lat="52.510006870269756" lon="13.384141015160798"><time>2023-07-11T09:47:42.000Z</time></trkpt><trkpt lat="52.5100185492676" lon="13.384131388014454"><time>2023-07-11T09:47:43.000Z</time></trkpt><trkpt lat="52.51003069430261" lon="13.38412193286395"><time>2023-07-11T09:47:44.000Z</time></trkpt><trkpt lat="52.51004322290232" lon="13.384112646331475"><time>2023-07-11T09:47:45.000Z</time></trkpt><trkpt lat="52.51005601226043" lon="13.384103232875537"><time>2023-07-11T09:47:46.000Z</time></trkpt><trkpt lat="52.51006913625502" lon="13.384093987810054"><time>2023-07-11T09:47:47.000Z</time></trkpt><trkpt lat="52.51008262138685" lon="13.384085135196015"><time>2023-07-11T09:47:48.000Z</time></trkpt><trkpt lat="52.51009635798169" lon="13.384076832783522"><time>2023-07-11T09:47:49.000Z</time></trkpt><trkpt lat="52.51011035708066" lon="13.384069079737078"><time>2023-07-11T09:47:50.000Z</time></trkpt><trkpt lat="52.51012456298567" lon="13.384061782000355"><time>2023-07-11T09:47:51.000Z</time></trkpt><trkpt lat="52.51013863636559" lon="13.384055032658654"><time>2023-07-11T09:47:52.000Z</time></trkpt><trkpt lat="52.51015255322066" lon="13.384048403466267"><time>2023-07-11T09:47:53.000Z</time></trkpt><trkpt lat="52.510166614906105" lon="13.384041698251485"><time>2023-07-11T09:47:54.000Z</time></trkpt><trkpt lat="52.510180766230974" lon="13.384034939896333"><time>2023-07-11T09:47:55.000Z</time></trkpt><trkpt lat="52.51019499797678" lon="13.384028062930868"><time>2023-07-11T09:47:56.000Z</time></trkpt><trkpt lat="52.510209324164606" lon="13.384021018829799"><time>2023-07-11T09:47:57.000Z</time></trkpt><trkpt lat="52.510223773934506" lon="13.384013763978567"><time>2023-07-11T09:47:58.000Z</time></trkpt><trkpt lat="52.51023834591853" lon="13.384006032320531"><time>2023-07-11T09:47:59.000Z</time></trkpt><trkpt lat="52.51025307797722" lon="13.383997638383148"><time>2023-07-11T09:48:00.000Z</time></trkpt><trkpt lat="52.510268034667064" lon="13.383988519705717"><time>2023-07-11T09:48:01.000Z</time></trkpt><trkpt lat="52.51028294876069" lon="13.383979020775007"><time>2023-07-11T09:48:02.000Z</time></trkpt><trkpt lat="52.51029824512148" lon="13.383968893519373"><time>2023-07-11T09:48:03.000Z</time></trkpt><trkpt lat="52.51031397799266" lon="13.383958673316034"><time>2023-07-11T09:48:04.000Z</time></trkpt><trkpt lat="52.510330123113775" lon="13.383948606505022"><time>2023-07-11T09:48:05.000Z</time></trkpt><trkpt lat="52.510346645522056" lon="13.383938968211085"><time>2023-07-11T09:48:06.000Z</time></trkpt><trkpt lat="52.51036348574527" lon="13.383930125579282"><time>2023-07-11T09:48:07.000Z</time></trkpt><trkpt lat="52.51038047807824" lon="13.383922425722751"><time>2023-07-11T09:48:08.000Z</time></trkpt><trkpt lat="52.51039745186533" lon="13.3839157327375"><time>2023-07-11T09:48:09.000Z</time></trkpt><trkpt lat="52.51041399683616" lon="13.383910090670538"><time>2023-07-11T09:48:10.000Z</time></trkpt><trkpt lat="52.51043007786298" lon="13.383905178986266"><time>2023-07-11T09:48:11.000Z</time></trkpt><trkpt lat="52.51044560579116" lon="13.383900724591836"><time>2023-07-11T09:48:12.000Z</time></trkpt><trkpt lat="52.510460845264674" lon="13.38389628706986"><time>2023-07-11T09:48:13.000Z</time></trkpt><trkpt lat="52.51047569250944" lon="13.383892022207663"><time>2023-07-11T09:48:14.000Z</time></trkpt><trkpt lat="52.510490047265414" lon="13.38388780799515"><time>2023-07-11T09:48:15.000Z</time></trkpt><trkpt lat="52.510503895074976" lon="13.383883567029947"><time>2023-07-11T09:48:16.000Z</time></trkpt><trkpt lat="52.51051695227984" lon="13.383879346724406"><time>2023-07-11T09:48:17.000Z</time></trkpt><trkpt lat="52.51052917007281" lon="13.38387501367369"><time>2023-07-11T09:48:18.000Z</time></trkpt><trkpt lat="52.51054063549512" lon="13.383870164983215"><time>2023-07-11T09:48:19.000Z</time></trkpt><trkpt lat="52.51055122437332" lon="13.383864963079219"><time>2023-07-11T09:48:20.000Z</time></trkpt><trkpt lat="52.51056123212475" lon="13.383859213613142"><time>2023-07-11T09:48:21.000Z</time></trkpt><trkpt lat="52.51057071828855" lon="13.383853224134828"><time>2023-07-11T09:48:22.000Z</time></trkpt><trkpt lat="52.51057952569868" lon="13.383847383836173"><time>2023-07-11T09:48:23.000Z</time></trkpt><trkpt lat="52.51058770382846" lon="13.383841846264842"><time>2023-07-11T09:48:24.000Z</time></trkpt><trkpt lat="52.510595354699625" lon="13.383836679301078"><time>2023-07-11T09:48:25.000Z</time></trkpt><trkpt lat="52.51060233779183" lon="13.383831993835264"><time>2023-07-11T09:48:26.000Z</time></trkpt><trkpt lat="52.510608709485034" lon="13.383827782047433"><time>2023-07-11T09:48:27.000Z</time></trkpt><trkpt lat="52.51061484728893" lon="13.383824205151164"><time>2023-07-11T09:48:28.000Z</time></trkpt><trkpt lat="52.51062086411901" lon="13.383821345415614"><time>2023-07-11T09:48:29.000Z</time></trkpt><trkpt lat="52.51062696668621" lon="13.383819508649946"><time>2023-07-11T09:48:30.000Z</time></trkpt><trkpt lat="52.51063310535849" lon="13.383818369383526"><time>2023-07-11T09:48:31.000Z</time></trkpt><trkpt lat="52.510639340792366" lon="13.383818128540259"><time>2023-07-11T09:48:32.000Z</time></trkpt><trkpt lat="52.510645729691504" lon="13.38381815325949"><time>2023-07-11T09:48:33.000Z</time></trkpt><trkpt lat="52.51065249181131" lon="13.383818255325645"><time>2023-07-11T09:48:34.000Z</time></trkpt><trkpt lat="52.51065962296857" lon="13.383818574275265"><time>2023-07-11T09:48:35.000Z</time></trkpt><trkpt lat="52.510667053947365" lon="13.383819092596042"><time>2023-07-11T09:48:36.000Z</time></trkpt><trkpt lat="52.510674976098365" lon="13.383819643516112"><time>2023-07-11T09:48:37.000Z</time></trkpt><trkpt lat="52.510683344557926" lon="13.383820013074027"><time>2023-07-11T09:48:38.000Z</time></trkpt><trkpt lat="52.510692114518385" lon="13.383819815542632"><time>2023-07-11T09:48:39.000Z</time></trkpt><trkpt lat="52.51070128444217" lon="13.383818759162255"><time>2023-07-11T09:48:40.000Z</time></trkpt><trkpt lat="52.51071066978877" lon="13.38381640112438"><time>2023-07-11T09:48:41.000Z</time></trkpt><trkpt lat="52.510720577090275" lon="13.383813004204368"><time>2023-07-11T09:48:42.000Z</time></trkpt><trkpt lat="52.51073078437516" lon="13.383808697972825"><time>2023-07-11T09:48:43.000Z</time></trkpt><trkpt lat="52.51074121939593" lon="13.383804028884645"><time>2023-07-11T09:48:44.000Z</time></trkpt><trkpt lat="52.51075183545254" lon="13.383798839085523"><time>2023-07-11T09:48:45.000Z</time></trkpt><trkpt lat="52.510762644229324" lon="13.383793052146503"><time>2023-07-11T09:48:46.000Z</time></trkpt><trkpt lat="52.510773535512435" lon="13.38378649710158"><time>2023-07-11T09:48:47.000Z</time></trkpt><trkpt lat="52.51078427297548" lon="13.383779424175685"><time>2023-07-11T09:48:48.000Z</time></trkpt><trkpt lat="52.510794960022125" lon="13.383772062858968"><time>2023-07-11T09:48:49.000Z</time></trkpt><trkpt lat="52.51080565432092" lon="13.38376453657307"><time>2023-07-11T09:48:50.000Z</time></trkpt><trkpt lat="52.510816370071105" lon="13.38375691406314"><time>2023-07-11T09:48:51.000Z</time></trkpt><trkpt lat="52.51082711827228" lon="13.383749368070385"><time>2023-07-11T09:48:52.000Z</time></trkpt><trkpt lat="52.51083786547124" lon="13.38374181733438"><time>2023-07-11T09:48:53.000Z</time></trkpt><trkpt lat="52.51084879286565" lon="13.383733892570815"><time>2023-07-11T09:48:54.000Z</time></trkpt><trkpt lat="52.51085985968168" lon="13.383725713105003"><time>2023-07-11T09:48:55.000Z</time></trkpt><trkpt lat="52.51087110176918" lon="13.38371744979491"><time>2023-07-11T09:48:56.000Z</time></trkpt><trkpt lat="52.51088227541266" lon="13.383709317324337"><time>2023-07-11T09:48:57.000Z</time></trkpt><trkpt lat="52.51089353065363" lon="13.383701309148625"><time>2023-07-11T09:48:58.000Z</time></trkpt><trkpt lat="52.510905167195325" lon="13.383693218977351"><time>2023-07-11T09:48:59.000Z</time></trkpt><trkpt lat="52.51091713793308" lon="13.383684938828084"><time>2023-07-11T09:49:00.000Z</time></trkpt><trkpt lat="52.51092947218047" lon="13.383676464860201"><time>2023-07-11T09:49:01.000Z</time></trkpt><trkpt lat="52.51094219955614" lon="13.383667809884308"><time>2023-07-11T09:49:02.000Z</time></trkpt><trkpt lat="52.51095535090501" lon="13.38365890115226"><time>2023-07-11T09:49:03.000Z</time></trkpt><trkpt lat="52.51096893736361" lon="13.383649603046768"><time>2023-07-11T09:49:04.000Z</time></trkpt><trkpt lat="52.51098297329307" lon="13.383639906664332"><time>2023-07-11T09:49:05.000Z</time></trkpt><trkpt lat="52.510997334734704" lon="13.383629563768098"><time>2023-07-11T09:49:06.000Z</time></trkpt><trkpt lat="52.511011704131896" lon="13.383618875031475"><time>2023-07-11T09:49:07.000Z</time></trkpt><trkpt lat="52.511026306606034" lon="13.383607370215651"><time>2023-07-11T09:49:08.000Z</time></trkpt><trkpt lat="52.51104108073491" lon="13.383595153787176"><time>2023-07-11T09:49:09.000Z</time></trkpt><trkpt lat="52.51105593315578" lon="13.383582276448948"><time>2023-07-11T09:49:10.000Z</time></trkpt><trkpt lat="52.51107077074867" lon="13.383568706517089"><time>2023-07-11T09:49:11.000Z</time></trkpt><trkpt lat="52.5110854855594" lon="13.383554408909454"><time>2023-07-11T09:49:12.000Z</time></trkpt><trkpt lat="52.51109999289667" lon="13.38353934133314"><time>2023-07-11T09:49:13.000Z</time></trkpt><trkpt lat="52.51111397493619" lon="13.383523862134858"><time>2023-07-11T09:49:14.000Z</time></trkpt><trkpt lat="52.511127469121426" lon="13.383507921941346"><time>2023-07-11T09:49:15.000Z</time></trkpt><trkpt lat="52.511140590366125" lon="13.3834918260721"><time>2023-07-11T09:49:16.000Z</time></trkpt><trkpt lat="52.51115350415603" lon="13.383475881595608"><time>2023-07-11T09:49:17.000Z</time></trkpt><trkpt lat="52.511166547986456" lon="13.383459953110638"><time>2023-07-11T09:49:18.000Z</time></trkpt><trkpt lat="52.51117975618836" lon="13.383444710213098"><time>2023-07-11T09:49:19.000Z</time></trkpt><trkpt lat="52.5111931373398" lon="13.38343078951861"><time>2023-07-11T09:49:20.000Z</time></trkpt><trkpt lat="52.511206628375184" lon="13.383418728921846"><time>2023-07-11T09:49:21.000Z</time></trkpt><trkpt lat="52.511220186204966" lon="13.383408803630976"><time>2023-07-11T09:49:22.000Z</time></trkpt><trkpt lat="52.51123369387358" lon="13.383401250519514"><time>2023-07-11T09:49:23.000Z</time></trkpt><trkpt lat="52.51124715145573" lon="13.383396247514272"><time>2023-07-11T09:49:24.000Z</time></trkpt><trkpt lat="52.51126087807051" lon="13.383393313905497"><time>2023-07-11T09:49:25.000Z</time></trkpt><trkpt lat="52.511274643230564" lon="13.383392647354988"><time>2023-07-11T09:49:26.000Z</time></trkpt><trkpt lat="52.51128806552936" lon="13.383393971690584"><time>2023-07-11T09:49:27.000Z</time></trkpt><trkpt lat="52.51130091527632" lon="13.383397119566366"><time>2023-07-11T09:49:28.000Z</time></trkpt><trkpt lat="52.51131295356792" lon="13.383401816068222"><time>2023-07-11T09:49:29.000Z</time></trkpt><trkpt lat="52.511323970583845" lon="13.383407610753695"><time>2023-07-11T09:49:30.000Z</time></trkpt><trkpt lat="52.51133380939152" lon="13.383413837051824"><time>2023-07-11T09:49:31.000Z</time></trkpt><trkpt lat="52.51134246384065" lon="13.383419878370908"><time>2023-07-11T09:49:32.000Z</time></trkpt><trkpt lat="52.51134992186712" lon="13.38342561485889"><time>2023-07-11T09:49:33.000Z</time></trkpt><trkpt lat="52.511356400400224" lon="13.383431104580298"><time>2023-07-11T09:49:34.000Z</time></trkpt><trkpt lat="52.51136199510595" lon="13.383436398215025"><time>2023-07-11T09:49:35.000Z</time></trkpt><trkpt lat="52.511366603047485" lon="13.383441500943563"><time>2023-07-11T09:49:36.000Z</time></trkpt><trkpt lat="52.511370411610166" lon="13.383446847567155"><time>2023-07-11T09:49:37.000Z</time></trkpt><trkpt lat="52.51137377467355" lon="13.383452980693043"><time>2023-07-11T09:49:38.000Z</time></trkpt><trkpt lat="52.51137691478186" lon="13.383460192689467"><time>2023-07-11T09:49:39.000Z</time></trkpt><trkpt lat="52.511379935556675" lon="13.383468347073595"><time>2023-07-11T09:49:40.000Z</time></trkpt><trkpt lat="52.511382969715264" lon="13.383477905290682"><time>2023-07-11T09:49:41.000Z</time></trkpt><trkpt lat="52.51138609880531" lon="13.383489154057996"><time>2023-07-11T09:49:42.000Z</time></trkpt><trkpt lat="52.51138936398659" lon="13.383502300135161"><time>2023-07-11T09:49:43.000Z</time></trkpt><trkpt lat="52.5113928550736" lon="13.383517368711267"><time>2023-07-11T09:49:44.000Z</time></trkpt><trkpt lat="52.511396499208786" lon="13.383534718577943"><time>2023-07-11T09:49:45.000Z</time></trkpt><trkpt lat="52.51140013726835" lon="13.383554056114008"><time>2023-07-11T09:49:46.000Z</time></trkpt><trkpt lat="52.511403745821355" lon="13.383574923402875"><time>2023-07-11T09:49:47.000Z</time></trkpt><trkpt lat="52.51140788539289" lon="13.38359660153419"><time>2023-07-11T09:49:48.000Z</time></trkpt><trkpt lat="52.511412485241905" lon="13.383618730601462"><time>2023-07-11T09:49:49.000Z</time></trkpt><trkpt lat="52.51141748802357" lon="13.383641144983477"><time>2023-07-11T09:49:50.000Z</time></trkpt><trkpt lat="52.5114227996406" lon="13.383663750009584"><time>2023-07-11T09:49:51.000Z</time></trkpt><trkpt lat="52.51142862337701" lon="13.383685980607957"><time>2023-07-11T09:49:52.000Z</time></trkpt><trkpt lat="52.51143496128705" lon="13.3837077006026"><time>2023-07-11T09:49:53.000Z</time></trkpt><trkpt lat="52.511441918971876" lon="13.38372866577883"><time>2023-07-11T09:49:54.000Z</time></trkpt><trkpt lat="52.5114497533751" lon="13.38374898848645"><time>2023-07-11T09:49:55.000Z</time></trkpt><trkpt lat="52.51145847600057" lon="13.383767839331922"><time>2023-07-11T09:49:56.000Z</time></trkpt><trkpt lat="52.51146802976489" lon="13.383785485729016"><time>2023-07-11T09:49:57.000Z</time></trkpt><trkpt lat="52.51147841272587" lon="13.383802677566552"><time>2023-07-11T09:49:58.000Z</time></trkpt><trkpt lat="52.511488866141555" lon="13.383819410999427"><time>2023-07-11T09:49:59.000Z</time></trkpt><trkpt lat="52.51149939835345" lon="13.383835915959839"><time>2023-07-11T09:50:00.000Z</time></trkpt><trkpt lat="52.51150998468561" lon="13.38385231767508"><time>2023-07-11T09:50:01.000Z</time></trkpt><trkpt lat="52.51152081365635" lon="13.38386903572452"><time>2023-07-11T09:50:02.000Z</time></trkpt><trkpt lat="52.51153176220958" lon="13.383886256046798"><time>2023-07-11T09:50:03.000Z</time></trkpt><trkpt lat="52.51154282659786" lon="13.383903949881494"><time>2023-07-11T09:50:04.000Z</time></trkpt><trkpt lat="52.51155407228342" lon="13.383922076549815"><time>2023-07-11T09:50:05.000Z</time></trkpt><trkpt lat="52.51156501649159" lon="13.383940062427381"><time>2023-07-11T09:50:06.000Z</time></trkpt><trkpt lat="52.51157559087173" lon="13.383958247055393"><time>2023-07-11T09:50:07.000Z</time></trkpt><trkpt lat="52.51158586530584" lon="13.38397668922393"><time>2023-07-11T09:50:08.000Z</time></trkpt><trkpt lat="52.511596079531614" lon="13.383995092266732"><time>2023-07-11T09:50:09.000Z</time></trkpt><trkpt lat="52.5116061557115" lon="13.384014134077841"><time>2023-07-11T09:50:10.000Z</time></trkpt><trkpt lat="52.51161590746859" lon="13.38403378480834"><time>2023-07-11T09:50:11.000Z</time></trkpt><trkpt lat="52.51162524437836" lon="13.38405349771975"><time>2023-07-11T09:50:12.000Z</time></trkpt><trkpt lat="52.511633858887784" lon="13.384073544263998"><time>2023-07-11T09:50:13.000Z</time></trkpt><trkpt lat="52.51164139839968" lon="13.384094085308105"><time>2023-07-11T09:50:14.000Z</time></trkpt><trkpt lat="52.51164794916783" lon="13.384115167299308"><time>2023-07-11T09:50:15.000Z</time></trkpt><trkpt lat="52.511653411691626" lon="13.384136970690115"><time>2023-07-11T09:50:16.000Z</time></trkpt><trkpt lat="52.51165791546379" lon="13.384159838273597"><time>2023-07-11T09:50:17.000Z</time></trkpt><trkpt lat="52.51166144941624" lon="13.384183602063304"><time>2023-07-11T09:50:18.000Z</time></trkpt><trkpt lat="52.51166396135846" lon="13.384208038677782"><time>2023-07-11T09:50:19.000Z</time></trkpt><trkpt lat="52.51166522472489" lon="13.384233275503949"><time>2023-07-11T09:50:20.000Z</time></trkpt><trkpt lat="52.51166551006704" lon="13.384259018727567"><time>2023-07-11T09:50:21.000Z</time></trkpt><trkpt lat="52.51166504541961" lon="13.384284627363089"><time>2023-07-11T09:50:22.000Z</time></trkpt><trkpt lat="52.511664110572035" lon="13.384310750644973"><time>2023-07-11T09:50:23.000Z</time></trkpt><trkpt lat="52.51166306723492" lon="13.384337137991588"><time>2023-07-11T09:50:24.000Z</time></trkpt><trkpt lat="52.51166227969605" lon="13.384363682006056"><time>2023-07-11T09:50:25.000Z</time></trkpt><trkpt lat="52.511661643400096" lon="13.384390298181835"><time>2023-07-11T09:50:26.000Z</time></trkpt><trkpt lat="52.51166113215222" lon="13.384416897036443"><time>2023-07-11T09:50:27.000Z</time></trkpt><trkpt lat="52.51166077685336" lon="13.384443393879236"><time>2023-07-11T09:50:28.000Z</time></trkpt><trkpt lat="52.51166063969142" lon="13.384469703065799"><time>2023-07-11T09:50:29.000Z</time></trkpt><trkpt lat="52.51166070814167" lon="13.384495805740757"><time>2023-07-11T09:50:30.000Z</time></trkpt><trkpt lat="52.51166107518089" lon="13.38452164275797"><time>2023-07-11T09:50:31.000Z</time></trkpt><trkpt lat="52.51166167242111" lon="13.384547126808412"><time>2023-07-11T09:50:32.000Z</time></trkpt><trkpt lat="52.51166246149135" lon="13.384572271219207"><time>2023-07-11T09:50:33.000Z</time></trkpt><trkpt lat="52.51166324304176" lon="13.384596996096656"><time>2023-07-11T09:50:34.000Z</time></trkpt><trkpt lat="52.511664142207565" lon="13.38462127025549"><time>2023-07-11T09:50:35.000Z</time></trkpt><trkpt lat="52.511665206622574" lon="13.384645055013301"><time>2023-07-11T09:50:36.000Z</time></trkpt><trkpt lat="52.51166652471932" lon="13.384668330762956"><time>2023-07-11T09:50:37.000Z</time></trkpt><trkpt lat="52.51166820424032" lon="13.38469106781248"><time>2023-07-11T09:50:38.000Z</time></trkpt><trkpt lat="52.51167032734333" lon="13.384713287778816"><time>2023-07-11T09:50:39.000Z</time></trkpt><trkpt lat="52.51167281469675" lon="13.38473509294738"><time>2023-07-11T09:50:40.000Z</time></trkpt><trkpt lat="52.51167571912607" lon="13.384756532187703"><time>2023-07-11T09:50:41.000Z</time></trkpt><trkpt lat="52.5116789138153" lon="13.38477726896179"><time>2023-07-11T09:50:42.000Z</time></trkpt><trkpt lat="52.511682503979614" lon="13.384797414131258"><time>2023-07-11T09:50:43.000Z</time></trkpt><trkpt lat="52.51168645068779" lon="13.384817530611103"><time>2023-07-11T09:50:44.000Z</time></trkpt><trkpt lat="52.51169075639248" lon="13.384837551249188"><time>2023-07-11T09:50:45.000Z</time></trkpt><trkpt lat="52.51169534946868" lon="13.384857395622515"><time>2023-07-11T09:50:46.000Z</time></trkpt><trkpt lat="52.511700192479154" lon="13.384877042778959"><time>2023-07-11T09:50:47.000Z</time></trkpt><trkpt lat="52.51170529476144" lon="13.38489648609587"><time>2023-07-11T09:50:48.000Z</time></trkpt><trkpt lat="52.51171050266975" lon="13.384915842760911"><time>2023-07-11T09:50:49.000Z</time></trkpt><trkpt lat="52.511715863178026" lon="13.384935057619424"><time>2023-07-11T09:50:50.000Z</time></trkpt><trkpt lat="52.51172127808047" lon="13.384953733931228"><time>2023-07-11T09:50:51.000Z</time></trkpt><trkpt lat="52.5117267549467" lon="13.3849720935423"><time>2023-07-11T09:50:52.000Z</time></trkpt><trkpt lat="52.51173232388087" lon="13.384990700288155"><time>2023-07-11T09:50:53.000Z</time></trkpt><trkpt lat="52.51173801969326" lon="13.385009424651246"><time>2023-07-11T09:50:54.000Z</time></trkpt><trkpt lat="52.511743814047605" lon="13.385028328291252"><time>2023-07-11T09:50:55.000Z</time></trkpt><trkpt lat="52.51174985236021" lon="13.385047371185891"><time>2023-07-11T09:50:56.000Z</time></trkpt><trkpt lat="52.511755888743075" lon="13.385066213549766"><time>2023-07-11T09:50:57.000Z</time></trkpt><trkpt lat="52.511761998419246" lon="13.385084897686012"><time>2023-07-11T09:50:58.000Z</time></trkpt><trkpt lat="52.511768061109" lon="13.385103084494512"><time>2023-07-11T09:50:59.000Z</time></trkpt><trkpt lat="52.51177423212644" lon="13.385120774200283"><time>2023-07-11T09:51:00.000Z</time></trkpt><trkpt lat="52.51178046026461" lon="13.38513811677693"><time>2023-07-11T09:51:01.000Z</time></trkpt><trkpt lat="52.51178693654425" lon="13.385155474225133"><time>2023-07-11T09:51:02.000Z</time></trkpt><trkpt lat="52.511793735316935" lon="13.385172604130348"><time>2023-07-11T09:51:03.000Z</time></trkpt><trkpt lat="52.51180086318117" lon="13.385189472423"><time>2023-07-11T09:51:04.000Z</time></trkpt><trkpt lat="52.51180822283998" lon="13.385206163699133"><time>2023-07-11T09:51:05.000Z</time></trkpt><trkpt lat="52.51181585100853" lon="13.385222587369078"><time>2023-07-11T09:51:06.000Z</time></trkpt><trkpt lat="52.5118235905301" lon="13.385238789551028"><time>2023-07-11T09:51:07.000Z</time></trkpt><trkpt lat="52.51183140881055" lon="13.38525479263414"><time>2023-07-11T09:51:08.000Z</time></trkpt><trkpt lat="52.51183919153371" lon="13.38527068640006"><time>2023-07-11T09:51:09.000Z</time></trkpt><trkpt lat="52.511846885973746" lon="13.385286996293395"><time>2023-07-11T09:51:10.000Z</time></trkpt><trkpt lat="52.51185422475387" lon="13.385303821413531"><time>2023-07-11T09:51:11.000Z</time></trkpt><trkpt lat="52.511860971597486" lon="13.385321299726371"><time>2023-07-11T09:51:12.000Z</time></trkpt><trkpt lat="52.511867005627295" lon="13.38533942054362"><time>2023-07-11T09:51:13.000Z</time></trkpt><trkpt lat="52.51187225012621" lon="13.385358167664078"><time>2023-07-11T09:51:14.000Z</time></trkpt><trkpt lat="52.51187673087827" lon="13.385377444514683"><time>2023-07-11T09:51:15.000Z</time></trkpt><trkpt lat="52.511880402465756" lon="13.385397209283248"><time>2023-07-11T09:51:16.000Z</time></trkpt><trkpt lat="52.51188330688262" lon="13.385416973785885"><time>2023-07-11T09:51:17.000Z</time></trkpt><trkpt lat="52.51188550579384" lon="13.385436782841822"><time>2023-07-11T09:51:18.000Z</time></trkpt><trkpt lat="52.51188713988471" lon="13.385457017936135"><time>2023-07-11T09:51:19.000Z</time></trkpt><trkpt lat="52.51188805987942" lon="13.385477428604815"><time>2023-07-11T09:51:20.000Z</time></trkpt><trkpt lat="52.51188839620443" lon="13.385497977157572"><time>2023-07-11T09:51:21.000Z</time></trkpt><trkpt lat="52.51188816876734" lon="13.385518602543295"><time>2023-07-11T09:51:22.000Z</time></trkpt><trkpt lat="52.51188745254223" lon="13.385539146421841"><time>2023-07-11T09:51:23.000Z</time></trkpt><trkpt lat="52.51188635969136" lon="13.38555975557568"><time>2023-07-11T09:51:24.000Z</time></trkpt><trkpt lat="52.51188499981233" lon="13.385580064015198"><time>2023-07-11T09:51:25.000Z</time></trkpt><trkpt lat="52.511883761657195" lon="13.385600384083988"><time>2023-07-11T09:51:26.000Z</time></trkpt><trkpt lat="52.51188289679121" lon="13.38562085237739"><time>2023-07-11T09:51:27.000Z</time></trkpt><trkpt lat="52.51188248740944" lon="13.3856419907602"><time>2023-07-11T09:51:28.000Z</time></trkpt><trkpt lat="52.51188235956011" lon="13.385663838436459"><time>2023-07-11T09:51:29.000Z</time></trkpt><trkpt lat="52.51188238170871" lon="13.38568643338284"><time>2023-07-11T09:51:30.000Z</time></trkpt><trkpt lat="52.51188220712199" lon="13.385709893978571"><time>2023-07-11T09:51:31.000Z</time></trkpt><trkpt lat="52.51188154798024" lon="13.38573397461796"><time>2023-07-11T09:51:32.000Z</time></trkpt><trkpt lat="52.51188060238828" lon="13.385758120696284"><time>2023-07-11T09:51:33.000Z</time></trkpt><trkpt lat="52.51187948889526" lon="13.385782436764474"><time>2023-07-11T09:51:34.000Z</time></trkpt><trkpt lat="52.51187816732495" lon="13.385806813791724"><time>2023-07-11T09:51:35.000Z</time></trkpt><trkpt lat="52.51187677778996" lon="13.38583168249062"><time>2023-07-11T09:51:36.000Z</time></trkpt><trkpt lat="52.51187518630309" lon="13.38585674051036"><time>2023-07-11T09:51:37.000Z</time></trkpt><trkpt lat="52.51187338482161" lon="13.385881813360742"><time>2023-07-11T09:51:38.000Z</time></trkpt><trkpt lat="52.511871455802066" lon="13.385906743448276"><time>2023-07-11T09:51:39.000Z</time></trkpt><trkpt lat="52.51186975534011" lon="13.385931272351549"><time>2023-07-11T09:51:40.000Z</time></trkpt><trkpt lat="52.51186860520667" lon="13.385955206832385"><time>2023-07-11T09:51:41.000Z</time></trkpt><trkpt lat="52.51186831763596" lon="13.385978187764179"><time>2023-07-11T09:51:42.000Z</time></trkpt><trkpt lat="52.51186932727085" lon="13.386000341677892"><time>2023-07-11T09:51:43.000Z</time></trkpt><trkpt lat="52.511871550870474" lon="13.386022242243296"><time>2023-07-11T09:51:44.000Z</time></trkpt><trkpt lat="52.51187493883392" lon="13.386043874670657"><time>2023-07-11T09:51:45.000Z</time></trkpt><trkpt lat="52.511879473009046" lon="13.386065287747677"><time>2023-07-11T09:51:46.000Z</time></trkpt><trkpt lat="52.511884897647406" lon="13.386086510092388"><time>2023-07-11T09:51:47.000Z</time></trkpt><trkpt lat="52.51189091001416" lon="13.386107598143063"><time>2023-07-11T09:51:48.000Z</time></trkpt><trkpt lat="52.51189733424024" lon="13.38612859810994"><time>2023-07-11T09:51:49.000Z</time></trkpt><trkpt lat="52.51190386079309" lon="13.386149635286388"><time>2023-07-11T09:51:50.000Z</time></trkpt><trkpt lat="52.51191020027184" lon="13.386170335121943"><time>2023-07-11T09:51:51.000Z</time></trkpt><trkpt lat="52.511915953951956" lon="13.386191021742881"><time>2023-07-11T09:51:52.000Z</time></trkpt><trkpt lat="52.51192125568365" lon="13.386212142932374"><time>2023-07-11T09:51:53.000Z</time></trkpt><trkpt lat="52.511925747043136" lon="13.386233725426491"><time>2023-07-11T09:51:54.000Z</time></trkpt><trkpt lat="52.511929327944635" lon="13.38625568024137"><time>2023-07-11T09:51:55.000Z</time></trkpt><trkpt lat="52.5119320684818" lon="13.386277904789864"><time>2023-07-11T09:51:56.000Z</time></trkpt><trkpt lat="52.51193393906092" lon="13.386300339606207"><time>2023-07-11T09:51:57.000Z</time></trkpt><trkpt lat="52.51193496267718" lon="13.386322900677355"><time>2023-07-11T09:51:58.000Z</time></trkpt><trkpt lat="52.51193524000152" lon="13.386345530010374"><time>2023-07-11T09:51:59.000Z</time></trkpt><trkpt lat="52.51193497592401" lon="13.386368239940275"><time>2023-07-11T09:52:00.000Z</time></trkpt><trkpt lat="52.51193430883914" lon="13.386390483328801"><time>2023-07-11T09:52:01.000Z</time></trkpt><trkpt lat="52.51193354145686" lon="13.386412829631768"><time>2023-07-11T09:52:02.000Z</time></trkpt><trkpt lat="52.511932981716114" lon="13.38643510284523"><time>2023-07-11T09:52:03.000Z</time></trkpt><trkpt lat="52.511932695925765" lon="13.386457230595642"><time>2023-07-11T09:52:04.000Z</time></trkpt><trkpt lat="52.51193278536675" lon="13.38647920218449"><time>2023-07-11T09:52:05.000Z</time></trkpt><trkpt lat="52.51193311676156" lon="13.386501031358243"><time>2023-07-11T09:52:06.000Z</time></trkpt><trkpt lat="52.51193352240832" lon="13.386522657382857"><time>2023-07-11T09:52:07.000Z</time></trkpt><trkpt lat="52.511933908583245" lon="13.38654401109639"><time>2023-07-11T09:52:08.000Z</time></trkpt><trkpt lat="52.511934287039146" lon="13.3865650560666"><time>2023-07-11T09:52:09.000Z</time></trkpt><trkpt lat="52.511934697292425" lon="13.386585349542509"><time>2023-07-11T09:52:10.000Z</time></trkpt><trkpt lat="52.51193479473879" lon="13.386604933581777"><time>2023-07-11T09:52:11.000Z</time></trkpt><trkpt lat="52.51193456484905" lon="13.386624382958798"><time>2023-07-11T09:52:12.000Z</time></trkpt><trkpt lat="52.51193409218379" lon="13.386643737235595"><time>2023-07-11T09:52:13.000Z</time></trkpt><trkpt lat="52.51193343620435" lon="13.386663038162983"><time>2023-07-11T09:52:14.000Z</time></trkpt><trkpt lat="52.511932530701486" lon="13.386682346127257"><time>2023-07-11T09:52:15.000Z</time></trkpt><trkpt lat="52.51193158833409" lon="13.386701622548285"><time>2023-07-11T09:52:16.000Z</time></trkpt><trkpt lat="52.51193095116664" lon="13.386720813647083"><time>2023-07-11T09:52:17.000Z</time></trkpt><trkpt lat="52.51193031929045" lon="13.38674009823008"><time>2023-07-11T09:52:18.000Z</time></trkpt><trkpt lat="52.51192985092046" lon="13.386759086118373"><time>2023-07-11T09:52:19.000Z</time></trkpt><trkpt lat="52.51192951325084" lon="13.386777943517455"><time>2023-07-11T09:52:20.000Z</time></trkpt><trkpt lat="52.51192932047463" lon="13.386797225318428"><time>2023-07-11T09:52:21.000Z</time></trkpt><trkpt lat="52.51192941839409" lon="13.386816937699022"><time>2023-07-11T09:52:22.000Z</time></trkpt><trkpt lat="52.511930149521895" lon="13.386836917931271"><time>2023-07-11T09:52:23.000Z</time></trkpt><trkpt lat="52.511931452018764" lon="13.386856918558216"><time>2023-07-11T09:52:24.000Z</time></trkpt><trkpt lat="52.51193332131554" lon="13.386876757950489"><time>2023-07-11T09:52:25.000Z</time></trkpt><trkpt lat="52.511935606679735" lon="13.386896023161597"><time>2023-07-11T09:52:26.000Z</time></trkpt><trkpt lat="52.511938319913995" lon="13.386914675345478"><time>2023-07-11T09:52:27.000Z</time></trkpt><trkpt lat="52.511941269014" lon="13.386932829465193"><time>2023-07-11T09:52:28.000Z</time></trkpt><trkpt lat="52.511944772563474" lon="13.386950357874923"><time>2023-07-11T09:52:29.000Z</time></trkpt><trkpt lat="52.51194781511338" lon="13.38696694246247"><time>2023-07-11T09:52:30.000Z</time></trkpt><trkpt lat="52.511950391397356" lon="13.386981067495105"><time>2023-07-11T09:52:31.000Z</time></trkpt><trkpt lat="52.511952536785905" lon="13.386992141056256"><time>2023-07-11T09:52:32.000Z</time></trkpt><trkpt lat="52.51195422494723" lon="13.386999903353955"><time>2023-07-11T09:52:33.000Z</time></trkpt><trkpt lat="52.51195508520671" lon="13.387004325483785"><time>2023-07-11T09:52:34.000Z</time></trkpt><trkpt lat="52.511954875809714" lon="13.387005355282792"><time>2023-07-11T09:52:35.000Z</time></trkpt><trkpt lat="52.51195332837103" lon="13.387003125060778"><time>2023-07-11T09:52:36.000Z</time></trkpt><trkpt lat="52.51195037904691" lon="13.386998160620323"><time>2023-07-11T09:52:37.000Z</time></trkpt><trkpt lat="52.51194579992719" lon="13.386990550433893"><time>2023-07-11T09:52:38.000Z</time></trkpt><trkpt lat="52.51193985634682" lon="13.38698048952957"><time>2023-07-11T09:52:39.000Z</time></trkpt><trkpt lat="52.51193255113197" lon="13.386967874031477"><time>2023-07-11T09:52:40.000Z</time></trkpt><trkpt lat="52.51192499043012" lon="13.386953209490695"><time>2023-07-11T09:52:41.000Z</time></trkpt><trkpt lat="52.511917488903244" lon="13.38693759288394"><time>2023-07-11T09:52:42.000Z</time></trkpt><trkpt lat="52.51191026729032" lon="13.386921398373012"><time>2023-07-11T09:52:43.000Z</time></trkpt><trkpt lat="52.51190390230146" lon="13.386904903117083"><time>2023-07-11T09:52:44.000Z</time></trkpt><trkpt lat="52.51189878890131" lon="13.386888564759136"><time>2023-07-11T09:52:45.000Z</time></trkpt><trkpt lat="52.511895099921134" lon="13.386872829057195"><time>2023-07-11T09:52:46.000Z</time></trkpt><trkpt lat="52.511893062013655" lon="13.386857887418616"><time>2023-07-11T09:52:47.000Z</time></trkpt><trkpt lat="52.511892931711685" lon="13.386843636151632"><time>2023-07-11T09:52:48.000Z</time></trkpt><trkpt lat="52.51189478197236" lon="13.386829936461863"><time>2023-07-11T09:52:49.000Z</time></trkpt><trkpt lat="52.51189816448269" lon="13.386816703395299"><time>2023-07-11T09:52:50.000Z</time></trkpt><trkpt lat="52.51190318154454" lon="13.386803798873522"><time>2023-07-11T09:52:51.000Z</time></trkpt><trkpt lat="52.511909744501274" lon="13.386791421258959"><time>2023-07-11T09:52:52.000Z</time></trkpt><trkpt lat="52.5119175570796" lon="13.386779718223908"><time>2023-07-11T09:52:53.000Z</time></trkpt><trkpt lat="52.51192627524795" lon="13.3867688188052"><time>2023-07-11T09:52:54.000Z</time></trkpt><trkpt lat="52.51193530079501" lon="13.386758649606492"><time>2023-07-11T09:52:55.000Z</time></trkpt><trkpt lat="52.51194421735452" lon="13.386748878891844"><time>2023-07-11T09:52:56.000Z</time></trkpt><trkpt lat="52.511952624608355" lon="13.386739065751327"><time>2023-07-11T09:52:57.000Z</time></trkpt><trkpt lat="52.511960419532556" lon="13.3867297782702"><time>2023-07-11T09:52:58.000Z</time></trkpt><trkpt lat="52.51196697538032" lon="13.386721419514684"><time>2023-07-11T09:52:59.000Z</time></trkpt><trkpt lat="52.51197236833336" lon="13.386714109132278"><time>2023-07-11T09:53:00.000Z</time></trkpt><trkpt lat="52.51197695281903" lon="13.38670751111173"><time>2023-07-11T09:53:01.000Z</time></trkpt><trkpt lat="52.511980805504614" lon="13.38670170901605"><time>2023-07-11T09:53:02.000Z</time></trkpt><trkpt lat="52.51198373268012" lon="13.386696804880062"><time>2023-07-11T09:53:03.000Z</time></trkpt><trkpt lat="52.51198602947345" lon="13.386692993445468"><time>2023-07-11T09:53:04.000Z</time></trkpt><trkpt lat="52.51198786452019" lon="13.386690315706215"><time>2023-07-11T09:53:05.000Z</time></trkpt><trkpt lat="52.51198936660342" lon="13.386688950775566"><time>2023-07-11T09:53:06.000Z</time></trkpt><trkpt lat="52.51199068072862" lon="13.386688824398023"><time>2023-07-11T09:53:07.000Z</time></trkpt><trkpt lat="52.51199210313169" lon="13.386690021138941"><time>2023-07-11T09:53:08.000Z</time></trkpt><trkpt lat="52.51199370709349" lon="13.386691629087592"><time>2023-07-11T09:53:09.000Z</time></trkpt><trkpt lat="52.51199592537696" lon="13.3866931547006"><time>2023-07-11T09:53:10.000Z</time></trkpt><trkpt lat="52.51199877516311" lon="13.386694382309713"><time>2023-07-11T09:53:11.000Z</time></trkpt><trkpt lat="52.512002236469655" lon="13.386695339060127"><time>2023-07-11T09:53:12.000Z</time></trkpt><trkpt lat="52.5120062851809" lon="13.386696003759361"><time>2023-07-11T09:53:13.000Z</time></trkpt><trkpt lat="52.512011146779265" lon="13.386696326003685"><time>2023-07-11T09:53:14.000Z</time></trkpt><trkpt lat="52.51201661028661" lon="13.38669606795048"><time>2023-07-11T09:53:15.000Z</time></trkpt><trkpt lat="52.51202255883454" lon="13.386695063455619"><time>2023-07-11T09:53:16.000Z</time></trkpt><trkpt lat="52.512028953168105" lon="13.386693098732815"><time>2023-07-11T09:53:17.000Z</time></trkpt><trkpt lat="52.512035814825865" lon="13.386690512677625"><time>2023-07-11T09:53:18.000Z</time></trkpt><trkpt lat="52.512042898156345" lon="13.386687443307085"><time>2023-07-11T09:53:19.000Z</time></trkpt><trkpt lat="52.51205017444979" lon="13.386684851115076"><time>2023-07-11T09:53:20.000Z</time></trkpt><trkpt lat="52.51205779096511" lon="13.386683130289883"><time>2023-07-11T09:53:21.000Z</time></trkpt><trkpt lat="52.512066114106574" lon="13.386681543942835"><time>2023-07-11T09:53:22.000Z</time></trkpt><trkpt lat="52.51207527930558" lon="13.386679522434006"><time>2023-07-11T09:53:23.000Z</time></trkpt><trkpt lat="52.51208549676836" lon="13.386677001244983"><time>2023-07-11T09:53:24.000Z</time></trkpt><trkpt lat="52.51209695684338" lon="13.386673742410414"><time>2023-07-11T09:53:25.000Z</time></trkpt><trkpt lat="52.51210987617355" lon="13.386669667808599"><time>2023-07-11T09:53:26.000Z</time></trkpt><trkpt lat="52.51212438217242" lon="13.386664771220898"><time>2023-07-11T09:53:27.000Z</time></trkpt><trkpt lat="52.51214001904455" lon="13.386659316039548"><time>2023-07-11T09:53:28.000Z</time></trkpt><trkpt lat="52.51215693327695" lon="13.38665303545615"><time>2023-07-11T09:53:29.000Z</time></trkpt><trkpt lat="52.51217532810384" lon="13.386645940394239"><time>2023-07-11T09:53:30.000Z</time></trkpt><trkpt lat="52.512195146802895" lon="13.386637495048218"><time>2023-07-11T09:53:31.000Z</time></trkpt><trkpt lat="52.512216333610446" lon="13.386627524641506"><time>2023-07-11T09:53:32.000Z</time></trkpt><trkpt lat="52.51223834642746" lon="13.38661704655628"><time>2023-07-11T09:53:33.000Z</time></trkpt><trkpt lat="52.512260867230445" lon="13.386606779925353"><time>2023-07-11T09:53:34.000Z</time></trkpt><trkpt lat="52.512283601775486" lon="13.386596952629242"><time>2023-07-11T09:53:35.000Z</time></trkpt><trkpt lat="52.51230615347944" lon="13.3865875425754"><time>2023-07-11T09:53:36.000Z</time></trkpt><trkpt lat="52.51232805539162" lon="13.386578535976442"><time>2023-07-11T09:53:37.000Z</time></trkpt><trkpt lat="52.51234899690876" lon="13.38657000663784"><time>2023-07-11T09:53:38.000Z</time></trkpt><trkpt lat="52.51236923443916" lon="13.386561629512782"><time>2023-07-11T09:53:39.000Z</time></trkpt><trkpt lat="52.51238835410659" lon="13.386553272905154"><time>2023-07-11T09:53:40.000Z</time></trkpt><trkpt lat="52.51240626730421" lon="13.386544930350839"><time>2023-07-11T09:53:41.000Z</time></trkpt><trkpt lat="52.51242292175436" lon="13.386536327963642"><time>2023-07-11T09:53:42.000Z</time></trkpt><trkpt lat="52.51243814467556" lon="13.386527524595648"><time>2023-07-11T09:53:43.000Z</time></trkpt><trkpt lat="52.51245193345333" lon="13.386518171348287"><time>2023-07-11T09:53:44.000Z</time></trkpt><trkpt lat="52.51246454338789" lon="13.38650838520977"><time>2023-07-11T09:53:45.000Z</time></trkpt><trkpt lat="52.51247623329041" lon="13.386498589497817"><time>2023-07-11T09:53:46.000Z</time></trkpt><trkpt lat="52.51248728116995" lon="13.386489375290301"><time>2023-07-11T09:53:47.000Z</time></trkpt><trkpt lat="52.512497983660865" lon="13.386481463111046"><time>2023-07-11T09:53:48.000Z</time></trkpt><trkpt lat="52.512508578284745" lon="13.386475057827504"><time>2023-07-11T09:53:49.000Z</time></trkpt><trkpt lat="52.51251901123259" lon="13.386470138063087"><time>2023-07-11T09:53:50.000Z</time></trkpt><trkpt lat="52.512529615517685" lon="13.38646688751322"><time>2023-07-11T09:53:51.000Z</time></trkpt><trkpt lat="52.51254082360417" lon="13.386465303641353"><time>2023-07-11T09:53:52.000Z</time></trkpt><trkpt lat="52.51255231893766" lon="13.386465213143742"><time>2023-07-11T09:53:53.000Z</time></trkpt><trkpt lat="52.51256436989093" lon="13.386466080194332"><time>2023-07-11T09:53:54.000Z</time></trkpt><trkpt lat="52.512577048773736" lon="13.3864681438631"><time>2023-07-11T09:53:55.000Z</time></trkpt><trkpt lat="52.512590193461826" lon="13.386471204130688"><time>2023-07-11T09:53:56.000Z</time></trkpt><trkpt lat="52.51260360024787" lon="13.386474761685115"><time>2023-07-11T09:53:57.000Z</time></trkpt><trkpt lat="52.512616864680325" lon="13.38647844760132"><time>2023-07-11T09:53:58.000Z</time></trkpt><trkpt lat="52.51262996347762" lon="13.386481677572391"><time>2023-07-11T09:53:59.000Z</time></trkpt><trkpt lat="52.51264281175549" lon="13.386484102822488"><time>2023-07-11T09:54:00.000Z</time></trkpt><trkpt lat="52.51265558117489" lon="13.38648568800354"><time>2023-07-11T09:54:01.000Z</time></trkpt><trkpt lat="52.512668016759285" lon="13.386486212599216"><time>2023-07-11T09:54:02.000Z</time></trkpt><trkpt lat="52.512679714256315" lon="13.386485791143"><time>2023-07-11T09:54:03.000Z</time></trkpt><trkpt lat="52.51269100949298" lon="13.386484899299665"><time>2023-07-11T09:54:04.000Z</time></trkpt><trkpt lat="52.51270160827517" lon="13.386483818196858"><time>2023-07-11T09:54:05.000Z</time></trkpt><trkpt lat="52.51271149352146" lon="13.386482910090956"><time>2023-07-11T09:54:06.000Z</time></trkpt><trkpt lat="52.5127205607512" lon="13.386482454534484"><time>2023-07-11T09:54:07.000Z</time></trkpt><trkpt lat="52.51272852899221" lon="13.38648238991379"><time>2023-07-11T09:54:08.000Z</time></trkpt><trkpt lat="52.51273554766971" lon="13.386482547834577"><time>2023-07-11T09:54:09.000Z</time></trkpt><trkpt lat="52.512741580205514" lon="13.386482899596995"><time>2023-07-11T09:54:10.000Z</time></trkpt><trkpt lat="52.51274688020667" lon="13.386483449026327"><time>2023-07-11T09:54:11.000Z</time></trkpt><trkpt lat="52.51275164996119" lon="13.386484299937083"><time>2023-07-11T09:54:12.000Z</time></trkpt><trkpt lat="52.51275613276751" lon="13.386485478042529"><time>2023-07-11T09:54:13.000Z</time></trkpt><trkpt lat="52.51276050992289" lon="13.386486656086607"><time>2023-07-11T09:54:14.000Z</time></trkpt><trkpt lat="52.51276495166901" lon="13.386487535042624"><time>2023-07-11T09:54:15.000Z</time></trkpt><trkpt lat="52.51276954861717" lon="13.38648819106849"><time>2023-07-11T09:54:16.000Z</time></trkpt><trkpt lat="52.51277472825146" lon="13.386488051128579"><time>2023-07-11T09:54:17.000Z</time></trkpt><trkpt lat="52.51278070921926" lon="13.386486758264635"><time>2023-07-11T09:54:18.000Z</time></trkpt><trkpt lat="52.512787811361726" lon="13.38648454007078"><time>2023-07-11T09:54:19.000Z</time></trkpt><trkpt lat="52.51279625758414" lon="13.386481491258586"><time>2023-07-11T09:54:20.000Z</time></trkpt><trkpt lat="52.512806002717824" lon="13.386477782738433"><time>2023-07-11T09:54:21.000Z</time></trkpt><trkpt lat="52.51281676663716" lon="13.386473550563585"><time>2023-07-11T09:54:22.000Z</time></trkpt><trkpt lat="52.51282831174586" lon="13.386468838203164"><time>2023-07-11T09:54:23.000Z</time></trkpt><trkpt lat="52.51284040385892" lon="13.386463733065925"><time>2023-07-11T09:54:24.000Z</time></trkpt><trkpt lat="52.51285282943348" lon="13.386458472544449"><time>2023-07-11T09:54:25.000Z</time></trkpt><trkpt lat="52.51286541192819" lon="13.386453184591396"><time>2023-07-11T09:54:26.000Z</time></trkpt><trkpt lat="52.51287829561393" lon="13.386447934277493"><time>2023-07-11T09:54:27.000Z</time></trkpt><trkpt lat="52.512891103055715" lon="13.386443085720623"><time>2023-07-11T09:54:28.000Z</time></trkpt><trkpt lat="52.51290375255645" lon="13.386438739810076"><time>2023-07-11T09:54:29.000Z</time></trkpt><trkpt lat="52.512916238538544" lon="13.38643472727195"><time>2023-07-11T09:54:30.000Z</time></trkpt><trkpt lat="52.51292851767591" lon="13.38643109149355"><time>2023-07-11T09:54:31.000Z</time></trkpt><trkpt lat="52.512940670918596" lon="13.38642775766706"><time>2023-07-11T09:54:32.000Z</time></trkpt><trkpt lat="52.51295275436643" lon="13.386424686639582"><time>2023-07-11T09:54:33.000Z</time></trkpt><trkpt lat="52.5129648500402" lon="13.386422085508276"><time>2023-07-11T09:54:34.000Z</time></trkpt><trkpt lat="52.51297678655283" lon="13.386419997435427"><time>2023-07-11T09:54:35.000Z</time></trkpt><trkpt lat="52.51298866021772" lon="13.386418411558866"><time>2023-07-11T09:54:36.000Z</time></trkpt><trkpt lat="52.51300050128844" lon="13.386417248365888"><time>2023-07-11T09:54:37.000Z</time></trkpt><trkpt lat="52.51301233887316" lon="13.386416606352423"><time>2023-07-11T09:54:38.000Z</time></trkpt><trkpt lat="52.513024195357026" lon="13.386416250212404"><time>2023-07-11T09:54:39.000Z</time></trkpt><trkpt lat="52.51303609038618" lon="13.386416130626275"><time>2023-07-11T09:54:40.000Z</time></trkpt><trkpt lat="52.513047996197045" lon="13.386416498937647"><time>2023-07-11T09:54:41.000Z</time></trkpt><trkpt lat="52.513059695686074" lon="13.386417344243442"><time>2023-07-11T09:54:42.000Z</time></trkpt><trkpt lat="52.51307125702961" lon="13.386418685035938"><time>2023-07-11T09:54:43.000Z</time></trkpt><trkpt lat="52.51308278271627" lon="13.386420480014351"><time>2023-07-11T09:54:44.000Z</time></trkpt><trkpt lat="52.513094124067834" lon="13.386422495345448"><time>2023-07-11T09:54:45.000Z</time></trkpt><trkpt lat="52.51310555769901" lon="13.386424799086546"><time>2023-07-11T09:54:46.000Z</time></trkpt><trkpt lat="52.513117232935386" lon="13.38642734114075"><time>2023-07-11T09:54:47.000Z</time></trkpt><trkpt lat="52.51312932432634" lon="13.386430112159644"><time>2023-07-11T09:54:48.000Z</time></trkpt><trkpt lat="52.51314196720368" lon="13.386432764901594"><time>2023-07-11T09:54:49.000Z</time></trkpt><trkpt lat="52.513155237163936" lon="13.38643537617911"><time>2023-07-11T09:54:50.000Z</time></trkpt><trkpt lat="52.513169203279865" lon="13.386437944826191"><time>2023-07-11T09:54:51.000Z</time></trkpt><trkpt lat="52.51318398382673" lon="13.386440214651143"><time>2023-07-11T09:54:52.000Z</time></trkpt><trkpt lat="52.51319988953228" lon="13.386442300780669"><time>2023-07-11T09:54:53.000Z</time></trkpt><trkpt lat="52.513216565471176" lon="13.386444220991086"><time>2023-07-11T09:54:54.000Z</time></trkpt><trkpt lat="52.51323426716774" lon="13.386446258312448"><time>2023-07-11T09:54:55.000Z</time></trkpt><trkpt lat="52.51325337111078" lon="13.386448447765536"><time>2023-07-11T09:54:56.000Z</time></trkpt><trkpt lat="52.513274028393816" lon="13.386450795753092"><time>2023-07-11T09:54:57.000Z</time></trkpt><trkpt lat="52.51329619205535" lon="13.386453311214417"><time>2023-07-11T09:54:58.000Z</time></trkpt><trkpt lat="52.51331921529161" lon="13.386455892748819"><time>2023-07-11T09:54:59.000Z</time></trkpt><trkpt lat="52.51334313104537" lon="13.386458355474417"><time>2023-07-11T09:55:00.000Z</time></trkpt><trkpt lat="52.513367322641905" lon="13.386460640089098"><time>2023-07-11T09:55:01.000Z</time></trkpt><trkpt lat="52.51339177860231" lon="13.386462643473857"><time>2023-07-11T09:55:02.000Z</time></trkpt><trkpt lat="52.513415856081906" lon="13.386464416400635"><time>2023-07-11T09:55:03.000Z</time></trkpt><trkpt lat="52.51343912010167" lon="13.386465940745365"><time>2023-07-11T09:55:04.000Z</time></trkpt><trkpt lat="52.51346152245512" lon="13.386467258402059"><time>2023-07-11T09:55:05.000Z</time></trkpt><trkpt lat="52.513482413723956" lon="13.38646821059077"><time>2023-07-11T09:55:06.000Z</time></trkpt><trkpt lat="52.51350136485537" lon="13.386468798129744"><time>2023-07-11T09:55:07.000Z</time></trkpt><trkpt lat="52.51351805135187" lon="13.386468473512519"><time>2023-07-11T09:55:08.000Z</time></trkpt><trkpt lat="52.51353249679383" lon="13.38646718081222"><time>2023-07-11T09:55:09.000Z</time></trkpt><trkpt lat="52.51354533750209" lon="13.3864648537103"><time>2023-07-11T09:55:10.000Z</time></trkpt><trkpt lat="52.513556568646024" lon="13.38646175023951"><time>2023-07-11T09:55:11.000Z</time></trkpt><trkpt lat="52.51356685575425" lon="13.3864580438877"><time>2023-07-11T09:55:12.000Z</time></trkpt><trkpt lat="52.513576195091765" lon="13.386453894416702"><time>2023-07-11T09:55:13.000Z</time></trkpt><trkpt lat="52.51358512606842" lon="13.38644926406463"><time>2023-07-11T09:55:14.000Z</time></trkpt><trkpt lat="52.513593971164795" lon="13.386444129695679"><time>2023-07-11T09:55:15.000Z</time></trkpt><trkpt lat="52.51360301135308" lon="13.386438403430612"><time>2023-07-11T09:55:16.000Z</time></trkpt><trkpt lat="52.51361243557487" lon="13.38643200743412"><time>2023-07-11T09:55:17.000Z</time></trkpt><trkpt lat="52.51362241601405" lon="13.386425029544524"><time>2023-07-11T09:55:18.000Z</time></trkpt><trkpt lat="52.513633095049116" lon="13.386418094694482"><time>2023-07-11T09:55:19.000Z</time></trkpt><trkpt lat="52.51364431834954" lon="13.38641134292618"><time>2023-07-11T09:55:20.000Z</time></trkpt><trkpt lat="52.51365594428382" lon="13.386405027792495"><time>2023-07-11T09:55:21.000Z</time></trkpt><trkpt lat="52.51366754372443" lon="13.386399237581783"><time>2023-07-11T09:55:22.000Z</time></trkpt><trkpt lat="52.51367896136976" lon="13.386393703092285"><time>2023-07-11T09:55:23.000Z</time></trkpt><trkpt lat="52.51369005880042" lon="13.386388239687598"><time>2023-07-11T09:55:24.000Z</time></trkpt><trkpt lat="52.513700698418695" lon="13.38638265679906"><time>2023-07-11T09:55:25.000Z</time></trkpt><trkpt lat="52.51371085017025" lon="13.386377031259638"><time>2023-07-11T09:55:26.000Z</time></trkpt><trkpt lat="52.51372049719772" lon="13.386371432210813"><time>2023-07-11T09:55:27.000Z</time></trkpt><trkpt lat="52.51372976173548" lon="13.386366129161187"><time>2023-07-11T09:55:28.000Z</time></trkpt><trkpt lat="52.51373868842932" lon="13.38636122705035"><time>2023-07-11T09:55:29.000Z</time></trkpt><trkpt lat="52.51374729582979" lon="13.386356761103638"><time>2023-07-11T09:55:30.000Z</time></trkpt><trkpt lat="52.51375562793526" lon="13.386352586185302"><time>2023-07-11T09:55:31.000Z</time></trkpt><trkpt lat="52.51376340287716" lon="13.386348789458616"><time>2023-07-11T09:55:32.000Z</time></trkpt><trkpt lat="52.51377089438176" lon="13.386345549893655"><time>2023-07-11T09:55:33.000Z</time></trkpt><trkpt lat="52.51377801407876" lon="13.386342953487697"><time>2023-07-11T09:55:34.000Z</time></trkpt><trkpt lat="52.51378499702468" lon="13.386340982587164"><time>2023-07-11T09:55:35.000Z</time></trkpt><trkpt lat="52.51379209764825" lon="13.386339822667155"><time>2023-07-11T09:55:36.000Z</time></trkpt><trkpt lat="52.513799482032816" lon="13.386339153631235"><time>2023-07-11T09:55:37.000Z</time></trkpt><trkpt lat="52.5138072995787" lon="13.386338641575124"><time>2023-07-11T09:55:38.000Z</time></trkpt><trkpt lat="52.51381557750167" lon="13.386337883309869"><time>2023-07-11T09:55:39.000Z</time></trkpt><trkpt lat="52.51382438407766" lon="13.386336676177272"><time>2023-07-11T09:55:40.000Z</time></trkpt><trkpt lat="52.51383373773271" lon="13.38633473180825"><time>2023-07-11T09:55:41.000Z</time></trkpt><trkpt lat="52.513843636076416" lon="13.38633212028526"><time>2023-07-11T09:55:42.000Z</time></trkpt><trkpt lat="52.51385431421507" lon="13.386328653412555"><time>2023-07-11T09:55:43.000Z</time></trkpt><trkpt lat="52.513865455918015" lon="13.386324266017118"><time>2023-07-11T09:55:44.000Z</time></trkpt><trkpt lat="52.513877171492474" lon="13.38631882130927"><time>2023-07-11T09:55:45.000Z</time></trkpt><trkpt lat="52.513889278694975" lon="13.386312479480427"><time>2023-07-11T09:55:46.000Z</time></trkpt><trkpt lat="52.5139015951326" lon="13.386305105234202"><time>2023-07-11T09:55:47.000Z</time></trkpt><trkpt lat="52.51391401918827" lon="13.386297029058708"><time>2023-07-11T09:55:48.000Z</time></trkpt><trkpt lat="52.513926464508586" lon="13.386288627918235"><time>2023-07-11T09:55:49.000Z</time></trkpt><trkpt lat="52.51393889167675" lon="13.386280263782776"><time>2023-07-11T09:55:50.000Z</time></trkpt><trkpt lat="52.51395125831289" lon="13.386272176499643"><time>2023-07-11T09:55:51.000Z</time></trkpt><trkpt lat="52.513963281353206" lon="13.386264542502358"><time>2023-07-11T09:55:52.000Z</time></trkpt><trkpt lat="52.51397503044314" lon="13.386257478124541"><time>2023-07-11T09:55:53.000Z</time></trkpt><trkpt lat="52.513986575775945" lon="13.386251081064332"><time>2023-07-11T09:55:54.000Z</time></trkpt><trkpt lat="52.51399823164008" lon="13.386245191171236"><time>2023-07-11T09:55:55.000Z</time></trkpt><trkpt lat="52.51400996531688" lon="13.386239863778899"><time>2023-07-11T09:55:56.000Z</time></trkpt><trkpt lat="52.514021731189445" lon="13.38623508209289"><time>2023-07-11T09:55:57.000Z</time></trkpt><trkpt lat="52.51403352263436" lon="13.386231144076193"><time>2023-07-11T09:55:58.000Z</time></trkpt><trkpt lat="52.51404523380151" lon="13.386227910402578"><time>2023-07-11T09:55:59.000Z</time></trkpt><trkpt lat="52.51405675737166" lon="13.386225076276741"><time>2023-07-11T09:56:00.000Z</time></trkpt><trkpt lat="52.51406800753924" lon="13.386222444113589"><time>2023-07-11T09:56:01.000Z</time></trkpt><trkpt lat="52.514078724272984" lon="13.386219879782736"><time>2023-07-11T09:56:02.000Z</time></trkpt><trkpt lat="52.51408919803202" lon="13.386217229863723"><time>2023-07-11T09:56:03.000Z</time></trkpt><trkpt lat="52.514099381605824" lon="13.386214224888864"><time>2023-07-11T09:56:04.000Z</time></trkpt><trkpt lat="52.51410909439434" lon="13.386210837201567"><time>2023-07-11T09:56:05.000Z</time></trkpt><trkpt lat="52.51411850718702" lon="13.38620716063378"><time>2023-07-11T09:56:06.000Z</time></trkpt><trkpt lat="52.5141277367153" lon="13.38620325872203"><time>2023-07-11T09:56:07.000Z</time></trkpt><trkpt lat="52.51413668171069" lon="13.386199249702345"><time>2023-07-11T09:56:08.000Z</time></trkpt><trkpt lat="52.514145512240525" lon="13.386194687571237"><time>2023-07-11T09:56:09.000Z</time></trkpt><trkpt lat="52.51415442147943" lon="13.386189528880033"><time>2023-07-11T09:56:10.000Z</time></trkpt><trkpt lat="52.514163651655124" lon="13.38618412174997"><time>2023-07-11T09:56:11.000Z</time></trkpt><trkpt lat="52.5141733930538" lon="13.386178714742641"><time>2023-07-11T09:56:12.000Z</time></trkpt><trkpt lat="52.51418394029288" lon="13.386173560122193"><time>2023-07-11T09:56:13.000Z</time></trkpt><trkpt lat="52.51419527703794" lon="13.386169026609112"><time>2023-07-11T09:56:14.000Z</time></trkpt><trkpt lat="52.51420734454975" lon="13.386165514712616"><time>2023-07-11T09:56:15.000Z</time></trkpt><trkpt lat="52.514219981052676" lon="13.386162845605817"><time>2023-07-11T09:56:16.000Z</time></trkpt><trkpt lat="52.51423307006425" lon="13.386161008467466"><time>2023-07-11T09:56:17.000Z</time></trkpt><trkpt lat="52.51424659935856" lon="13.386160038666084"><time>2023-07-11T09:56:18.000Z</time></trkpt><trkpt lat="52.51426081171112" lon="13.386159687906012"><time>2023-07-11T09:56:19.000Z</time></trkpt><trkpt lat="52.51427567163935" lon="13.38616008219658"><time>2023-07-11T09:56:20.000Z</time></trkpt><trkpt lat="52.51429112197275" lon="13.386161211943902"><time>2023-07-11T09:56:21.000Z</time></trkpt><trkpt lat="52.51430707015779" lon="13.386162937330795"><time>2023-07-11T09:56:22.000Z</time></trkpt><trkpt lat="52.51432342117589" lon="13.386164970724595"><time>2023-07-11T09:56:23.000Z</time></trkpt><trkpt lat="52.51434009504806" lon="13.3861669913129"><time>2023-07-11T09:56:24.000Z</time></trkpt><trkpt lat="52.51435703151621" lon="13.386168703485179"><time>2023-07-11T09:56:25.000Z</time></trkpt><trkpt lat="52.514374184664604" lon="13.386169818565502"><time>2023-07-11T09:56:26.000Z</time></trkpt><trkpt lat="52.51439174527747" lon="13.386170334549176"><time>2023-07-11T09:56:27.000Z</time></trkpt><trkpt lat="52.514409477875006" lon="13.38617006148122"><time>2023-07-11T09:56:28.000Z</time></trkpt><trkpt lat="52.51442709628089" lon="13.386168908086695"><time>2023-07-11T09:56:29.000Z</time></trkpt><trkpt lat="52.51444430874122" lon="13.386166965313244"><time>2023-07-11T09:56:30.000Z</time></trkpt><trkpt lat="52.51446065537691" lon="13.38616462614225"><time>2023-07-11T09:56:31.000Z</time></trkpt><trkpt lat="52.514475982504834" lon="13.386162059540773"><time>2023-07-11T09:56:32.000Z</time></trkpt><trkpt lat="52.514490197994796" lon="13.38615953612204"><time>2023-07-11T09:56:33.000Z</time></trkpt><trkpt lat="52.514503216688624" lon="13.386157428738668"><time>2023-07-11T09:56:34.000Z</time></trkpt><trkpt lat="52.5145148897089" lon="13.38615614984621"><time>2023-07-11T09:56:35.000Z</time></trkpt><trkpt lat="52.51452534566438" lon="13.386155574089928"><time>2023-07-11T09:56:36.000Z</time></trkpt><trkpt lat="52.51453464951933" lon="13.38615584275983"><time>2023-07-11T09:56:37.000Z</time></trkpt><trkpt lat="52.51454289397662" lon="13.386157254555314"><time>2023-07-11T09:56:38.000Z</time></trkpt><trkpt lat="52.5145502841629" lon="13.38615999128985"><time>2023-07-11T09:56:39.000Z</time></trkpt><trkpt lat="52.51455688061021" lon="13.386163946141886"><time>2023-07-11T09:56:40.000Z</time></trkpt><trkpt lat="52.51456290174178" lon="13.386169369657255"><time>2023-07-11T09:56:41.000Z</time></trkpt><trkpt lat="52.514568708359405" lon="13.386176200181387"><time>2023-07-11T09:56:42.000Z</time></trkpt><trkpt lat="52.51457448459896" lon="13.386184232867294"><time>2023-07-11T09:56:43.000Z</time></trkpt><trkpt lat="52.51458031454793" lon="13.386193123398561"><time>2023-07-11T09:56:44.000Z</time></trkpt><trkpt lat="52.51458632544559" lon="13.386202306942444"><time>2023-07-11T09:56:45.000Z</time></trkpt><trkpt lat="52.514592729041986" lon="13.386211057145136"><time>2023-07-11T09:56:46.000Z</time></trkpt><trkpt lat="52.51459947018349" lon="13.386219371736017"><time>2023-07-11T09:56:47.000Z</time></trkpt><trkpt lat="52.51460652444316" lon="13.386227164185946"><time>2023-07-11T09:56:48.000Z</time></trkpt><trkpt lat="52.514613700986985" lon="13.38623414919425"><time>2023-07-11T09:56:49.000Z</time></trkpt><trkpt lat="52.51462100352508" lon="13.3862402699749"><time>2023-07-11T09:56:50.000Z</time></trkpt><trkpt lat="52.51462857692595" lon="13.386245891443567"><time>2023-07-11T09:56:51.000Z</time></trkpt><trkpt lat="52.5146363779382" lon="13.386250864250549"><time>2023-07-11T09:56:52.000Z</time></trkpt><trkpt lat="52.51464442805059" lon="13.386254795946325"><time>2023-07-11T09:56:53.000Z</time></trkpt><trkpt lat="52.514652584610694" lon="13.386257741639518"><time>2023-07-11T09:56:54.000Z</time></trkpt><trkpt lat="52.51466081726537" lon="13.386259681017263"><time>2023-07-11T09:56:55.000Z</time></trkpt><trkpt lat="52.514668851516426" lon="13.386260930412078"><time>2023-07-11T09:56:56.000Z</time></trkpt><trkpt lat="52.51467665763319" lon="13.386261732269201"><time>2023-07-11T09:56:57.000Z</time></trkpt><trkpt lat="52.51468427107336" lon="13.386262383835644"><time>2023-07-11T09:56:58.000Z</time></trkpt><trkpt lat="52.51469177450508" lon="13.386262973645243"><time>2023-07-11T09:56:59.000Z</time></trkpt><trkpt lat="52.51469945084278" lon="13.38626364519726"><time>2023-07-11T09:57:00.000Z</time></trkpt><trkpt lat="52.51470728654081" lon="13.386264523314578"><time>2023-07-11T09:57:01.000Z</time></trkpt><trkpt lat="52.514715247834715" lon="13.38626569786067"><time>2023-07-11T09:57:02.000Z</time></trkpt><trkpt lat="52.514723207186414" lon="13.386267033641435"><time>2023-07-11T09:57:03.000Z</time></trkpt><trkpt lat="52.51473142798866" lon="13.386268770381442"><time>2023-07-11T09:57:04.000Z</time></trkpt><trkpt lat="52.514739991714436" lon="13.386270596371245"><time>2023-07-11T09:57:05.000Z</time></trkpt><trkpt lat="52.51474871873475" lon="13.38627267554571"><time>2023-07-11T09:57:06.000Z</time></trkpt><trkpt lat="52.51475787020138" lon="13.386274355131485"><time>2023-07-11T09:57:07.000Z</time></trkpt><trkpt lat="52.51476750507763" lon="13.386275507871419"><time>2023-07-11T09:57:08.000Z</time></trkpt><trkpt lat="52.514777656978566" lon="13.38627583185451"><time>2023-07-11T09:57:09.000Z</time></trkpt><trkpt lat="52.514788366491295" lon="13.386275160609335"><time>2023-07-11T09:57:10.000Z</time></trkpt><trkpt lat="52.514799727787796" lon="13.38627356753224"><time>2023-07-11T09:57:11.000Z</time></trkpt><trkpt lat="52.5148118437551" lon="13.386270935696386"><time>2023-07-11T09:57:12.000Z</time></trkpt><trkpt lat="52.51482486125372" lon="13.386267350689927"><time>2023-07-11T09:57:13.000Z</time></trkpt><trkpt lat="52.514838725304344" lon="13.38626300477938"><time>2023-07-11T09:57:14.000Z</time></trkpt><trkpt lat="52.51485328381744" lon="13.38625663187778"><time>2023-07-11T09:57:15.000Z</time></trkpt><trkpt lat="52.514868810394795" lon="13.386248384362323"><time>2023-07-11T09:57:16.000Z</time></trkpt><trkpt lat="52.51488562305986" lon="13.3862378829981"><time>2023-07-11T09:57:17.000Z</time></trkpt><trkpt lat="52.51490384267753" lon="13.386225432764519"><time>2023-07-11T09:57:18.000Z</time></trkpt><trkpt lat="52.514923740658354" lon="13.38621176870921"><time>2023-07-11T09:57:19.000Z</time></trkpt><trkpt lat="52.51494472527748" lon="13.38619736919715"><time>2023-07-11T09:57:20.000Z</time></trkpt><trkpt lat="52.514967086570735" lon="13.386183142620627"><time>2023-07-11T09:57:21.000Z</time></trkpt><trkpt lat="52.51499072603351" lon="13.386170072282026"><time>2023-07-11T09:57:22.000Z</time></trkpt><trkpt lat="52.51501555004159" lon="13.386158819075748"><time>2023-07-11T09:57:23.000Z</time></trkpt><trkpt lat="52.51504149116563" lon="13.386149459077888"><time>2023-07-11T09:57:24.000Z</time></trkpt><trkpt lat="52.51506871937341" lon="13.386142327624647"><time>2023-07-11T09:57:25.000Z</time></trkpt><trkpt lat="52.51509715747477" lon="13.386138915042325"><time>2023-07-11T09:57:26.000Z</time></trkpt><trkpt lat="52.51512640109283" lon="13.386139585080594"><time>2023-07-11T09:57:27.000Z</time></trkpt><trkpt lat="52.51515564396389" lon="13.386144516095845"><time>2023-07-11T09:57:28.000Z</time></trkpt><trkpt lat="52.51518492413522" lon="13.386154022456822"><time>2023-07-11T09:57:29.000Z</time></trkpt><trkpt lat="52.51521366711282" lon="13.386167570792196"><time>2023-07-11T09:57:30.000Z</time></trkpt><trkpt lat="52.51524212682742" lon="13.386184820999501"><time>2023-07-11T09:57:31.000Z</time></trkpt><trkpt lat="52.515269649901626" lon="13.38620482430619"><time>2023-07-11T09:57:32.000Z</time></trkpt><trkpt lat="52.5152958360422" lon="13.38622647481671"><time>2023-07-11T09:57:33.000Z</time></trkpt><trkpt lat="52.515320453429645" lon="13.386248977956292"><time>2023-07-11T09:57:34.000Z</time></trkpt><trkpt lat="52.515343266758464" lon="13.386271958213035"><time>2023-07-11T09:57:35.000Z</time></trkpt><trkpt lat="52.515364125034736" lon="13.386294980752455"><time>2023-07-11T09:57:36.000Z</time></trkpt><trkpt lat="52.51538291864842" lon="13.386317777947909"><time>2023-07-11T09:57:37.000Z</time></trkpt><trkpt lat="52.515399653525726" lon="13.38634014399097"><time>2023-07-11T09:57:38.000Z</time></trkpt><trkpt lat="52.515414967207626" lon="13.386362182287032"><time>2023-07-11T09:57:39.000Z</time></trkpt><trkpt lat="52.515428670005505" lon="13.386383758746609"><time>2023-07-11T09:57:40.000Z</time></trkpt><trkpt lat="52.51544097511362" lon="13.386404762763787"><time>2023-07-11T09:57:41.000Z</time></trkpt><trkpt lat="52.51545211280766" lon="13.386425175682634"><time>2023-07-11T09:57:42.000Z</time></trkpt><trkpt lat="52.51546229070426" lon="13.386445065744573"><time>2023-07-11T09:57:43.000Z</time></trkpt><trkpt lat="52.515471796448836" lon="13.386464461506257"><time>2023-07-11T09:57:44.000Z</time></trkpt><trkpt lat="52.51548067620608" lon="13.386483148526809"><time>2023-07-11T09:57:45.000Z</time></trkpt><trkpt lat="52.51548897633989" lon="13.38650137587922"><time>2023-07-11T09:57:46.000Z</time></trkpt><trkpt lat="52.515496785743466" lon="13.386519333907136"><time>2023-07-11T09:57:47.000Z</time></trkpt><trkpt lat="52.51550419863859" lon="13.386537145040082"><time>2023-07-11T09:57:48.000Z</time></trkpt><trkpt lat="52.51551114694853" lon="13.38655496494868"><time>2023-07-11T09:57:49.000Z</time></trkpt><trkpt lat="52.515517465336956" lon="13.386572938420924"><time>2023-07-11T09:57:50.000Z</time></trkpt><trkpt lat="52.515523172329466" lon="13.386591172769311"><time>2023-07-11T09:57:51.000Z</time></trkpt><trkpt lat="52.515528216880966" lon="13.386609355629789"><time>2023-07-11T09:57:52.000Z</time></trkpt><trkpt lat="52.515532617168496" lon="13.38662758287992"><time>2023-07-11T09:57:53.000Z</time></trkpt><trkpt lat="52.51553660521076" lon="13.386645853599179"><time>2023-07-11T09:57:54.000Z</time></trkpt><trkpt lat="52.5155404381755" lon="13.386663993317827"><time>2023-07-11T09:57:55.000Z</time></trkpt><trkpt lat="52.51554440186551" lon="13.386682256018315"><time>2023-07-11T09:57:56.000Z</time></trkpt><trkpt lat="52.515548683479395" lon="13.386700383136029"><time>2023-07-11T09:57:57.000Z</time></trkpt><trkpt lat="52.51555343520627" lon="13.38671821153389"><time>2023-07-11T09:57:58.000Z</time></trkpt><trkpt lat="52.5155586280127" lon="13.38673576158613"><time>2023-07-11T09:57:59.000Z</time></trkpt><trkpt lat="52.5155642348074" lon="13.386752691615175"><time>2023-07-11T09:58:00.000Z</time></trkpt><trkpt lat="52.515570261466785" lon="13.38676922045996"><time>2023-07-11T09:58:01.000Z</time></trkpt><trkpt lat="52.51557649469701" lon="13.386785533841055"><time>2023-07-11T09:58:02.000Z</time></trkpt><trkpt lat="52.51558279371318" lon="13.3868021359799"><time>2023-07-11T09:58:03.000Z</time></trkpt><trkpt lat="52.515589070618105" lon="13.386818984900664"><time>2023-07-11T09:58:04.000Z</time></trkpt><trkpt lat="52.515595049967395" lon="13.386836123867914"><time>2023-07-11T09:58:05.000Z</time></trkpt><trkpt lat="52.51560059301796" lon="13.386853646079459"><time>2023-07-11T09:58:06.000Z</time></trkpt><trkpt lat="52.51560553164463" lon="13.386871265232275"><time>2023-07-11T09:58:07.000Z</time></trkpt><trkpt lat="52.515609917639544" lon="13.386889510647391"><time>2023-07-11T09:58:08.000Z</time></trkpt><trkpt lat="52.51561363945045" lon="13.386907999694188"><time>2023-07-11T09:58:09.000Z</time></trkpt><trkpt lat="52.51561645325602" lon="13.386926779339781"><time>2023-07-11T09:58:10.000Z</time></trkpt><trkpt lat="52.51561852150421" lon="13.38694620926309"><time>2023-07-11T09:58:11.000Z</time></trkpt><trkpt lat="52.515619899373526" lon="13.386966033415598"><time>2023-07-11T09:58:12.000Z</time></trkpt><trkpt lat="52.51562076290736" lon="13.386986141048196"><time>2023-07-11T09:58:13.000Z</time></trkpt><trkpt lat="52.51562138565768" lon="13.38700645647346"><time>2023-07-11T09:58:14.000Z</time></trkpt><trkpt lat="52.51562179929736" lon="13.38702694534566"><time>2023-07-11T09:58:15.000Z</time></trkpt><trkpt lat="52.51562208993077" lon="13.387047204782682"><time>2023-07-11T09:58:16.000Z</time></trkpt><trkpt lat="52.5156223844984" lon="13.387067370285477"><time>2023-07-11T09:58:17.000Z</time></trkpt><trkpt lat="52.51562275207298" lon="13.387087839008457"><time>2023-07-11T09:58:18.000Z</time></trkpt><trkpt lat="52.5156231386712" lon="13.387108142385097"><time>2023-07-11T09:58:19.000Z</time></trkpt><trkpt lat="52.51562369279698" lon="13.387128680045002"><time>2023-07-11T09:58:20.000Z</time></trkpt><trkpt lat="52.51562474791182" lon="13.387149309613989"><time>2023-07-11T09:58:21.000Z</time></trkpt><trkpt lat="52.51562624370779" lon="13.387169993350623"><time>2023-07-11T09:58:22.000Z</time></trkpt><trkpt lat="52.51562820418856" lon="13.387190357952255"><time>2023-07-11T09:58:23.000Z</time></trkpt><trkpt lat="52.515630416259455" lon="13.38721050293762"><time>2023-07-11T09:58:24.000Z</time></trkpt><trkpt lat="52.51563287299826" lon="13.387230432725225"><time>2023-07-11T09:58:25.000Z</time></trkpt><trkpt lat="52.515635596068044" lon="13.3872501965119"><time>2023-07-11T09:58:26.000Z</time></trkpt><trkpt lat="52.515638448020496" lon="13.387270255622722"><time>2023-07-11T09:58:27.000Z</time></trkpt><trkpt lat="52.51564114066241" lon="13.387290568020484"><time>2023-07-11T09:58:28.000Z</time></trkpt><trkpt lat="52.515643572003164" lon="13.38731114824945"><time>2023-07-11T09:58:29.000Z</time></trkpt><trkpt lat="52.51564559398705" lon="13.387332031228118"><time>2023-07-11T09:58:30.000Z</time></trkpt><trkpt lat="52.51564709964344" lon="13.387353266153308"><time>2023-07-11T09:58:31.000Z</time></trkpt><trkpt lat="52.51564835998451" lon="13.387374924743972"><time>2023-07-11T09:58:32.000Z</time></trkpt><trkpt lat="52.5156493939343" lon="13.387396619500949"><time>2023-07-11T09:58:33.000Z</time></trkpt><trkpt lat="52.51565074252116" lon="13.387418637627333"><time>2023-07-11T09:58:34.000Z</time></trkpt><trkpt lat="52.51565219588745" lon="13.387441195098212"><time>2023-07-11T09:58:35.000Z</time></trkpt><trkpt lat="52.51565353580909" lon="13.387464396750902"><time>2023-07-11T09:58:36.000Z</time></trkpt><trkpt lat="52.51565451692099" lon="13.387488348813719"><time>2023-07-11T09:58:37.000Z</time></trkpt><trkpt lat="52.51565502712306" lon="13.387513035760518"><time>2023-07-11T09:58:38.000Z</time></trkpt><trkpt lat="52.515655058895526" lon="13.387538473240182"><time>2023-07-11T09:58:39.000Z</time></trkpt><trkpt lat="52.51565474400945" lon="13.387564189126833"><time>2023-07-11T09:58:40.000Z</time></trkpt><trkpt lat="52.515654217074534" lon="13.387590293514988"><time>2023-07-11T09:58:41.000Z</time></trkpt><trkpt lat="52.515653432125276" lon="13.387616729291324"><time>2023-07-11T09:58:42.000Z</time></trkpt><trkpt lat="52.515651969645575" lon="13.387643371776154"><time>2023-07-11T09:58:43.000Z</time></trkpt><trkpt lat="52.5156498579717" lon="13.387670469981101"><time>2023-07-11T09:58:44.000Z</time></trkpt><trkpt lat="52.51564667748796" lon="13.387697944904865"><time>2023-07-11T09:58:45.000Z</time></trkpt><trkpt lat="52.51564278411569" lon="13.387725264076183"><time>2023-07-11T09:58:46.000Z</time></trkpt><trkpt lat="52.51563837337012" lon="13.387752206549145"><time>2023-07-11T09:58:47.000Z</time></trkpt><trkpt lat="52.515633786979585" lon="13.38777834996746"><time>2023-07-11T09:58:48.000Z</time></trkpt><trkpt lat="52.51562945880259" lon="13.38780365192572"><time>2023-07-11T09:58:49.000Z</time></trkpt><trkpt lat="52.51562560845762" lon="13.387828005356903"><time>2023-07-11T09:58:50.000Z</time></trkpt><trkpt lat="52.515622286392166" lon="13.387851799846686"><time>2023-07-11T09:58:51.000Z</time></trkpt><trkpt lat="52.51561936915178" lon="13.38787486732807"><time>2023-07-11T09:58:52.000Z</time></trkpt><trkpt lat="52.51561686136786" lon="13.387897270642078"><time>2023-07-11T09:58:53.000Z</time></trkpt><trkpt lat="52.515614761397" lon="13.387919077211883"><time>2023-07-11T09:58:54.000Z</time></trkpt><trkpt lat="52.51561293059572" lon="13.38794037135737"><time>2023-07-11T09:58:55.000Z</time></trkpt><trkpt lat="52.5156114064137" lon="13.387961320531849"><time>2023-07-11T09:58:56.000Z</time></trkpt><trkpt lat="52.515610386607136" lon="13.38798210352129"><time>2023-07-11T09:58:57.000Z</time></trkpt><trkpt lat="52.51560987630546" lon="13.38800280935047"><time>2023-07-11T09:58:58.000Z</time></trkpt><trkpt lat="52.51560969812069" lon="13.388023706075609"><time>2023-07-11T09:58:59.000Z</time></trkpt><trkpt lat="52.515609652454" lon="13.388044382161677"><time>2023-07-11T09:59:00.000Z</time></trkpt><trkpt lat="52.51560975932503" lon="13.388064961163282"><time>2023-07-11T09:59:01.000Z</time></trkpt><trkpt lat="52.5156100245106" lon="13.388085529732297"><time>2023-07-11T09:59:02.000Z</time></trkpt><trkpt lat="52.515610569921364" lon="13.388106137086"><time>2023-07-11T09:59:03.000Z</time></trkpt><trkpt lat="52.515611502278944" lon="13.388126707577884"><time>2023-07-11T09:59:04.000Z</time></trkpt><trkpt lat="52.51561282810715" lon="13.388147317222666"><time>2023-07-11T09:59:05.000Z</time></trkpt><trkpt lat="52.51561457399926" lon="13.388168033607172"><time>2023-07-11T09:59:06.000Z</time></trkpt><trkpt lat="52.515616607486976" lon="13.388188437873106"><time>2023-07-11T09:59:07.000Z</time></trkpt><trkpt lat="52.515618709101226" lon="13.388208632709889"><time>2023-07-11T09:59:08.000Z</time></trkpt><trkpt lat="52.51562075568638" lon="13.388228708492399"><time>2023-07-11T09:59:09.000Z</time></trkpt><trkpt lat="52.51562278120607" lon="13.388248703759855"><time>2023-07-11T09:59:10.000Z</time></trkpt><trkpt lat="52.515624819225586" lon="13.38826903647049"><time>2023-07-11T09:59:11.000Z</time></trkpt><trkpt lat="52.515626670793516" lon="13.388289606144129"><time>2023-07-11T09:59:12.000Z</time></trkpt><trkpt lat="52.51562814208784" lon="13.388310367450147"><time>2023-07-11T09:59:13.000Z</time></trkpt><trkpt lat="52.515629288635665" lon="13.388331262456978"><time>2023-07-11T09:59:14.000Z</time></trkpt><trkpt lat="52.51563005082628" lon="13.388351914486718"><time>2023-07-11T09:59:15.000Z</time></trkpt><trkpt lat="52.51563050261284" lon="13.3883723945219"><time>2023-07-11T09:59:16.000Z</time></trkpt><trkpt lat="52.51563059678483" lon="13.388392644467313"><time>2023-07-11T09:59:17.000Z</time></trkpt><trkpt lat="52.515630312227024" lon="13.388413105682918"><time>2023-07-11T09:59:18.000Z</time></trkpt><trkpt lat="52.51562961388015" lon="13.388433660055426"><time>2023-07-11T09:59:19.000Z</time></trkpt><trkpt lat="52.51562854282928" lon="13.388454245807532"><time>2023-07-11T09:59:20.000Z</time></trkpt><trkpt lat="52.51562721720027" lon="13.388474437494084"><time>2023-07-11T09:59:21.000Z</time></trkpt><trkpt lat="52.51562556543036" lon="13.388494314689156"><time>2023-07-11T09:59:22.000Z</time></trkpt><trkpt lat="52.51562366117392" lon="13.388513980777685"><time>2023-07-11T09:59:23.000Z</time></trkpt><trkpt lat="52.51562159168073" lon="13.388533486163398"><time>2023-07-11T09:59:24.000Z</time></trkpt><trkpt lat="52.51561931840551" lon="13.388552863166877"><time>2023-07-11T09:59:25.000Z</time></trkpt><trkpt lat="52.51561702635565" lon="13.388572531301014"><time>2023-07-11T09:59:26.000Z</time></trkpt><trkpt lat="52.515614859403655" lon="13.388592371920652"><time>2023-07-11T09:59:27.000Z</time></trkpt><trkpt lat="52.51561296137223" lon="13.388611966085671"><time>2023-07-11T09:59:28.000Z</time></trkpt><trkpt lat="52.515611574638484" lon="13.388631338629729"><time>2023-07-11T09:59:29.000Z</time></trkpt><trkpt lat="52.51561074486913" lon="13.388650610570881"><time>2023-07-11T09:59:30.000Z</time></trkpt><trkpt lat="52.51561024198766" lon="13.388669862669651"><time>2023-07-11T09:59:31.000Z</time></trkpt><trkpt lat="52.515609858925245" lon="13.388689530803786"><time>2023-07-11T09:59:32.000Z</time></trkpt><trkpt lat="52.51560926107498" lon="13.388709469407955"><time>2023-07-11T09:59:33.000Z</time></trkpt><trkpt lat="52.51560839046954" lon="13.388729616091172"><time>2023-07-11T09:59:34.000Z</time></trkpt><trkpt lat="52.515607239987496" lon="13.388749899543614"><time>2023-07-11T09:59:35.000Z</time></trkpt><trkpt lat="52.51560590245626" lon="13.388769814705137"><time>2023-07-11T09:59:36.000Z</time></trkpt><trkpt lat="52.515604298494445" lon="13.388789216051327"><time>2023-07-11T09:59:37.000Z</time></trkpt><trkpt lat="52.515602468191155" lon="13.388807828243609"><time>2023-07-11T09:59:38.000Z</time></trkpt><trkpt lat="52.51560051099721" lon="13.388825820249043"><time>2023-07-11T09:59:39.000Z</time></trkpt><trkpt lat="52.5155982495744" lon="13.388843029810154"><time>2023-07-11T09:59:40.000Z</time></trkpt><trkpt lat="52.51559573158146" lon="13.388858961522068"><time>2023-07-11T09:59:41.000Z</time></trkpt><trkpt lat="52.5155930197665" lon="13.388873135731075"><time>2023-07-11T09:59:42.000Z</time></trkpt><trkpt lat="52.51559027976469" lon="13.388885436737693"><time>2023-07-11T09:59:43.000Z</time></trkpt><trkpt lat="52.5155878349281" lon="13.388895967272259"><time>2023-07-11T09:59:44.000Z</time></trkpt><trkpt lat="52.515585801689376" lon="13.388904639905569"><time>2023-07-11T09:59:45.000Z</time></trkpt><trkpt lat="52.515584210277204" lon="13.388911414175533"><time>2023-07-11T09:59:46.000Z</time></trkpt><trkpt lat="52.51558293967731" lon="13.388916738397182"><time>2023-07-11T09:59:47.000Z</time></trkpt><trkpt lat="52.51558190617572" lon="13.38892069930421"><time>2023-07-11T09:59:48.000Z</time></trkpt><trkpt lat="52.515580886817354" lon="13.388923575262693"><time>2023-07-11T09:59:49.000Z</time></trkpt><trkpt lat="52.515579828614904" lon="13.388925593784935"><time>2023-07-11T09:59:50.000Z</time></trkpt><trkpt lat="52.515578726737765" lon="13.388926827039922"><time>2023-07-11T09:59:51.000Z</time></trkpt><trkpt lat="52.515577592789356" lon="13.388927630144865"><time>2023-07-11T09:59:52.000Z</time></trkpt><trkpt lat="52.51557661142847" lon="13.388928352816576"><time>2023-07-11T09:59:53.000Z</time></trkpt><trkpt lat="52.51557576910948" lon="13.388929001273699"><time>2023-07-11T09:59:54.000Z</time></trkpt><trkpt lat="52.515575141080355" lon="13.388929452125275"><time>2023-07-11T09:59:55.000Z</time></trkpt><trkpt lat="52.51557466922436" lon="13.388929727668414"><time>2023-07-11T09:59:56.000Z</time></trkpt><trkpt lat="52.51557432027502" lon="13.388929849177414"><time>2023-07-11T09:59:57.000Z</time></trkpt><trkpt lat="52.51557405922286" lon="13.388929849872921"><time>2023-07-11T09:59:58.000Z</time></trkpt><trkpt lat="52.51557386081924" lon="13.388929784127141"><time>2023-07-11T09:59:59.000Z</time></trkpt><trkpt lat="52.51557373298237" lon="13.388929674891777"><time>2023-07-11T10:00:00.000Z</time></trkpt><trkpt lat="52.515573640254566" lon="13.388929521716795"><time>2023-07-11T10:00:01.000Z</time></trkpt><trkpt lat="52.515573547028765" lon="13.38892929465452"><time>2023-07-11T10:00:02.000Z</time></trkpt><trkpt lat="52.51557344593454" lon="13.388929000496368"><time>2023-07-11T10:00:03.000Z</time></trkpt><trkpt lat="52.51557334747974" lon="13.388928267228415"><time>2023-07-11T10:00:04.000Z</time></trkpt><trkpt lat="52.515573408733864" lon="13.388926879980204"><time>2023-07-11T10:00:05.000Z</time></trkpt><trkpt lat="52.51557357880122" lon="13.388925022283509"><time>2023-07-11T10:00:06.000Z</time></trkpt><trkpt lat="52.515574105935336" lon="13.388922636165853"><time>2023-07-11T10:00:07.000Z</time></trkpt><trkpt lat="52.51557513191711" lon="13.388919732346215"><time>2023-07-11T10:00:08.000Z</time></trkpt><trkpt lat="52.51557674324933" lon="13.38891638908948"><time>2023-07-11T10:00:09.000Z</time></trkpt><trkpt lat="52.51557897374627" lon="13.388912735064276"><time>2023-07-11T10:00:10.000Z</time></trkpt><trkpt lat="52.515581819573306" lon="13.388908951388556"><time>2023-07-11T10:00:11.000Z</time></trkpt><trkpt lat="52.51558527121863" lon="13.388905126964364"><time>2023-07-11T10:00:12.000Z</time></trkpt><trkpt lat="52.51558933276585" lon="13.388901379536783"><time>2023-07-11T10:00:13.000Z</time></trkpt><trkpt lat="52.51559393504261" lon="13.388897815354596"><time>2023-07-11T10:00:14.000Z</time></trkpt><trkpt lat="52.51559899951416" lon="13.388895006164695"><time>2023-07-11T10:00:15.000Z</time></trkpt><trkpt lat="52.515604307458425" lon="13.388893240888484"><time>2023-07-11T10:00:16.000Z</time></trkpt><trkpt lat="52.51560979025086" lon="13.388892551846537"><time>2023-07-11T10:00:17.000Z</time></trkpt><trkpt lat="52.515615124041375" lon="13.38889300879402"><time>2023-07-11T10:00:18.000Z</time></trkpt><trkpt lat="52.5156201768597" lon="13.388894549789983"><time>2023-07-11T10:00:19.000Z</time></trkpt><trkpt lat="52.51562495308824" lon="13.38889684557367"><time>2023-07-11T10:00:20.000Z</time></trkpt><trkpt lat="52.515629516570726" lon="13.388899682256516"><time>2023-07-11T10:00:21.000Z</time></trkpt><trkpt lat="52.51563396790337" lon="13.388902812974779"><time>2023-07-11T10:00:22.000Z</time></trkpt><trkpt lat="52.51563834553187" lon="13.388906449571424"><time>2023-07-11T10:00:23.000Z</time></trkpt><trkpt lat="52.51564281180454" lon="13.388910425738674"><time>2023-07-11T10:00:24.000Z</time></trkpt><trkpt lat="52.51564724740036" lon="13.38891450214062"><time>2023-07-11T10:00:25.000Z</time></trkpt><trkpt lat="52.515651805653846" lon="13.388918463497685"><time>2023-07-11T10:00:26.000Z</time></trkpt><trkpt lat="52.5156565027002" lon="13.388922397198154"><time>2023-07-11T10:00:27.000Z</time></trkpt><trkpt lat="52.5156613501927" lon="13.38892564251127"><time>2023-07-11T10:00:28.000Z</time></trkpt><trkpt lat="52.51566620620101" lon="13.388928274019827"><time>2023-07-11T10:00:29.000Z</time></trkpt><trkpt lat="52.5156706796449" lon="13.388930514449418"><time>2023-07-11T10:00:30.000Z</time></trkpt><trkpt lat="52.515674573515156" lon="13.388932704966221"><time>2023-07-11T10:00:31.000Z</time></trkpt><trkpt lat="52.5156777085314" lon="13.388935077582875"><time>2023-07-11T10:00:32.000Z</time></trkpt><trkpt lat="52.51568000750347" lon="13.38893780818059"><time>2023-07-11T10:00:33.000Z</time></trkpt><trkpt lat="52.51568155474295" lon="13.388940833468315"><time>2023-07-11T10:00:34.000Z</time></trkpt><trkpt lat="52.51568227699388" lon="13.388944102224077"><time>2023-07-11T10:00:35.000Z</time></trkpt><trkpt lat="52.515682445617024" lon="13.388947837378021"><time>2023-07-11T10:00:36.000Z</time></trkpt><trkpt lat="52.5156822950215" lon="13.38895183956538"><time>2023-07-11T10:00:37.000Z</time></trkpt><trkpt lat="52.515682226297365" lon="13.38895565932559"><time>2023-07-11T10:00:38.000Z</time></trkpt><trkpt lat="52.51568221967395" lon="13.38895968524198"><time>2023-07-11T10:00:39.000Z</time></trkpt><trkpt lat="52.51568276667831" lon="13.388963372487831"><time>2023-07-11T10:00:40.000Z</time></trkpt><trkpt lat="52.51568441725301" lon="13.3889663945435"><time>2023-07-11T10:00:41.000Z</time></trkpt><trkpt lat="52.515687435288825" lon="13.388968530606265"><time>2023-07-11T10:00:42.000Z</time></trkpt><trkpt lat="52.51569173931276" lon="13.388969718612447"><time>2023-07-11T10:00:43.000Z</time></trkpt><trkpt lat="52.51569752797745" lon="13.3889696522939"><time>2023-07-11T10:00:44.000Z</time></trkpt><trkpt lat="52.51570488883147" lon="13.38896809669231"><time>2023-07-11T10:00:45.000Z</time></trkpt><trkpt lat="52.51571388183416" lon="13.388965186531292"><time>2023-07-11T10:00:46.000Z</time></trkpt><trkpt lat="52.515724531287965" lon="13.388960876357482"><time>2023-07-11T10:00:47.000Z</time></trkpt><trkpt lat="52.51573657335193" lon="13.388955448423605"><time>2023-07-11T10:00:48.000Z</time></trkpt><trkpt lat="52.51574929115352" lon="13.388949388765662"><time>2023-07-11T10:00:49.000Z</time></trkpt><trkpt lat="52.515762876921144" lon="13.388942731013417"><time>2023-07-11T10:00:50.000Z</time></trkpt><trkpt lat="52.515777018756744" lon="13.38893585781794"><time>2023-07-11T10:00:51.000Z</time></trkpt><trkpt lat="52.5157915096911" lon="13.38892889060641"><time>2023-07-11T10:00:52.000Z</time></trkpt><trkpt lat="52.51580613523513" lon="13.38892185703542"><time>2023-07-11T10:00:53.000Z</time></trkpt><trkpt lat="52.51582102606433" lon="13.388914653965509"><time>2023-07-11T10:00:54.000Z</time></trkpt><trkpt lat="52.51583590474231" lon="13.388907321817856"><time>2023-07-11T10:00:55.000Z</time></trkpt><trkpt lat="52.515850537756364" lon="13.388899800697112"><time>2023-07-11T10:00:56.000Z</time></trkpt><trkpt lat="52.5158647394517" lon="13.388892031280706"><time>2023-07-11T10:00:57.000Z</time></trkpt><trkpt lat="52.51587808802144" lon="13.388884247463233"><time>2023-07-11T10:00:58.000Z</time></trkpt><trkpt lat="52.51589050433319" lon="13.388876364392955"><time>2023-07-11T10:00:59.000Z</time></trkpt><trkpt lat="52.5159023380335" lon="13.388868855341288"><time>2023-07-11T10:01:00.000Z</time></trkpt><trkpt lat="52.51591263619736" lon="13.388862982365355"><time>2023-07-11T10:01:01.000Z</time></trkpt><trkpt lat="52.51592155046608" lon="13.388858713185492"><time>2023-07-11T10:01:02.000Z</time></trkpt><trkpt lat="52.51592955976728" lon="13.38885576923106"><time>2023-07-11T10:01:03.000Z</time></trkpt><trkpt lat="52.515936926348324" lon="13.388853834169543"><time>2023-07-11T10:01:04.000Z</time></trkpt><trkpt lat="52.515943721124536" lon="13.388852803470472"><time>2023-07-11T10:01:05.000Z</time></trkpt><trkpt lat="52.51594985166695" lon="13.388852581072179"><time>2023-07-11T10:01:06.000Z</time></trkpt><trkpt lat="52.515955437446" lon="13.3888532838606"><time>2023-07-11T10:01:07.000Z</time></trkpt><trkpt lat="52.51596065072027" lon="13.388855053882617"><time>2023-07-11T10:01:08.000Z</time></trkpt><trkpt lat="52.51596576459352" lon="13.388857653807019"><time>2023-07-11T10:01:09.000Z</time></trkpt><trkpt lat="52.515970686885765" lon="13.388861293103862"><time>2023-07-11T10:01:10.000Z</time></trkpt><trkpt lat="52.51597557735574" lon="13.388865484223397"><time>2023-07-11T10:01:11.000Z</time></trkpt><trkpt lat="52.51598135182739" lon="13.388869051269436"><time>2023-07-11T10:01:12.000Z</time></trkpt><trkpt lat="52.51598781598071" lon="13.388871974563243"><time>2023-07-11T10:01:13.000Z</time></trkpt><trkpt lat="52.51599349393976" lon="13.388875615823867"><time>2023-07-11T10:01:14.000Z</time></trkpt><trkpt lat="52.515998263694286" lon="13.388880356638667"><time>2023-07-11T10:01:15.000Z</time></trkpt><trkpt lat="52.516002200093844" lon="13.388885842995052"><time>2023-07-11T10:01:16.000Z</time></trkpt><trkpt lat="52.51600536508976" lon="13.388892340985462"><time>2023-07-11T10:01:17.000Z</time></trkpt><trkpt lat="52.51600770355332" lon="13.388900056029657"><time>2023-07-11T10:01:18.000Z</time></trkpt><trkpt lat="52.51600897355561" lon="13.388908740977518"><time>2023-07-11T10:01:19.000Z</time></trkpt><trkpt lat="52.51600921583312" lon="13.38891832165536"><time>2023-07-11T10:01:20.000Z</time></trkpt><trkpt lat="52.5160088285875" lon="13.388928554840628"><time>2023-07-11T10:01:21.000Z</time></trkpt><trkpt lat="52.51600803357862" lon="13.388938975239762"><time>2023-07-11T10:01:22.000Z</time></trkpt><trkpt lat="52.51600716416838" lon="13.388949309846176"><time>2023-07-11T10:01:23.000Z</time></trkpt><trkpt lat="52.516006453122465" lon="13.388959347512417"><time>2023-07-11T10:01:24.000Z</time></trkpt><trkpt lat="52.51600680391441" lon="13.388968116330124"><time>2023-07-11T10:01:25.000Z</time></trkpt><trkpt lat="52.516008271125116" lon="13.388975323450335"><time>2023-07-11T10:01:26.000Z</time></trkpt><trkpt lat="52.516010863419815" lon="13.388981374966766"><time>2023-07-11T10:01:27.000Z</time></trkpt><trkpt lat="52.516014811821194" lon="13.388986285280486"><time>2023-07-11T10:01:28.000Z</time></trkpt><trkpt lat="52.51602021249325" lon="13.388989680209228"><time>2023-07-11T10:01:29.000Z</time></trkpt><trkpt lat="52.516027146460765" lon="13.388991758299518"><time>2023-07-11T10:01:30.000Z</time></trkpt><trkpt lat="52.51603582034438" lon="13.388992174825825"><time>2023-07-11T10:01:31.000Z</time></trkpt><trkpt lat="52.51604608046094" lon="13.388990840640634"><time>2023-07-11T10:01:32.000Z</time></trkpt><trkpt lat="52.516057757689325" lon="13.388987918656015"><time>2023-07-11T10:01:33.000Z</time></trkpt><trkpt lat="52.516070699093376" lon="13.388983540404437"><time>2023-07-11T10:01:34.000Z</time></trkpt><trkpt lat="52.51608479336989" lon="13.388977674383563"><time>2023-07-11T10:01:35.000Z</time></trkpt><trkpt lat="52.51609995879687" lon="13.388970378565874"><time>2023-07-11T10:01:36.000Z</time></trkpt><trkpt lat="52.516116357623076" lon="13.388961828791663"><time>2023-07-11T10:01:37.000Z</time></trkpt><trkpt lat="52.51613392411236" lon="13.388952055704113"><time>2023-07-11T10:01:38.000Z</time></trkpt><trkpt lat="52.516152500796785" lon="13.388940829908956"><time>2023-07-11T10:01:39.000Z</time></trkpt><trkpt lat="52.51617207965853" lon="13.388928817619181"><time>2023-07-11T10:01:40.000Z</time></trkpt><trkpt lat="52.51619272125454" lon="13.38891648335101"><time>2023-07-11T10:01:41.000Z</time></trkpt><trkpt lat="52.51621385323219" lon="13.38890434558376"><time>2023-07-11T10:01:42.000Z</time></trkpt><trkpt lat="52.516235475840475" lon="13.388892910318544"><time>2023-07-11T10:01:43.000Z</time></trkpt><trkpt lat="52.51625733614466" lon="13.388883026850094"><time>2023-07-11T10:01:44.000Z</time></trkpt><trkpt lat="52.51627909615144" lon="13.388875430901082"><time>2023-07-11T10:01:45.000Z</time></trkpt><trkpt lat="52.51630077090044" lon="13.388870641073561"><time>2023-07-11T10:01:46.000Z</time></trkpt><trkpt lat="52.516322568904705" lon="13.388868483818312"><time>2023-07-11T10:01:47.000Z</time></trkpt><trkpt lat="52.516344142957884" lon="13.388869084203693"><time>2023-07-11T10:01:48.000Z</time></trkpt><trkpt lat="52.51636546636713" lon="13.388872202811967"><time>2023-07-11T10:01:49.000Z</time></trkpt><trkpt lat="52.51638664819468" lon="13.38887744377745"><time>2023-07-11T10:01:50.000Z</time></trkpt><trkpt lat="52.51640763874003" lon="13.388884139864352"><time>2023-07-11T10:01:51.000Z</time></trkpt><trkpt lat="52.51642814134394" lon="13.388891742972985"><time>2023-07-11T10:01:52.000Z</time></trkpt><trkpt lat="52.516448705201974" lon="13.388899895735971"><time>2023-07-11T10:01:53.000Z</time></trkpt><trkpt lat="52.5164692602952" lon="13.388908316309703"><time>2023-07-11T10:01:54.000Z</time></trkpt><trkpt lat="52.516489880576756" lon="13.3889162716717"><time>2023-07-11T10:01:55.000Z</time></trkpt><trkpt lat="52.51651034299198" lon="13.388923112137478"><time>2023-07-11T10:01:56.000Z</time></trkpt><trkpt lat="52.51653040610995" lon="13.38892868882783"><time>2023-07-11T10:01:57.000Z</time></trkpt><trkpt lat="52.51654991485315" lon="13.388933044455007"><time>2023-07-11T10:01:58.000Z</time></trkpt><trkpt lat="52.51656877470097" lon="13.388936190351666"><time>2023-07-11T10:01:59.000Z</time></trkpt><trkpt lat="52.516586812946656" lon="13.388938366099193"><time>2023-07-11T10:02:00.000Z</time></trkpt><trkpt lat="52.51660380753151" lon="13.388940116197007"><time>2023-07-11T10:02:01.000Z</time></trkpt><trkpt lat="52.516619577681176" lon="13.388941553685305"><time>2023-07-11T10:02:02.000Z</time></trkpt><trkpt lat="52.516634275783964" lon="13.388942716244145"><time>2023-07-11T10:02:03.000Z</time></trkpt><trkpt lat="52.51664758844782" lon="13.388943798778875"><time>2023-07-11T10:02:04.000Z</time></trkpt><trkpt lat="52.51665933763734" lon="13.38894469639082"><time>2023-07-11T10:02:05.000Z</time></trkpt><trkpt lat="52.516669389091476" lon="13.38894545052395"><time>2023-07-11T10:02:06.000Z</time></trkpt><trkpt lat="52.51667791242937" lon="13.388946041867753"><time>2023-07-11T10:02:07.000Z</time></trkpt><trkpt lat="52.51668515610375" lon="13.388946493660312"><time>2023-07-11T10:02:08.000Z</time></trkpt><trkpt lat="52.516691255371704" lon="13.388946770267165"><time>2023-07-11T10:02:09.000Z</time></trkpt><trkpt lat="52.51669674090314" lon="13.388946717654177"><time>2023-07-11T10:02:10.000Z</time></trkpt><trkpt lat="52.5167016704164" lon="13.388946389743525"><time>2023-07-11T10:02:11.000Z</time></trkpt><trkpt lat="52.51670636641697" lon="13.388945679959134"><time>2023-07-11T10:02:12.000Z</time></trkpt><trkpt lat="52.51671110086322" lon="13.388944470392266"><time>2023-07-11T10:02:13.000Z</time></trkpt><trkpt lat="52.51671610761645" lon="13.388942665390381"><time>2023-07-11T10:02:14.000Z</time></trkpt><trkpt lat="52.51672161391454" lon="13.388940314498065"><time>2023-07-11T10:02:15.000Z</time></trkpt><trkpt lat="52.516727827722725" lon="13.388937516436261"><time>2023-07-11T10:02:16.000Z</time></trkpt><trkpt lat="52.51673493130941" lon="13.388934481247803"><time>2023-07-11T10:02:17.000Z</time></trkpt><trkpt lat="52.51674313557801" lon="13.38893131350407"><time>2023-07-11T10:02:18.000Z</time></trkpt><trkpt lat="52.516752415678305" lon="13.388928075309666"><time>2023-07-11T10:02:19.000Z</time></trkpt><trkpt lat="52.51676285203745" lon="13.388924910184308"><time>2023-07-11T10:02:20.000Z</time></trkpt><trkpt lat="52.516773840679775" lon="13.388921990327118"><time>2023-07-11T10:02:21.000Z</time></trkpt><trkpt lat="52.51678552941198" lon="13.388919273107666"><time>2023-07-11T10:02:22.000Z</time></trkpt><trkpt lat="52.51679776933176" lon="13.388916876475598"><time>2023-07-11T10:02:23.000Z</time></trkpt><trkpt lat="52.5168104208992" lon="13.388914928404027"><time>2023-07-11T10:02:24.000Z</time></trkpt><trkpt lat="52.51682341384637" lon="13.388913534078021"><time>2023-07-11T10:02:25.000Z</time></trkpt><trkpt lat="52.51683669692895" lon="13.388912589744434"><time>2023-07-11T10:02:26.000Z</time></trkpt><trkpt lat="52.51685019445079" lon="13.38891197135772"><time>2023-07-11T10:02:27.000Z</time></trkpt><trkpt lat="52.516863902876075" lon="13.388911473825413"><time>2023-07-11T10:02:28.000Z</time></trkpt><trkpt lat="52.51687782499362" lon="13.388911027146872"><time>2023-07-11T10:02:29.000Z</time></trkpt><trkpt lat="52.51689193391135" lon="13.388910354347036"><time>2023-07-11T10:02:30.000Z</time></trkpt><trkpt lat="52.51690620512764" lon="13.388909284167767"><time>2023-07-11T10:02:31.000Z</time></trkpt><trkpt lat="52.51692096114795" lon="13.388907790834425"><time>2023-07-11T10:02:32.000Z</time></trkpt><trkpt lat="52.51693619101627" lon="13.388905807251133"><time>2023-07-11T10:02:33.000Z</time></trkpt><trkpt lat="52.516951857183315" lon="13.388903340863896"><time>2023-07-11T10:02:34.000Z</time></trkpt><trkpt lat="52.5169679139824" lon="13.388900500335309"><time>2023-07-11T10:02:35.000Z</time></trkpt><trkpt lat="52.516984235568636" lon="13.38889735558419"><time>2023-07-11T10:02:36.000Z</time></trkpt><trkpt lat="52.51700062652642" lon="13.388893977388506"><time>2023-07-11T10:02:37.000Z</time></trkpt><trkpt lat="52.51701695657868" lon="13.388890515936653"><time>2023-07-11T10:02:38.000Z</time></trkpt><trkpt lat="52.51703305919384" lon="13.388886997821514"><time>2023-07-11T10:02:39.000Z</time></trkpt><trkpt lat="52.51704880304906" lon="13.388883407987425"><time>2023-07-11T10:02:40.000Z</time></trkpt><trkpt lat="52.51706411862336" lon="13.38888002823708"><time>2023-07-11T10:02:41.000Z</time></trkpt><trkpt lat="52.51707893126639" lon="13.388877022259875"><time>2023-07-11T10:02:42.000Z</time></trkpt><trkpt lat="52.51709313495374" lon="13.388874466438743"><time>2023-07-11T10:02:43.000Z</time></trkpt><trkpt lat="52.51710665413862" lon="13.388872495865506"><time>2023-07-11T10:02:44.000Z</time></trkpt><trkpt lat="52.517119244202945" lon="13.388871069055273"><time>2023-07-11T10:02:45.000Z</time></trkpt><trkpt lat="52.517130966849024" lon="13.388870164160975"><time>2023-07-11T10:02:46.000Z</time></trkpt><trkpt lat="52.51714174130109" lon="13.388869108055474"><time>2023-07-11T10:02:47.000Z</time></trkpt><trkpt lat="52.517151569551146" lon="13.388867667907887"><time>2023-07-11T10:02:48.000Z</time></trkpt><trkpt lat="52.517160206831676" lon="13.388865455584925"><time>2023-07-11T10:02:49.000Z</time></trkpt><trkpt lat="52.51716756589289" lon="13.388862454394438"><time>2023-07-11T10:02:50.000Z</time></trkpt><trkpt lat="52.517173563269814" lon="13.38885872779113"><time>2023-07-11T10:02:51.000Z</time></trkpt><trkpt lat="52.51717884735983" lon="13.388854374700504"><time>2023-07-11T10:02:52.000Z</time></trkpt><trkpt lat="52.51718324924097" lon="13.388849071834981"><time>2023-07-11T10:02:53.000Z</time></trkpt><trkpt lat="52.51718676697103" lon="13.388842950931592"><time>2023-07-11T10:02:54.000Z</time></trkpt><trkpt lat="52.51718930563102" lon="13.388835847400872"><time>2023-07-11T10:02:55.000Z</time></trkpt><trkpt lat="52.51719130918888" lon="13.388828123478744"><time>2023-07-11T10:02:56.000Z</time></trkpt><trkpt lat="52.51719321279791" lon="13.388820155924934"><time>2023-07-11T10:02:57.000Z</time></trkpt><trkpt lat="52.51719531680258" lon="13.388813039506896"><time>2023-07-11T10:02:58.000Z</time></trkpt><trkpt lat="52.51719786522338" lon="13.3888072287583"><time>2023-07-11T10:02:59.000Z</time></trkpt><trkpt lat="52.51720134988618" lon="13.388803066359072"><time>2023-07-11T10:03:00.000Z</time></trkpt><trkpt lat="52.51720609160324" lon="13.388800554641206"><time>2023-07-11T10:03:01.000Z</time></trkpt><trkpt lat="52.51721239639621" lon="13.38879957058195"><time>2023-07-11T10:03:02.000Z</time></trkpt><trkpt lat="52.51721948598906" lon="13.388799850666334"><time>2023-07-11T10:03:03.000Z</time></trkpt><trkpt lat="52.51722782481756" lon="13.388801307546977"><time>2023-07-11T10:03:04.000Z</time></trkpt><trkpt lat="52.51723755804901" lon="13.38880358545207"><time>2023-07-11T10:03:05.000Z</time></trkpt><trkpt lat="52.517248919445116" lon="13.38880664514689"><time>2023-07-11T10:03:06.000Z</time></trkpt><trkpt lat="52.517261810302074" lon="13.388810094734225"><time>2023-07-11T10:03:07.000Z</time></trkpt><trkpt lat="52.517275859210685" lon="13.388813527220295"><time>2023-07-11T10:03:08.000Z</time></trkpt><trkpt lat="52.5172909910724" lon="13.388816569363815"><time>2023-07-11T10:03:09.000Z</time></trkpt><trkpt lat="52.51730711998203" lon="13.38881908468195"><time>2023-07-11T10:03:10.000Z</time></trkpt><trkpt lat="52.51732408906924" lon="13.388821074852093"><time>2023-07-11T10:03:11.000Z</time></trkpt><trkpt lat="52.51734134465646" lon="13.388822497121081"><time>2023-07-11T10:03:12.000Z</time></trkpt><trkpt lat="52.51735878032086" lon="13.388823412120674"><time>2023-07-11T10:03:13.000Z</time></trkpt><trkpt lat="52.51737650656889" lon="13.388823659925395"><time>2023-07-11T10:03:14.000Z</time></trkpt><trkpt lat="52.517394159262146" lon="13.388823425744413"><time>2023-07-11T10:03:15.000Z</time></trkpt><trkpt lat="52.51741150837397" lon="13.38882281091705"><time>2023-07-11T10:03:16.000Z</time></trkpt><trkpt lat="52.51742837327936" lon="13.388821958062971"><time>2023-07-11T10:03:17.000Z</time></trkpt><trkpt lat="52.51744459611199" lon="13.388821036476527"><time>2023-07-11T10:03:18.000Z</time></trkpt><trkpt lat="52.51746003688376" lon="13.388820045503122"><time>2023-07-11T10:03:19.000Z</time></trkpt><trkpt lat="52.5174746187033" lon="13.38881903239626"><time>2023-07-11T10:03:20.000Z</time></trkpt><trkpt lat="52.517488074343255" lon="13.3888179055537"><time>2023-07-11T10:03:21.000Z</time></trkpt><trkpt lat="52.51750042392286" lon="13.388816762755415"><time>2023-07-11T10:03:22.000Z</time></trkpt><trkpt lat="52.517512067386775" lon="13.388815773173024"><time>2023-07-11T10:03:23.000Z</time></trkpt><trkpt lat="52.517522949008665" lon="13.388815070016392"><time>2023-07-11T10:03:24.000Z</time></trkpt><trkpt lat="52.51753317680496" lon="13.38881468756988"><time>2023-07-11T10:03:25.000Z</time></trkpt><trkpt lat="52.517542902168" lon="13.38881472193606"><time>2023-07-11T10:03:26.000Z</time></trkpt><trkpt lat="52.5175522744483" lon="13.38881502509488"><time>2023-07-11T10:03:27.000Z</time></trkpt><trkpt lat="52.51756141919191" lon="13.388815335126935"><time>2023-07-11T10:03:28.000Z</time></trkpt><trkpt lat="52.51757046304049" lon="13.388815539401156"><time>2023-07-11T10:03:29.000Z</time></trkpt><trkpt lat="52.517579527904736" lon="13.388815617993343"><time>2023-07-11T10:03:30.000Z</time></trkpt><trkpt lat="52.517588691721784" lon="13.388815361556167"><time>2023-07-11T10:03:31.000Z</time></trkpt><trkpt lat="52.51759801390317" lon="13.388814838699256"><time>2023-07-11T10:03:32.000Z</time></trkpt><trkpt lat="52.517607613670336" lon="13.38881408256143"><time>2023-07-11T10:03:33.000Z</time></trkpt><trkpt lat="52.51761757623127" lon="13.388813005181625"><time>2023-07-11T10:03:34.000Z</time></trkpt><trkpt lat="52.51762795208329" lon="13.388811379661218"><time>2023-07-11T10:03:35.000Z</time></trkpt><trkpt lat="52.51763868071926" lon="13.388809401601064"><time>2023-07-11T10:03:36.000Z</time></trkpt><trkpt lat="52.51764969954044" lon="13.388807124227828"><time>2023-07-11T10:03:37.000Z</time></trkpt><trkpt lat="52.51766093544028" lon="13.388805052683477"><time>2023-07-11T10:03:38.000Z</time></trkpt><trkpt lat="52.51767229579059" lon="13.388803679754506"><time>2023-07-11T10:03:39.000Z</time></trkpt><trkpt lat="52.517683704347405" lon="13.388803168721198"><time>2023-07-11T10:03:40.000Z</time></trkpt><trkpt lat="52.517694915048395" lon="13.388803406666096"><time>2023-07-11T10:03:41.000Z</time></trkpt><trkpt lat="52.517706100948935" lon="13.388804112686573"><time>2023-07-11T10:03:42.000Z</time></trkpt><trkpt lat="52.51771755756284" lon="13.388805033086568"><time>2023-07-11T10:03:43.000Z</time></trkpt><trkpt lat="52.51772923787883" lon="13.38880586646648"><time>2023-07-11T10:03:44.000Z</time></trkpt><trkpt lat="52.51774111286343" lon="13.388806489803562"><time>2023-07-11T10:03:45.000Z</time></trkpt><trkpt lat="52.517753156720204" lon="13.388807017201719"><time>2023-07-11T10:03:46.000Z</time></trkpt><trkpt lat="52.51776537716814" lon="13.38880752017534"><time>2023-07-11T10:03:47.000Z</time></trkpt><trkpt lat="52.517777770920446" lon="13.388807996433343"><time>2023-07-11T10:03:48.000Z</time></trkpt><trkpt lat="52.51779035067614" lon="13.388808187411126"><time>2023-07-11T10:03:49.000Z</time></trkpt><trkpt lat="52.517803139592274" lon="13.38880797474992"><time>2023-07-11T10:03:50.000Z</time></trkpt><trkpt lat="52.51781612596583" lon="13.388807325556378"><time>2023-07-11T10:03:51.000Z</time></trkpt><trkpt lat="52.51782946920695" lon="13.388806382163773"><time>2023-07-11T10:03:52.000Z</time></trkpt><trkpt lat="52.51784268062718" lon="13.388805439016641"><time>2023-07-11T10:03:53.000Z</time></trkpt><trkpt lat="52.51785567820577" lon="13.388804695193363"><time>2023-07-11T10:03:54.000Z</time></trkpt><trkpt lat="52.51786837902552" lon="13.388804174750266"><time>2023-07-11T10:03:55.000Z</time></trkpt><trkpt lat="52.51788070026887" lon="13.388803804291008"><time>2023-07-11T10:03:56.000Z</time></trkpt><trkpt lat="52.517892576498475" lon="13.388803371645325"><time>2023-07-11T10:03:57.000Z</time></trkpt><trkpt lat="52.51790390662011" lon="13.388802471660481"><time>2023-07-11T10:03:58.000Z</time></trkpt><trkpt lat="52.51791466125174" lon="13.38880103597232"><time>2023-07-11T10:03:59.000Z</time></trkpt><trkpt lat="52.517924830084716" lon="13.388798993516485"><time>2023-07-11T10:04:00.000Z</time></trkpt><trkpt lat="52.517934471235776" lon="13.388796295362082"><time>2023-07-11T10:04:01.000Z</time></trkpt><trkpt lat="52.517943438691006" lon="13.38879297931191"><time>2023-07-11T10:04:02.000Z</time></trkpt><trkpt lat="52.51795183389322" lon="13.388789035097027"><time>2023-07-11T10:04:03.000Z</time></trkpt><trkpt lat="52.5179599759117" lon="13.38878445887169"><time>2023-07-11T10:04:04.000Z</time></trkpt><trkpt lat="52.517967794777284" lon="13.388779132645345"><time>2023-07-11T10:04:05.000Z</time></trkpt><trkpt lat="52.51797541762965" lon="13.388773019597084"><time>2023-07-11T10:04:06.000Z</time></trkpt><trkpt lat="52.51798299307233" lon="13.388766386883056"><time>2023-07-11T10:04:07.000Z</time></trkpt><trkpt lat="52.517990329823085" lon="13.388759630859896"><time>2023-07-11T10:04:08.000Z</time></trkpt><trkpt lat="52.51799767797809" lon="13.388753121168616"><time>2023-07-11T10:04:09.000Z</time></trkpt><trkpt lat="52.518005237733725" lon="13.388747229209457"><time>2023-07-11T10:04:10.000Z</time></trkpt><trkpt lat="52.51801305719692" lon="13.38874178351972"><time>2023-07-11T10:04:11.000Z</time></trkpt><trkpt lat="52.51802080240819" lon="13.388732415134873"><time>2023-07-11T10:04:12.000Z</time></trkpt><trkpt lat="52.51802725276688" lon="13.388727705986055"><time>2023-07-11T10:04:13.000Z</time></trkpt><trkpt lat="52.518035228751806" lon="13.388723164249638"><time>2023-07-11T10:04:14.000Z</time></trkpt><trkpt lat="52.51804488265169" lon="13.388722034215935"><time>2023-07-11T10:04:15.000Z</time></trkpt><trkpt lat="52.51805493808983" lon="13.38871856265879"><time>2023-07-11T10:04:16.000Z</time></trkpt><trkpt lat="52.51792884667762" lon="13.389241926353437"><time>2023-07-11T10:07:13.000Z</time></trkpt><trkpt lat="52.51793558289437" lon="13.389254538015491"><time>2023-07-11T10:07:14.000Z</time></trkpt><trkpt lat="52.5179321886456" lon="13.389266567046743"><time>2023-07-11T10:07:15.000Z</time></trkpt><trkpt lat="52.5179281031638" lon="13.389278881274654"><time>2023-07-11T10:07:16.000Z</time></trkpt><trkpt lat="52.51792542679562" lon="13.389295537453112"><time>2023-07-11T10:07:17.000Z</time></trkpt><trkpt lat="52.517914557640786" lon="13.389276472118251"><time>2023-07-11T10:07:18.000Z</time></trkpt><trkpt lat="52.51791072242144" lon="13.389279473895568"><time>2023-07-11T10:07:19.000Z</time></trkpt><trkpt lat="52.517906053896134" lon="13.389281045478713"><time>2023-07-11T10:07:20.000Z</time></trkpt><trkpt lat="52.5179014473068" lon="13.389281230656644"><time>2023-07-11T10:07:21.000Z</time></trkpt><trkpt lat="52.517897536527634" lon="13.389280665105247"><time>2023-07-11T10:07:22.000Z</time></trkpt><trkpt lat="52.51789431301699" lon="13.389278889947029"><time>2023-07-11T10:07:23.000Z</time></trkpt><trkpt lat="52.51789257722876" lon="13.38927771354509"><time>2023-07-11T10:07:24.000Z</time></trkpt><trkpt lat="52.5178924204692" lon="13.38927697005851"><time>2023-07-11T10:07:25.000Z</time></trkpt><trkpt lat="52.517893768458656" lon="13.389277025818979"><time>2023-07-11T10:07:26.000Z</time></trkpt><trkpt lat="52.51789621116299" lon="13.389277487589611"><time>2023-07-11T10:07:27.000Z</time></trkpt><trkpt lat="52.517899766689" lon="13.389278592683594"><time>2023-07-11T10:07:28.000Z</time></trkpt><trkpt lat="52.517897981867506" lon="13.389277674018784"><time>2023-07-11T10:07:29.000Z</time></trkpt><trkpt lat="52.51790742072494" lon="13.389279846193189"><time>2023-07-11T10:07:30.000Z</time></trkpt><trkpt lat="52.517917545321374" lon="13.389285381199906"><time>2023-07-11T10:07:31.000Z</time></trkpt><trkpt lat="52.5179245421802" lon="13.389287132278287"><time>2023-07-11T10:07:32.000Z</time></trkpt><trkpt lat="52.51793266814709" lon="13.389292530541677"><time>2023-07-11T10:07:33.000Z</time></trkpt><trkpt lat="52.51798146409307" lon="13.389333646772876"><time>2023-07-11T10:07:40.000Z</time></trkpt><trkpt lat="52.51798480301712" lon="13.389336670472549"><time>2023-07-11T10:07:41.000Z</time></trkpt><trkpt lat="52.51798617141479" lon="13.389341361914788"><time>2023-07-11T10:07:42.000Z</time></trkpt><trkpt lat="52.51798738710006" lon="13.389345568977117"><time>2023-07-11T10:07:43.000Z</time></trkpt><trkpt lat="52.517988498632484" lon="13.38934943484179"><time>2023-07-11T10:07:44.000Z</time></trkpt><trkpt lat="52.517989299503874" lon="13.389352117586451"><time>2023-07-11T10:07:45.000Z</time></trkpt></trkseg></trk></gpx>