<?xml version="1.0" encoding="UTF-8"?><gpx creator="Health" xsi:schemaLocation="http://www.topografix.com/GPX/1/0 http://www.topografix.com/GPX/1/0/gpx.xsd" version="1.0" xmlns="http://www.topografix.com/GPX/1/0" xmlns:xsi="http://www.w3.org/2001/XMLSchema-instance"><metadata><time>2023-11-10T06:52:53.057Z</time></metadata><trk><type>Ходьба на улице</type><extensions><totalTime>7333.0</totalTime><cumulativeDecrease>0.0</cumulativeDecrease><cumulativeClimb>0.0</cumulativeClimb><totalDistance>7794.0</totalDistance></extensions><trkseg><trkpt lat="52.559539" lon="13.476144"><time>2023-11-10T06:52:53.057Z</time></trkpt><trkpt lat="52.559566" lon="13.476175"><time>2023-11-10T06:52:54.060Z</time></trkpt><trkpt lat="52.559664" lon="13.476245"><time>2023-11-10T06:52:55.063Z</time></trkpt><trkpt lat="52.560397" lon="13.47689"><time>2023-11-10T06:53:34.000Z</time></trkpt><trkpt lat="52.560411" lon="13.476932"><time>2023-11-10T06:53:36.000Z</time></trkpt><trkpt lat="52.560401" lon="13.476979"><time>2023-11-10T06:53:40.000Z</time></trkpt><trkpt lat="52.560372" lon="13.477012"><time>2023-11-10T06:53:44.000Z</time></trkpt><trkpt lat="52.560337" lon="13.477035"><time>2023-11-10T06:53:48.000Z</time></trkpt><trkpt lat="52.560309" lon="13.477043"><time>2023-11-10T06:53:56.000Z</time></trkpt><trkpt lat="52.560282" lon="13.477057"><time>2023-11-10T06:54:00.000Z</time></trkpt><trkpt lat="52.560252" lon="13.477065"><time>2023-11-10T06:54:04.000Z</time></trkpt><trkpt lat="52.560219" lon="13.477074"><time>2023-11-10T06:54:08.000Z</time></trkpt><trkpt lat="52.560182" lon="13.477086"><time>2023-11-10T06:54:12.000Z</time></trkpt><trkpt lat="52.560104" lon="13.477119"><time>2023-11-10T06:54:16.000Z</time></trkpt><trkpt lat="52.560017" lon="13.477146"><time>2023-11-10T06:54:26.000Z</time></trkpt><trkpt lat="52.559932" lon="13.47716"><time>2023-11-10T06:54:34.000Z</time></trkpt><trkpt lat="52.559893" lon="13.477135"><time>2023-11-10T06:54:40.000Z</time></trkpt><trkpt lat="52.55987" lon="13.477099"><time>2023-11-10T06:54:44.000Z</time></trkpt><trkpt lat="52.559843" lon="13.477038"><time>2023-11-10T06:54:48.000Z</time></trkpt><trkpt lat="52.559813" lon="13.477001"><time>2023-11-10T06:54:54.000Z</time></trkpt><trkpt lat="52.559779" lon="13.476977"><time>2023-11-10T06:55:04.000Z</time></trkpt><trkpt lat="52.559748" lon="13.476986"><time>2023-11-10T06:55:16.000Z</time></trkpt><trkpt lat="52.559715" lon="13.476998"><time>2023-11-10T06:55:22.000Z</time></trkpt><trkpt lat="52.559679" lon="13.477027"><time>2023-11-10T06:55:26.000Z</time></trkpt><trkpt lat="52.559641" lon="13.47706"><time>2023-11-10T06:55:30.000Z</time></trkpt><trkpt lat="52.559604" lon="13.477095"><time>2023-11-10T06:55:32.000Z</time></trkpt><trkpt lat="52.559571" lon="13.477113"><time>2023-11-10T06:55:34.000Z</time></trkpt><trkpt lat="52.559539" lon="13.477112"><time>2023-11-10T06:55:38.000Z</time></trkpt><trkpt lat="52.559507" lon="13.4771"><time>2023-11-10T06:55:42.000Z</time></trkpt><trkpt lat="52.559471" lon="13.477103"><time>2023-11-10T06:55:46.000Z</time></trkpt><trkpt lat="52.559414" lon="13.477204"><time>2023-11-10T06:55:50.000Z</time></trkpt><trkpt lat="52.559368" lon="13.477324"><time>2023-11-10T06:56:00.000Z</time></trkpt><trkpt lat="52.55934" lon="13.477457"><time>2023-11-10T06:56:02.000Z</time></trkpt><trkpt lat="52.559345" lon="13.477527"><time>2023-11-10T06:56:06.000Z</time></trkpt><trkpt lat="52.559355" lon="13.477602"><time>2023-11-10T06:56:10.000Z</time></trkpt><trkpt lat="52.559363" lon="13.477667"><time>2023-11-10T06:56:14.000Z</time></trkpt><trkpt lat="52.559373" lon="13.477728"><time>2023-11-10T06:56:18.000Z</time></trkpt><trkpt lat="52.559377" lon="13.477791"><time>2023-11-10T06:56:22.000Z</time></trkpt><trkpt lat="52.559372" lon="13.477857"><time>2023-11-10T06:56:26.000Z</time></trkpt><trkpt lat="52.559349" lon="13.477914"><time>2023-11-10T06:56:30.000Z</time></trkpt><trkpt lat="52.559316" lon="13.477947"><time>2023-11-10T06:56:34.000Z</time></trkpt><trkpt lat="52.559282" lon="13.477963"><time>2023-11-10T06:56:36.000Z</time></trkpt><trkpt lat="52.559252" lon="13.477972"><time>2023-11-10T06:56:38.000Z</time></trkpt><trkpt lat="52.559225" lon="13.477981"><time>2023-11-10T06:56:40.000Z</time></trkpt><trkpt lat="52.55919" lon="13.477998"><time>2023-11-10T06:56:42.000Z</time></trkpt><trkpt lat="52.559149" lon="13.478011"><time>2023-11-10T06:56:46.000Z</time></trkpt><trkpt lat="52.559104" lon="13.478012"><time>2023-11-10T06:56:50.000Z</time></trkpt><trkpt lat="52.559061" lon="13.478006"><time>2023-11-10T06:56:54.000Z</time></trkpt><trkpt lat="52.559023" lon="13.478005"><time>2023-11-10T06:56:58.000Z</time></trkpt><trkpt lat="52.55899" lon="13.47801"><time>2023-11-10T06:57:02.000Z</time></trkpt><trkpt lat="52.558957" lon="13.478008"><time>2023-11-10T06:57:06.000Z</time></trkpt><trkpt lat="52.558924" lon="13.477999"><time>2023-11-10T06:57:12.000Z</time></trkpt><trkpt lat="52.558892" lon="13.477994"><time>2023-11-10T06:57:14.000Z</time></trkpt><trkpt lat="52.558862" lon="13.477996"><time>2023-11-10T06:57:16.000Z</time></trkpt><trkpt lat="52.558829" lon="13.478"><time>2023-11-10T06:57:18.000Z</time></trkpt><trkpt lat="52.558794" lon="13.478003"><time>2023-11-10T06:57:20.000Z</time></trkpt><trkpt lat="52.558759" lon="13.478003"><time>2023-11-10T06:57:22.000Z</time></trkpt><trkpt lat="52.558725" lon="13.478002"><time>2023-11-10T06:57:24.000Z</time></trkpt><trkpt lat="52.558693" lon="13.478001"><time>2023-11-10T06:57:26.000Z</time></trkpt><trkpt lat="52.558659" lon="13.478007"><time>2023-11-10T06:57:28.000Z</time></trkpt><trkpt lat="52.558628" lon="13.478017"><time>2023-11-10T06:57:30.000Z</time></trkpt><trkpt lat="52.558597" lon="13.47803"><time>2023-11-10T06:57:32.000Z</time></trkpt><trkpt lat="52.558569" lon="13.478044"><time>2023-11-10T06:57:34.000Z</time></trkpt><trkpt lat="52.558539" lon="13.478053"><time>2023-11-10T06:57:36.000Z</time></trkpt><trkpt lat="52.558511" lon="13.478061"><time>2023-11-10T06:57:38.000Z</time></trkpt><trkpt lat="52.558483" lon="13.478069"><time>2023-11-10T06:57:40.000Z</time></trkpt><trkpt lat="52.558445" lon="13.478081"><time>2023-11-10T06:57:42.000Z</time></trkpt><trkpt lat="52.558408" lon="13.478094"><time>2023-11-10T06:57:46.000Z</time></trkpt><trkpt lat="52.558367" lon="13.4781"><time>2023-11-10T06:57:48.000Z</time></trkpt><trkpt lat="52.55833" lon="13.478104"><time>2023-11-10T06:57:52.000Z</time></trkpt><trkpt lat="52.558287" lon="13.478107"><time>2023-11-10T06:57:56.000Z</time></trkpt><trkpt lat="52.558241" lon="13.478119"><time>2023-11-10T06:58:00.000Z</time></trkpt><trkpt lat="52.5582" lon="13.478129"><time>2023-11-10T06:58:04.000Z</time></trkpt><trkpt lat="52.558162" lon="13.47814"><time>2023-11-10T06:58:06.000Z</time></trkpt><trkpt lat="52.558129" lon="13.478147"><time>2023-11-10T06:58:08.000Z</time></trkpt><trkpt lat="52.558093" lon="13.478166"><time>2023-11-10T06:58:10.000Z</time></trkpt><trkpt lat="52.558053" lon="13.478191"><time>2023-11-10T06:58:14.000Z</time></trkpt><trkpt lat="52.558016" lon="13.47822"><time>2023-11-10T06:58:18.000Z</time></trkpt><trkpt lat="52.557983" lon="13.478235"><time>2023-11-10T06:58:20.000Z</time></trkpt><trkpt lat="52.557952" lon="13.478247"><time>2023-11-10T06:58:22.000Z</time></trkpt><trkpt lat="52.557916" lon="13.478255"><time>2023-11-10T06:58:26.000Z</time></trkpt><trkpt lat="52.557877" lon="13.478262"><time>2023-11-10T06:58:30.000Z</time></trkpt><trkpt lat="52.557835" lon="13.478265"><time>2023-11-10T06:58:34.000Z</time></trkpt><trkpt lat="52.557788" lon="13.478273"><time>2023-11-10T06:58:38.000Z</time></trkpt><trkpt lat="52.557743" lon="13.478284"><time>2023-11-10T06:58:42.000Z</time></trkpt><trkpt lat="52.557698" lon="13.478303"><time>2023-11-10T06:58:44.000Z</time></trkpt><trkpt lat="52.557662" lon="13.47832"><time>2023-11-10T06:58:48.000Z</time></trkpt><trkpt lat="52.557625" lon="13.478335"><time>2023-11-10T06:58:50.000Z</time></trkpt><trkpt lat="52.557594" lon="13.478345"><time>2023-11-10T06:58:54.000Z</time></trkpt><trkpt lat="52.557563" lon="13.478348"><time>2023-11-10T06:58:56.000Z</time></trkpt><trkpt lat="52.557535" lon="13.478351"><time>2023-11-10T06:58:58.000Z</time></trkpt><trkpt lat="52.557507" lon="13.47835"><time>2023-11-10T06:59:00.000Z</time></trkpt><trkpt lat="52.557473" lon="13.478347"><time>2023-11-10T06:59:02.000Z</time></trkpt><trkpt lat="52.557433" lon="13.478338"><time>2023-11-10T06:59:06.000Z</time></trkpt><trkpt lat="52.557389" lon="13.478334"><time>2023-11-10T06:59:10.000Z</time></trkpt><trkpt lat="52.557346" lon="13.478341"><time>2023-11-10T06:59:14.000Z</time></trkpt><trkpt lat="52.557306" lon="13.478354"><time>2023-11-10T06:59:18.000Z</time></trkpt><trkpt lat="52.557266" lon="13.47837"><time>2023-11-10T06:59:22.000Z</time></trkpt><trkpt lat="52.557231" lon="13.47838"><time>2023-11-10T06:59:26.000Z</time></trkpt><trkpt lat="52.557188" lon="13.478391"><time>2023-11-10T06:59:28.000Z</time></trkpt><trkpt lat="52.557147" lon="13.478399"><time>2023-11-10T06:59:32.000Z</time></trkpt><trkpt lat="52.557101" lon="13.47841"><time>2023-11-10T06:59:34.000Z</time></trkpt><trkpt lat="52.557062" lon="13.478421"><time>2023-11-10T06:59:38.000Z</time></trkpt><trkpt lat="52.557024" lon="13.478421"><time>2023-11-10T06:59:42.000Z</time></trkpt><trkpt lat="52.556988" lon="13.478412"><time>2023-11-10T06:59:46.000Z</time></trkpt><trkpt lat="52.556952" lon="13.478399"><time>2023-11-10T06:59:50.000Z</time></trkpt><trkpt lat="52.556911" lon="13.478392"><time>2023-11-10T06:59:54.000Z</time></trkpt><trkpt lat="52.556867" lon="13.4784"><time>2023-11-10T06:59:58.000Z</time></trkpt><trkpt lat="52.556826" lon="13.478413"><time>2023-11-10T07:00:02.000Z</time></trkpt><trkpt lat="52.556789" lon="13.478432"><time>2023-11-10T07:00:04.000Z</time></trkpt><trkpt lat="52.556758" lon="13.478447"><time>2023-11-10T07:00:06.000Z</time></trkpt><trkpt lat="52.556722" lon="13.478463"><time>2023-11-10T07:00:08.000Z</time></trkpt><trkpt lat="52.556687" lon="13.478477"><time>2023-11-10T07:00:12.000Z</time></trkpt><trkpt lat="52.556652" lon="13.478489"><time>2023-11-10T07:00:14.000Z</time></trkpt><trkpt lat="52.556619" lon="13.478498"><time>2023-11-10T07:00:16.000Z</time></trkpt><trkpt lat="52.556586" lon="13.478504"><time>2023-11-10T07:00:18.000Z</time></trkpt><trkpt lat="52.556551" lon="13.478505"><time>2023-11-10T07:00:20.000Z</time></trkpt><trkpt lat="52.556519" lon="13.478505"><time>2023-11-10T07:00:22.000Z</time></trkpt><trkpt lat="52.556486" lon="13.478497"><time>2023-11-10T07:00:24.000Z</time></trkpt><trkpt lat="52.556453" lon="13.478487"><time>2023-11-10T07:00:26.000Z</time></trkpt><trkpt lat="52.556422" lon="13.478479"><time>2023-11-10T07:00:28.000Z</time></trkpt><trkpt lat="52.55639" lon="13.478479"><time>2023-11-10T07:00:30.000Z</time></trkpt><trkpt lat="52.556358" lon="13.478483"><time>2023-11-10T07:00:34.000Z</time></trkpt><trkpt lat="52.556324" lon="13.478485"><time>2023-11-10T07:00:42.000Z</time></trkpt><trkpt lat="52.556293" lon="13.47848"><time>2023-11-10T07:00:48.000Z</time></trkpt><trkpt lat="52.556259" lon="13.478472"><time>2023-11-10T07:00:52.000Z</time></trkpt><trkpt lat="52.556223" lon="13.478465"><time>2023-11-10T07:00:56.000Z</time></trkpt><trkpt lat="52.556186" lon="13.478462"><time>2023-11-10T07:01:00.000Z</time></trkpt><trkpt lat="52.556154" lon="13.478438"><time>2023-11-10T07:01:04.000Z</time></trkpt><trkpt lat="52.556128" lon="13.478403"><time>2023-11-10T07:01:08.000Z</time></trkpt><trkpt lat="52.556106" lon="13.478358"><time>2023-11-10T07:01:10.000Z</time></trkpt><trkpt lat="52.556081" lon="13.478324"><time>2023-11-10T07:01:12.000Z</time></trkpt><trkpt lat="52.556047" lon="13.478303"><time>2023-11-10T07:01:16.000Z</time></trkpt><trkpt lat="52.55601" lon="13.478296"><time>2023-11-10T07:01:20.000Z</time></trkpt><trkpt lat="52.555972" lon="13.478308"><time>2023-11-10T07:01:22.000Z</time></trkpt><trkpt lat="52.555937" lon="13.478328"><time>2023-11-10T07:01:26.000Z</time></trkpt><trkpt lat="52.555902" lon="13.478355"><time>2023-11-10T07:01:28.000Z</time></trkpt><trkpt lat="52.555871" lon="13.47838"><time>2023-11-10T07:01:30.000Z</time></trkpt><trkpt lat="52.555836" lon="13.478403"><time>2023-11-10T07:01:32.000Z</time></trkpt><trkpt lat="52.555799" lon="13.47842"><time>2023-11-10T07:01:34.000Z</time></trkpt><trkpt lat="52.555761" lon="13.478441"><time>2023-11-10T07:01:36.000Z</time></trkpt><trkpt lat="52.555725" lon="13.478458"><time>2023-11-10T07:01:38.000Z</time></trkpt><trkpt lat="52.555685" lon="13.478467"><time>2023-11-10T07:01:40.000Z</time></trkpt><trkpt lat="52.555651" lon="13.478455"><time>2023-11-10T07:01:44.000Z</time></trkpt><trkpt lat="52.555614" lon="13.478434"><time>2023-11-10T07:01:48.000Z</time></trkpt><trkpt lat="52.555571" lon="13.478399"><time>2023-11-10T07:01:54.000Z</time></trkpt><trkpt lat="52.55552" lon="13.478367"><time>2023-11-10T07:02:00.000Z</time></trkpt><trkpt lat="52.555464" lon="13.478344"><time>2023-11-10T07:02:04.000Z</time></trkpt><trkpt lat="52.55541" lon="13.478342"><time>2023-11-10T07:02:08.000Z</time></trkpt><trkpt lat="52.555358" lon="13.47835"><time>2023-11-10T07:02:12.000Z</time></trkpt><trkpt lat="52.555316" lon="13.478348"><time>2023-11-10T07:02:14.000Z</time></trkpt><trkpt lat="52.555283" lon="13.478338"><time>2023-11-10T07:02:16.000Z</time></trkpt><trkpt lat="52.555251" lon="13.478326"><time>2023-11-10T07:02:18.000Z</time></trkpt><trkpt lat="52.555218" lon="13.47832"><time>2023-11-10T07:02:20.000Z</time></trkpt><trkpt lat="52.555176" lon="13.478324"><time>2023-11-10T07:02:22.000Z</time></trkpt><trkpt lat="52.555133" lon="13.478325"><time>2023-11-10T07:02:26.000Z</time></trkpt><trkpt lat="52.555087" lon="13.478316"><time>2023-11-10T07:02:30.000Z</time></trkpt><trkpt lat="52.555038" lon="13.478306"><time>2023-11-10T07:02:34.000Z</time></trkpt><trkpt lat="52.55499" lon="13.478301"><time>2023-11-10T07:02:38.000Z</time></trkpt><trkpt lat="52.554941" lon="13.478302"><time>2023-11-10T07:02:40.000Z</time></trkpt><trkpt lat="52.554901" lon="13.478294"><time>2023-11-10T07:02:44.000Z</time></trkpt><trkpt lat="52.554862" lon="13.478282"><time>2023-11-10T07:02:50.000Z</time></trkpt><trkpt lat="52.554823" lon="13.478286"><time>2023-11-10T07:02:54.000Z</time></trkpt><trkpt lat="52.554756" lon="13.478304"><time>2023-11-10T07:02:58.000Z</time></trkpt><trkpt lat="52.554691" lon="13.478331"><time>2023-11-10T07:03:04.000Z</time></trkpt><trkpt lat="52.554629" lon="13.478355"><time>2023-11-10T07:03:06.000Z</time></trkpt><trkpt lat="52.554593" lon="13.478385"><time>2023-11-10T07:03:08.000Z</time></trkpt><trkpt lat="52.554554" lon="13.478423"><time>2023-11-10T07:03:10.000Z</time></trkpt><trkpt lat="52.554515" lon="13.478467"><time>2023-11-10T07:03:12.000Z</time></trkpt><trkpt lat="52.554475" lon="13.478516"><time>2023-11-10T07:03:14.000Z</time></trkpt><trkpt lat="52.554434" lon="13.478567"><time>2023-11-10T07:03:16.000Z</time></trkpt><trkpt lat="52.554395" lon="13.478614"><time>2023-11-10T07:03:18.000Z</time></trkpt><trkpt lat="52.554362" lon="13.47865"><time>2023-11-10T07:03:20.000Z</time></trkpt><trkpt lat="52.554332" lon="13.478679"><time>2023-11-10T07:03:22.000Z</time></trkpt><trkpt lat="52.554304" lon="13.478702"><time>2023-11-10T07:03:24.000Z</time></trkpt><trkpt lat="52.554276" lon="13.478718"><time>2023-11-10T07:03:26.000Z</time></trkpt><trkpt lat="52.554244" lon="13.478732"><time>2023-11-10T07:03:30.000Z</time></trkpt><trkpt lat="52.554214" lon="13.478751"><time>2023-11-10T07:03:34.000Z</time></trkpt><trkpt lat="52.554185" lon="13.478775"><time>2023-11-10T07:03:36.000Z</time></trkpt><trkpt lat="52.554158" lon="13.47879"><time>2023-11-10T07:03:40.000Z</time></trkpt><trkpt lat="52.554124" lon="13.478792"><time>2023-11-10T07:03:44.000Z</time></trkpt><trkpt lat="52.554087" lon="13.478791"><time>2023-11-10T07:03:48.000Z</time></trkpt><trkpt lat="52.554049" lon="13.478809"><time>2023-11-10T07:03:52.000Z</time></trkpt><trkpt lat="52.554016" lon="13.478829"><time>2023-11-10T07:03:56.000Z</time></trkpt><trkpt lat="52.553984" lon="13.478848"><time>2023-11-10T07:04:00.000Z</time></trkpt><trkpt lat="52.553954" lon="13.478843"><time>2023-11-10T07:04:04.000Z</time></trkpt><trkpt lat="52.553925" lon="13.478835"><time>2023-11-10T07:04:08.000Z</time></trkpt><trkpt lat="52.553889" lon="13.47883"><time>2023-11-10T07:04:12.000Z</time></trkpt><trkpt lat="52.553848" lon="13.478839"><time>2023-11-10T07:04:16.000Z</time></trkpt><trkpt lat="52.5538" lon="13.478866"><time>2023-11-10T07:04:20.000Z</time></trkpt><trkpt lat="52.553754" lon="13.478897"><time>2023-11-10T07:04:24.000Z</time></trkpt><trkpt lat="52.553709" lon="13.478925"><time>2023-11-10T07:04:28.000Z</time></trkpt><trkpt lat="52.553668" lon="13.478945"><time>2023-11-10T07:04:32.000Z</time></trkpt><trkpt lat="52.553627" lon="13.478951"><time>2023-11-10T07:04:36.000Z</time></trkpt><trkpt lat="52.553581" lon="13.478944"><time>2023-11-10T07:04:40.000Z</time></trkpt><trkpt lat="52.553537" lon="13.478933"><time>2023-11-10T07:04:44.000Z</time></trkpt><trkpt lat="52.553498" lon="13.478928"><time>2023-11-10T07:04:46.000Z</time></trkpt><trkpt lat="52.553463" lon="13.478933"><time>2023-11-10T07:04:48.000Z</time></trkpt><trkpt lat="52.553425" lon="13.478931"><time>2023-11-10T07:04:52.000Z</time></trkpt><trkpt lat="52.553357" lon="13.478998"><time>2023-11-10T07:05:18.000Z</time></trkpt><trkpt lat="52.553358" lon="13.479042"><time>2023-11-10T07:05:20.000Z</time></trkpt><trkpt lat="52.553354" lon="13.479085"><time>2023-11-10T07:05:24.000Z</time></trkpt><trkpt lat="52.553353" lon="13.479138"><time>2023-11-10T07:05:28.000Z</time></trkpt><trkpt lat="52.553348" lon="13.479192"><time>2023-11-10T07:05:32.000Z</time></trkpt><trkpt lat="52.553351" lon="13.479248"><time>2023-11-10T07:05:34.000Z</time></trkpt><trkpt lat="52.553308" lon="13.479258"><time>2023-11-10T07:06:02.000Z</time></trkpt><trkpt lat="52.553328" lon="13.479229"><time>2023-11-10T07:06:18.000Z</time></trkpt><trkpt lat="52.553324" lon="13.479197"><time>2023-11-10T07:06:22.000Z</time></trkpt><trkpt lat="52.553295" lon="13.47916"><time>2023-11-10T07:06:26.000Z</time></trkpt><trkpt lat="52.553254" lon="13.479115"><time>2023-11-10T07:06:30.000Z</time></trkpt><trkpt lat="52.553209" lon="13.479071"><time>2023-11-10T07:06:34.000Z</time></trkpt><trkpt lat="52.553161" lon="13.479008"><time>2023-11-10T07:06:38.000Z</time></trkpt><trkpt lat="52.553123" lon="13.478955"><time>2023-11-10T07:06:42.000Z</time></trkpt><trkpt lat="52.553093" lon="13.478905"><time>2023-11-10T07:06:44.000Z</time></trkpt><trkpt lat="52.55307" lon="13.478877"><time>2023-11-10T07:06:46.000Z</time></trkpt><trkpt lat="52.553044" lon="13.478848"><time>2023-11-10T07:06:48.000Z</time></trkpt><trkpt lat="52.553017" lon="13.478809"><time>2023-11-10T07:06:52.000Z</time></trkpt><trkpt lat="52.552989" lon="13.478773"><time>2023-11-10T07:06:54.000Z</time></trkpt><trkpt lat="52.552956" lon="13.478731"><time>2023-11-10T07:06:56.000Z</time></trkpt><trkpt lat="52.552918" lon="13.478692"><time>2023-11-10T07:07:00.000Z</time></trkpt><trkpt lat="52.552879" lon="13.478657"><time>2023-11-10T07:07:02.000Z</time></trkpt><trkpt lat="52.552847" lon="13.478623"><time>2023-11-10T07:07:04.000Z</time></trkpt><trkpt lat="52.552823" lon="13.478588"><time>2023-11-10T07:07:08.000Z</time></trkpt><trkpt lat="52.552794" lon="13.478541"><time>2023-11-10T07:07:12.000Z</time></trkpt><trkpt lat="52.552764" lon="13.478496"><time>2023-11-10T07:07:16.000Z</time></trkpt><trkpt lat="52.552735" lon="13.478449"><time>2023-11-10T07:07:18.000Z</time></trkpt><trkpt lat="52.552717" lon="13.478404"><time>2023-11-10T07:07:20.000Z</time></trkpt><trkpt lat="52.552701" lon="13.478363"><time>2023-11-10T07:07:22.000Z</time></trkpt><trkpt lat="52.552684" lon="13.478326"><time>2023-11-10T07:07:24.000Z</time></trkpt><trkpt lat="52.552657" lon="13.478288"><time>2023-11-10T07:07:26.000Z</time></trkpt><trkpt lat="52.552628" lon="13.478251"><time>2023-11-10T07:07:30.000Z</time></trkpt><trkpt lat="52.5526" lon="13.478212"><time>2023-11-10T07:07:32.000Z</time></trkpt><trkpt lat="52.552579" lon="13.478158"><time>2023-11-10T07:07:34.000Z</time></trkpt><trkpt lat="52.552537" lon="13.478097"><time>2023-11-10T07:07:38.000Z</time></trkpt><trkpt lat="52.552431" lon="13.477956"><time>2023-11-10T07:07:44.000Z</time></trkpt><trkpt lat="52.552331" lon="13.47783"><time>2023-11-10T07:08:04.000Z</time></trkpt><trkpt lat="52.552265" lon="13.477699"><time>2023-11-10T07:08:08.000Z</time></trkpt><trkpt lat="52.552248" lon="13.477654"><time>2023-11-10T07:08:10.000Z</time></trkpt><trkpt lat="52.551893" lon="13.47729"><time>2023-11-10T07:08:48.000Z</time></trkpt><trkpt lat="52.551839" lon="13.477256"><time>2023-11-10T07:08:52.000Z</time></trkpt><trkpt lat="52.551782" lon="13.477207"><time>2023-11-10T07:08:56.000Z</time></trkpt><trkpt lat="52.551733" lon="13.477168"><time>2023-11-10T07:09:01.000Z</time></trkpt><trkpt lat="52.551693" lon="13.477122"><time>2023-11-10T07:09:03.000Z</time></trkpt><trkpt lat="52.551664" lon="13.477086"><time>2023-11-10T07:09:07.000Z</time></trkpt><trkpt lat="52.551631" lon="13.477036"><time>2023-11-10T07:09:11.000Z</time></trkpt><trkpt lat="52.551601" lon="13.476986"><time>2023-11-10T07:09:15.000Z</time></trkpt><trkpt lat="52.551564" lon="13.476926"><time>2023-11-10T07:09:17.000Z</time></trkpt><trkpt lat="52.551533" lon="13.476875"><time>2023-11-10T07:09:21.000Z</time></trkpt><trkpt lat="52.551502" lon="13.47683"><time>2023-11-10T07:09:23.000Z</time></trkpt><trkpt lat="52.551479" lon="13.476779"><time>2023-11-10T07:09:25.000Z</time></trkpt><trkpt lat="52.551454" lon="13.476733"><time>2023-11-10T07:09:29.000Z</time></trkpt><trkpt lat="52.551427" lon="13.476684"><time>2023-11-10T07:09:31.000Z</time></trkpt><trkpt lat="52.551391" lon="13.476655"><time>2023-11-10T07:09:35.000Z</time></trkpt><trkpt lat="52.551357" lon="13.476621"><time>2023-11-10T07:09:39.000Z</time></trkpt><trkpt lat="52.551324" lon="13.476598"><time>2023-11-10T07:09:41.000Z</time></trkpt><trkpt lat="52.551298" lon="13.476584"><time>2023-11-10T07:09:43.000Z</time></trkpt><trkpt lat="52.55127" lon="13.476569"><time>2023-11-10T07:09:45.000Z</time></trkpt><trkpt lat="52.551242" lon="13.476546"><time>2023-11-10T07:09:47.000Z</time></trkpt><trkpt lat="52.551215" lon="13.476517"><time>2023-11-10T07:09:49.000Z</time></trkpt><trkpt lat="52.551168" lon="13.476449"><time>2023-11-10T07:09:51.000Z</time></trkpt><trkpt lat="52.551114" lon="13.476374"><time>2023-11-10T07:09:57.000Z</time></trkpt><trkpt lat="52.551057" lon="13.476302"><time>2023-11-10T07:10:01.000Z</time></trkpt><trkpt lat="52.55102" lon="13.476271"><time>2023-11-10T07:10:03.000Z</time></trkpt><trkpt lat="52.550989" lon="13.476241"><time>2023-11-10T07:10:06.000Z</time></trkpt><trkpt lat="52.550964" lon="13.476204"><time>2023-11-10T07:10:10.000Z</time></trkpt><trkpt lat="52.55094" lon="13.476171"><time>2023-11-10T07:10:14.000Z</time></trkpt><trkpt lat="52.550888" lon="13.476116"><time>2023-11-10T07:10:16.000Z</time></trkpt><trkpt lat="52.550833" lon="13.476042"><time>2023-11-10T07:10:24.000Z</time></trkpt><trkpt lat="52.550777" lon="13.47597"><time>2023-11-10T07:10:28.000Z</time></trkpt><trkpt lat="52.550753" lon="13.475906"><time>2023-11-10T07:10:32.000Z</time></trkpt><trkpt lat="52.550728" lon="13.475863"><time>2023-11-10T07:10:38.000Z</time></trkpt><trkpt lat="52.550703" lon="13.4758"><time>2023-11-10T07:10:42.000Z</time></trkpt><trkpt lat="52.550678" lon="13.475743"><time>2023-11-10T07:10:46.000Z</time></trkpt><trkpt lat="52.550619" lon="13.47566"><time>2023-11-10T07:10:48.000Z</time></trkpt><trkpt lat="52.550554" lon="13.475585"><time>2023-11-10T07:10:58.000Z</time></trkpt><trkpt lat="52.550487" lon="13.475513"><time>2023-11-10T07:11:02.000Z</time></trkpt><trkpt lat="52.550454" lon="13.475463"><time>2023-11-10T07:11:04.000Z</time></trkpt><trkpt lat="52.55043" lon="13.475419"><time>2023-11-10T07:11:06.000Z</time></trkpt><trkpt lat="52.550409" lon="13.475371"><time>2023-11-10T07:11:08.000Z</time></trkpt><trkpt lat="52.550383" lon="13.47532"><time>2023-11-10T07:11:12.000Z</time></trkpt><trkpt lat="52.55036" lon="13.475262"><time>2023-11-10T07:11:16.000Z</time></trkpt><trkpt lat="52.550334" lon="13.475209"><time>2023-11-10T07:11:18.000Z</time></trkpt><trkpt lat="52.55031" lon="13.475162"><time>2023-11-10T07:11:20.000Z</time></trkpt><trkpt lat="52.550281" lon="13.475131"><time>2023-11-10T07:11:24.000Z</time></trkpt><trkpt lat="52.55025" lon="13.475097"><time>2023-11-10T07:11:26.000Z</time></trkpt><trkpt lat="52.550222" lon="13.475065"><time>2023-11-10T07:11:30.000Z</time></trkpt><trkpt lat="52.550192" lon="13.47503"><time>2023-11-10T07:11:32.000Z</time></trkpt><trkpt lat="52.55016" lon="13.475006"><time>2023-11-10T07:11:34.000Z</time></trkpt><trkpt lat="52.550125" lon="13.474988"><time>2023-11-10T07:11:36.000Z</time></trkpt><trkpt lat="52.55009" lon="13.474952"><time>2023-11-10T07:11:38.000Z</time></trkpt><trkpt lat="52.550061" lon="13.474908"><time>2023-11-10T07:11:42.000Z</time></trkpt><trkpt lat="52.550037" lon="13.474853"><time>2023-11-10T07:11:44.000Z</time></trkpt><trkpt lat="52.550019" lon="13.474809"><time>2023-11-10T07:11:46.000Z</time></trkpt><trkpt lat="52.549997" lon="13.474764"><time>2023-11-10T07:11:48.000Z</time></trkpt><trkpt lat="52.54997" lon="13.474731"><time>2023-11-10T07:11:52.000Z</time></trkpt><trkpt lat="52.549942" lon="13.474695"><time>2023-11-10T07:11:54.000Z</time></trkpt><trkpt lat="52.549917" lon="13.474671"><time>2023-11-10T07:11:56.000Z</time></trkpt><trkpt lat="52.549889" lon="13.47465"><time>2023-11-10T07:11:58.000Z</time></trkpt><trkpt lat="52.549856" lon="13.474636"><time>2023-11-10T07:12:00.000Z</time></trkpt><trkpt lat="52.549828" lon="13.474613"><time>2023-11-10T07:12:04.000Z</time></trkpt><trkpt lat="52.549818" lon="13.474574"><time>2023-11-10T07:12:06.000Z</time></trkpt><trkpt lat="52.549824" lon="13.474532"><time>2023-11-10T07:12:14.000Z</time></trkpt><trkpt lat="52.549843" lon="13.474483"><time>2023-11-10T07:12:18.000Z</time></trkpt><trkpt lat="52.54987" lon="13.474439"><time>2023-11-10T07:12:26.000Z</time></trkpt><trkpt lat="52.549902" lon="13.474419"><time>2023-11-10T07:12:30.000Z</time></trkpt><trkpt lat="52.549959" lon="13.47441"><time>2023-11-10T07:12:38.000Z</time></trkpt><trkpt lat="52.549998" lon="13.474397"><time>2023-11-10T07:12:44.000Z</time></trkpt><trkpt lat="52.550023" lon="13.474348"><time>2023-11-10T07:12:46.000Z</time></trkpt><trkpt lat="52.550016" lon="13.474268"><time>2023-11-10T07:12:51.000Z</time></trkpt><trkpt lat="52.550014" lon="13.474182"><time>2023-11-10T07:12:55.000Z</time></trkpt><trkpt lat="52.550007" lon="13.474099"><time>2023-11-10T07:12:57.000Z</time></trkpt><trkpt lat="52.550007" lon="13.47403"><time>2023-11-10T07:13:01.000Z</time></trkpt><trkpt lat="52.550013" lon="13.473962"><time>2023-11-10T07:13:05.000Z</time></trkpt><trkpt lat="52.550037" lon="13.473921"><time>2023-11-10T07:13:09.000Z</time></trkpt><trkpt lat="52.550062" lon="13.473892"><time>2023-11-10T07:13:13.000Z</time></trkpt><trkpt lat="52.550075" lon="13.473675"><time>2023-11-10T07:13:19.000Z</time></trkpt><trkpt lat="52.550086" lon="13.473443"><time>2023-11-10T07:13:39.000Z</time></trkpt><trkpt lat="52.550092" lon="13.473204"><time>2023-11-10T07:13:43.000Z</time></trkpt><trkpt lat="52.550112" lon="13.473169"><time>2023-11-10T07:13:47.000Z</time></trkpt><trkpt lat="52.550131" lon="13.473094"><time>2023-11-10T07:13:49.000Z</time></trkpt><trkpt lat="52.550153" lon="13.473012"><time>2023-11-10T07:13:53.000Z</time></trkpt><trkpt lat="52.550175" lon="13.472909"><time>2023-11-10T07:13:55.000Z</time></trkpt><trkpt lat="52.550204" lon="13.472846"><time>2023-11-10T07:13:57.000Z</time></trkpt><trkpt lat="52.550224" lon="13.47278"><time>2023-11-10T07:14:01.000Z</time></trkpt><trkpt lat="52.550227" lon="13.472726"><time>2023-11-10T07:14:03.000Z</time></trkpt><trkpt lat="52.550225" lon="13.47267"><time>2023-11-10T07:14:07.000Z</time></trkpt><trkpt lat="52.550234" lon="13.472617"><time>2023-11-10T07:14:09.000Z</time></trkpt><trkpt lat="52.550253" lon="13.47256"><time>2023-11-10T07:14:13.000Z</time></trkpt><trkpt lat="52.550256" lon="13.472484"><time>2023-11-10T07:14:15.000Z</time></trkpt><trkpt lat="52.550244" lon="13.472429"><time>2023-11-10T07:14:19.000Z</time></trkpt><trkpt lat="52.55022" lon="13.472376"><time>2023-11-10T07:14:21.000Z</time></trkpt><trkpt lat="52.550202" lon="13.472342"><time>2023-11-10T07:14:25.000Z</time></trkpt><trkpt lat="52.550192" lon="13.472297"><time>2023-11-10T07:14:27.000Z</time></trkpt><trkpt lat="52.550197" lon="13.472247"><time>2023-11-10T07:14:31.000Z</time></trkpt><trkpt lat="52.550212" lon="13.472192"><time>2023-11-10T07:14:33.000Z</time></trkpt><trkpt lat="52.550231" lon="13.472137"><time>2023-11-10T07:14:39.000Z</time></trkpt><trkpt lat="52.550251" lon="13.472086"><time>2023-11-10T07:14:43.000Z</time></trkpt><trkpt lat="52.550246" lon="13.472052"><time>2023-11-10T07:14:49.000Z</time></trkpt><trkpt lat="52.550227" lon="13.472028"><time>2023-11-10T07:14:55.000Z</time></trkpt><trkpt lat="52.550167" lon="13.47201"><time>2023-11-10T07:14:59.000Z</time></trkpt><trkpt lat="52.550105" lon="13.471984"><time>2023-11-10T07:15:05.000Z</time></trkpt><trkpt lat="52.550044" lon="13.471957"><time>2023-11-10T07:15:09.000Z</time></trkpt><trkpt lat="52.550004" lon="13.471936"><time>2023-11-10T07:15:13.000Z</time></trkpt><trkpt lat="52.549972" lon="13.471914"><time>2023-11-10T07:15:17.000Z</time></trkpt><trkpt lat="52.549943" lon="13.471912"><time>2023-11-10T07:15:21.000Z</time></trkpt><trkpt lat="52.549918" lon="13.471913"><time>2023-11-10T07:15:23.000Z</time></trkpt><trkpt lat="52.549888" lon="13.471926"><time>2023-11-10T07:15:31.000Z</time></trkpt><trkpt lat="52.549856" lon="13.471925"><time>2023-11-10T07:15:37.000Z</time></trkpt><trkpt lat="52.549782" lon="13.471904"><time>2023-11-10T07:15:39.000Z</time></trkpt><trkpt lat="52.549708" lon="13.471891"><time>2023-11-10T07:15:47.000Z</time></trkpt><trkpt lat="52.549636" lon="13.47189"><time>2023-11-10T07:15:49.000Z</time></trkpt><trkpt lat="52.549603" lon="13.471921"><time>2023-11-10T07:15:51.000Z</time></trkpt><trkpt lat="52.549575" lon="13.471965"><time>2023-11-10T07:15:55.000Z</time></trkpt><trkpt lat="52.549552" lon="13.472022"><time>2023-11-10T07:15:59.000Z</time></trkpt><trkpt lat="52.549538" lon="13.472081"><time>2023-11-10T07:16:03.000Z</time></trkpt><trkpt lat="52.549532" lon="13.47214"><time>2023-11-10T07:16:07.000Z</time></trkpt><trkpt lat="52.549543" lon="13.472146"><time>2023-11-10T07:16:11.000Z</time></trkpt><trkpt lat="52.549564" lon="13.472177"><time>2023-11-10T07:16:29.000Z</time></trkpt><trkpt lat="52.549583" lon="13.472214"><time>2023-11-10T07:16:35.000Z</time></trkpt><trkpt lat="52.549581" lon="13.472315"><time>2023-11-10T07:16:39.000Z</time></trkpt><trkpt lat="52.549569" lon="13.472397"><time>2023-11-10T07:16:43.000Z</time></trkpt><trkpt lat="52.549557" lon="13.472468"><time>2023-11-10T07:16:47.000Z</time></trkpt><trkpt lat="52.549549" lon="13.472536"><time>2023-11-10T07:16:49.000Z</time></trkpt><trkpt lat="52.549543" lon="13.472597"><time>2023-11-10T07:16:53.000Z</time></trkpt><trkpt lat="52.549537" lon="13.472672"><time>2023-11-10T07:16:55.000Z</time></trkpt><trkpt lat="52.54953" lon="13.472734"><time>2023-11-10T07:16:59.000Z</time></trkpt><trkpt lat="52.549524" lon="13.472798"><time>2023-11-10T07:17:01.000Z</time></trkpt><trkpt lat="52.549521" lon="13.472854"><time>2023-11-10T07:17:03.000Z</time></trkpt><trkpt lat="52.549517" lon="13.472917"><time>2023-11-10T07:17:07.000Z</time></trkpt><trkpt lat="52.549508" lon="13.472981"><time>2023-11-10T07:17:11.000Z</time></trkpt><trkpt lat="52.549479" lon="13.473079"><time>2023-11-10T07:17:15.000Z</time></trkpt><trkpt lat="52.549443" lon="13.473175"><time>2023-11-10T07:17:23.000Z</time></trkpt><trkpt lat="52.549409" lon="13.473277"><time>2023-11-10T07:17:27.000Z</time></trkpt><trkpt lat="52.549394" lon="13.473337"><time>2023-11-10T07:17:31.000Z</time></trkpt><trkpt lat="52.549387" lon="13.473394"><time>2023-11-10T07:17:35.000Z</time></trkpt><trkpt lat="52.549384" lon="13.473451"><time>2023-11-10T07:17:39.000Z</time></trkpt><trkpt lat="52.549378" lon="13.473515"><time>2023-11-10T07:17:43.000Z</time></trkpt><trkpt lat="52.549367" lon="13.473588"><time>2023-11-10T07:17:47.000Z</time></trkpt><trkpt lat="52.549352" lon="13.473653"><time>2023-11-10T07:17:51.000Z</time></trkpt><trkpt lat="52.549337" lon="13.473714"><time>2023-11-10T07:17:53.000Z</time></trkpt><trkpt lat="52.549331" lon="13.473816"><time>2023-11-10T07:17:55.000Z</time></trkpt><trkpt lat="52.549324" lon="13.473928"><time>2023-11-10T07:18:01.000Z</time></trkpt><trkpt lat="52.549312" lon="13.474028"><time>2023-11-10T07:18:05.000Z</time></trkpt><trkpt lat="52.549281" lon="13.474042"><time>2023-11-10T07:18:11.000Z</time></trkpt><trkpt lat="52.549199" lon="13.473975"><time>2023-11-10T07:18:15.000Z</time></trkpt><trkpt lat="52.549119" lon="13.473892"><time>2023-11-10T07:18:25.000Z</time></trkpt><trkpt lat="52.549047" lon="13.473813"><time>2023-11-10T07:18:27.000Z</time></trkpt><trkpt lat="52.54902" lon="13.473783"><time>2023-11-10T07:18:31.000Z</time></trkpt><trkpt lat="52.548988" lon="13.473746"><time>2023-11-10T07:18:33.000Z</time></trkpt><trkpt lat="52.548957" lon="13.47371"><time>2023-11-10T07:18:37.000Z</time></trkpt><trkpt lat="52.54893" lon="13.473668"><time>2023-11-10T07:18:41.000Z</time></trkpt><trkpt lat="52.548903" lon="13.473631"><time>2023-11-10T07:18:43.000Z</time></trkpt><trkpt lat="52.548879" lon="13.473587"><time>2023-11-10T07:18:47.000Z</time></trkpt><trkpt lat="52.548853" lon="13.473544"><time>2023-11-10T07:18:51.000Z</time></trkpt><trkpt lat="52.548827" lon="13.473496"><time>2023-11-10T07:18:55.000Z</time></trkpt><trkpt lat="52.548796" lon="13.473454"><time>2023-11-10T07:18:59.000Z</time></trkpt><trkpt lat="52.548761" lon="13.473403"><time>2023-11-10T07:19:01.000Z</time></trkpt><trkpt lat="52.548729" lon="13.473362"><time>2023-11-10T07:19:05.000Z</time></trkpt><trkpt lat="52.548693" lon="13.473323"><time>2023-11-10T07:19:07.000Z</time></trkpt><trkpt lat="52.548659" lon="13.473297"><time>2023-11-10T07:19:11.000Z</time></trkpt><trkpt lat="52.548629" lon="13.473268"><time>2023-11-10T07:19:13.000Z</time></trkpt><trkpt lat="52.548602" lon="13.47324"><time>2023-11-10T07:19:15.000Z</time></trkpt><trkpt lat="52.548577" lon="13.473211"><time>2023-11-10T07:19:17.000Z</time></trkpt><trkpt lat="52.548552" lon="13.473182"><time>2023-11-10T07:19:19.000Z</time></trkpt><trkpt lat="52.548527" lon="13.473146"><time>2023-11-10T07:19:21.000Z</time></trkpt><trkpt lat="52.548496" lon="13.473109"><time>2023-11-10T07:19:25.000Z</time></trkpt><trkpt lat="52.548461" lon="13.473066"><time>2023-11-10T07:19:29.000Z</time></trkpt><trkpt lat="52.548429" lon="13.473022"><time>2023-11-10T07:19:33.000Z</time></trkpt><trkpt lat="52.5484" lon="13.472981"><time>2023-11-10T07:19:37.000Z</time></trkpt><trkpt lat="52.54837" lon="13.472936"><time>2023-11-10T07:19:39.000Z</time></trkpt><trkpt lat="52.548339" lon="13.472901"><time>2023-11-10T07:19:43.000Z</time></trkpt><trkpt lat="52.548311" lon="13.472862"><time>2023-11-10T07:19:45.000Z</time></trkpt><trkpt lat="52.548283" lon="13.47283"><time>2023-11-10T07:19:47.000Z</time></trkpt><trkpt lat="52.548249" lon="13.47279"><time>2023-11-10T07:19:51.000Z</time></trkpt><trkpt lat="52.548212" lon="13.472738"><time>2023-11-10T07:19:55.000Z</time></trkpt><trkpt lat="52.548175" lon="13.472683"><time>2023-11-10T07:19:59.000Z</time></trkpt><trkpt lat="52.548145" lon="13.47262"><time>2023-11-10T07:20:03.000Z</time></trkpt><trkpt lat="52.548116" lon="13.472558"><time>2023-11-10T07:20:07.000Z</time></trkpt><trkpt lat="52.548084" lon="13.472496"><time>2023-11-10T07:20:11.000Z</time></trkpt><trkpt lat="52.548053" lon="13.47245"><time>2023-11-10T07:20:15.000Z</time></trkpt><trkpt lat="52.548018" lon="13.472412"><time>2023-11-10T07:20:17.000Z</time></trkpt><trkpt lat="52.547984" lon="13.472379"><time>2023-11-10T07:20:19.000Z</time></trkpt><trkpt lat="52.547958" lon="13.472339"><time>2023-11-10T07:20:23.000Z</time></trkpt><trkpt lat="52.547946" lon="13.472293"><time>2023-11-10T07:20:25.000Z</time></trkpt><trkpt lat="52.547938" lon="13.472247"><time>2023-11-10T07:20:27.000Z</time></trkpt><trkpt lat="52.547917" lon="13.472204"><time>2023-11-10T07:20:31.000Z</time></trkpt><trkpt lat="52.547878" lon="13.472158"><time>2023-11-10T07:20:33.000Z</time></trkpt><trkpt lat="52.547844" lon="13.472103"><time>2023-11-10T07:20:37.000Z</time></trkpt><trkpt lat="52.547815" lon="13.472033"><time>2023-11-10T07:20:41.000Z</time></trkpt><trkpt lat="52.547802" lon="13.471969"><time>2023-11-10T07:20:45.000Z</time></trkpt><trkpt lat="52.547788" lon="13.471913"><time>2023-11-10T07:20:49.000Z</time></trkpt><trkpt lat="52.547773" lon="13.471863"><time>2023-11-10T07:20:51.000Z</time></trkpt><trkpt lat="52.547746" lon="13.471811"><time>2023-11-10T07:20:57.000Z</time></trkpt><trkpt lat="52.547722" lon="13.47175"><time>2023-11-10T07:21:01.000Z</time></trkpt><trkpt lat="52.547694" lon="13.471693"><time>2023-11-10T07:21:03.000Z</time></trkpt><trkpt lat="52.547671" lon="13.471636"><time>2023-11-10T07:21:07.000Z</time></trkpt><trkpt lat="52.547644" lon="13.471578"><time>2023-11-10T07:21:11.000Z</time></trkpt><trkpt lat="52.547622" lon="13.471524"><time>2023-11-10T07:21:17.000Z</time></trkpt><trkpt lat="52.547605" lon="13.471472"><time>2023-11-10T07:21:19.000Z</time></trkpt><trkpt lat="52.547597" lon="13.471402"><time>2023-11-10T07:21:21.000Z</time></trkpt><trkpt lat="52.547582" lon="13.471329"><time>2023-11-10T07:21:25.000Z</time></trkpt><trkpt lat="52.547564" lon="13.471263"><time>2023-11-10T07:21:29.000Z</time></trkpt><trkpt lat="52.547532" lon="13.471224"><time>2023-11-10T07:21:31.000Z</time></trkpt><trkpt lat="52.547507" lon="13.471191"><time>2023-11-10T07:21:35.000Z</time></trkpt><trkpt lat="52.547487" lon="13.471148"><time>2023-11-10T07:21:37.000Z</time></trkpt><trkpt lat="52.547469" lon="13.471108"><time>2023-11-10T07:21:39.000Z</time></trkpt><trkpt lat="52.547451" lon="13.471066"><time>2023-11-10T07:21:41.000Z</time></trkpt><trkpt lat="52.54744" lon="13.47102"><time>2023-11-10T07:21:43.000Z</time></trkpt><trkpt lat="52.547427" lon="13.470967"><time>2023-11-10T07:21:45.000Z</time></trkpt><trkpt lat="52.547412" lon="13.470913"><time>2023-11-10T07:21:49.000Z</time></trkpt><trkpt lat="52.547383" lon="13.47087"><time>2023-11-10T07:21:51.000Z</time></trkpt><trkpt lat="52.547361" lon="13.470815"><time>2023-11-10T07:21:53.000Z</time></trkpt><trkpt lat="52.547339" lon="13.470758"><time>2023-11-10T07:21:57.000Z</time></trkpt><trkpt lat="52.547327" lon="13.470689"><time>2023-11-10T07:22:01.000Z</time></trkpt><trkpt lat="52.547308" lon="13.47063"><time>2023-11-10T07:22:05.000Z</time></trkpt><trkpt lat="52.547286" lon="13.470567"><time>2023-11-10T07:22:09.000Z</time></trkpt><trkpt lat="52.547261" lon="13.470502"><time>2023-11-10T07:22:13.000Z</time></trkpt><trkpt lat="52.547244" lon="13.470429"><time>2023-11-10T07:22:17.000Z</time></trkpt><trkpt lat="52.547237" lon="13.470361"><time>2023-11-10T07:22:21.000Z</time></trkpt><trkpt lat="52.547225" lon="13.470293"><time>2023-11-10T07:22:23.000Z</time></trkpt><trkpt lat="52.547203" lon="13.47023"><time>2023-11-10T07:22:27.000Z</time></trkpt><trkpt lat="52.547179" lon="13.470164"><time>2023-11-10T07:22:31.000Z</time></trkpt><trkpt lat="52.547158" lon="13.470107"><time>2023-11-10T07:22:35.000Z</time></trkpt><trkpt lat="52.547153" lon="13.470058"><time>2023-11-10T07:22:37.000Z</time></trkpt><trkpt lat="52.547149" lon="13.470016"><time>2023-11-10T07:22:39.000Z</time></trkpt><trkpt lat="52.547151" lon="13.469967"><time>2023-11-10T07:22:41.000Z</time></trkpt><trkpt lat="52.547151" lon="13.46992"><time>2023-11-10T07:22:43.000Z</time></trkpt><trkpt lat="52.547149" lon="13.469866"><time>2023-11-10T07:22:45.000Z</time></trkpt><trkpt lat="52.547147" lon="13.469805"><time>2023-11-10T07:22:47.000Z</time></trkpt><trkpt lat="52.547138" lon="13.469746"><time>2023-11-10T07:22:51.000Z</time></trkpt><trkpt lat="52.547134" lon="13.469683"><time>2023-11-10T07:22:53.000Z</time></trkpt><trkpt lat="52.547133" lon="13.46962"><time>2023-11-10T07:22:57.000Z</time></trkpt><trkpt lat="52.547135" lon="13.46955"><time>2023-11-10T07:22:59.000Z</time></trkpt><trkpt lat="52.547134" lon="13.46949"><time>2023-11-10T07:23:01.000Z</time></trkpt><trkpt lat="52.547125" lon="13.469442"><time>2023-11-10T07:23:03.000Z</time></trkpt><trkpt lat="52.547111" lon="13.469388"><time>2023-11-10T07:23:05.000Z</time></trkpt><trkpt lat="52.547095" lon="13.469336"><time>2023-11-10T07:23:07.000Z</time></trkpt><trkpt lat="52.547081" lon="13.469283"><time>2023-11-10T07:23:11.000Z</time></trkpt><trkpt lat="52.547066" lon="13.469248"><time>2023-11-10T07:23:13.000Z</time></trkpt><trkpt lat="52.547049" lon="13.469198"><time>2023-11-10T07:23:15.000Z</time></trkpt><trkpt lat="52.547039" lon="13.469137"><time>2023-11-10T07:23:21.000Z</time></trkpt><trkpt lat="52.54703" lon="13.469069"><time>2023-11-10T07:23:23.000Z</time></trkpt><trkpt lat="52.547022" lon="13.469013"><time>2023-11-10T07:23:25.000Z</time></trkpt><trkpt lat="52.547002" lon="13.468968"><time>2023-11-10T07:23:27.000Z</time></trkpt><trkpt lat="52.546983" lon="13.468876"><time>2023-11-10T07:23:29.000Z</time></trkpt><trkpt lat="52.54697" lon="13.468782"><time>2023-11-10T07:23:35.000Z</time></trkpt><trkpt lat="52.546958" lon="13.468681"><time>2023-11-10T07:23:37.000Z</time></trkpt><trkpt lat="52.546958" lon="13.468618"><time>2023-11-10T07:23:41.000Z</time></trkpt><trkpt lat="52.546953" lon="13.468549"><time>2023-11-10T07:23:45.000Z</time></trkpt><trkpt lat="52.54695" lon="13.468486"><time>2023-11-10T07:23:49.000Z</time></trkpt><trkpt lat="52.546936" lon="13.468432"><time>2023-11-10T07:23:51.000Z</time></trkpt><trkpt lat="52.546919" lon="13.468398"><time>2023-11-10T07:23:53.000Z</time></trkpt><trkpt lat="52.546906" lon="13.468343"><time>2023-11-10T07:23:55.000Z</time></trkpt><trkpt lat="52.546896" lon="13.46828"><time>2023-11-10T07:23:59.000Z</time></trkpt><trkpt lat="52.546892" lon="13.468189"><time>2023-11-10T07:24:01.000Z</time></trkpt><trkpt lat="52.54689" lon="13.468114"><time>2023-11-10T07:24:05.000Z</time></trkpt><trkpt lat="52.546901" lon="13.468051"><time>2023-11-10T07:24:07.000Z</time></trkpt><trkpt lat="52.546925" lon="13.468013"><time>2023-11-10T07:24:11.000Z</time></trkpt><trkpt lat="52.546944" lon="13.467967"><time>2023-11-10T07:24:13.000Z</time></trkpt><trkpt lat="52.546947" lon="13.467908"><time>2023-11-10T07:24:23.000Z</time></trkpt><trkpt lat="52.546934" lon="13.467843"><time>2023-11-10T07:24:25.000Z</time></trkpt><trkpt lat="52.546929" lon="13.467793"><time>2023-11-10T07:24:27.000Z</time></trkpt><trkpt lat="52.546927" lon="13.467733"><time>2023-11-10T07:24:29.000Z</time></trkpt><trkpt lat="52.546927" lon="13.467658"><time>2023-11-10T07:24:33.000Z</time></trkpt><trkpt lat="52.546915" lon="13.467586"><time>2023-11-10T07:24:37.000Z</time></trkpt><trkpt lat="52.546896" lon="13.46752"><time>2023-11-10T07:24:39.000Z</time></trkpt><trkpt lat="52.546876" lon="13.467469"><time>2023-11-10T07:24:43.000Z</time></trkpt><trkpt lat="52.546847" lon="13.467428"><time>2023-11-10T07:24:45.000Z</time></trkpt><trkpt lat="52.546817" lon="13.467389"><time>2023-11-10T07:24:51.000Z</time></trkpt><trkpt lat="52.546777" lon="13.467347"><time>2023-11-10T07:24:55.000Z</time></trkpt><trkpt lat="52.546752" lon="13.46729"><time>2023-11-10T07:24:59.000Z</time></trkpt><trkpt lat="52.546704" lon="13.467174"><time>2023-11-10T07:25:01.000Z</time></trkpt><trkpt lat="52.546665" lon="13.467062"><time>2023-11-10T07:25:13.000Z</time></trkpt><trkpt lat="52.546623" lon="13.466949"><time>2023-11-10T07:25:17.000Z</time></trkpt><trkpt lat="52.546611" lon="13.466899"><time>2023-11-10T07:25:19.000Z</time></trkpt><trkpt lat="52.546602" lon="13.466845"><time>2023-11-10T07:25:23.000Z</time></trkpt><trkpt lat="52.546602" lon="13.466796"><time>2023-11-10T07:25:27.000Z</time></trkpt><trkpt lat="52.546604" lon="13.466742"><time>2023-11-10T07:25:29.000Z</time></trkpt><trkpt lat="52.5466" lon="13.466679"><time>2023-11-10T07:25:33.000Z</time></trkpt><trkpt lat="52.546578" lon="13.466564"><time>2023-11-10T07:25:37.000Z</time></trkpt><trkpt lat="52.546545" lon="13.466459"><time>2023-11-10T07:25:45.000Z</time></trkpt><trkpt lat="52.546525" lon="13.466367"><time>2023-11-10T07:25:47.000Z</time></trkpt><trkpt lat="52.546517" lon="13.466324"><time>2023-11-10T07:25:49.000Z</time></trkpt><trkpt lat="52.546519" lon="13.466242"><time>2023-11-10T07:25:51.000Z</time></trkpt><trkpt lat="52.546509" lon="13.466152"><time>2023-11-10T07:25:57.000Z</time></trkpt><trkpt lat="52.546495" lon="13.466062"><time>2023-11-10T07:26:01.000Z</time></trkpt><trkpt lat="52.546487" lon="13.465994"><time>2023-11-10T07:26:05.000Z</time></trkpt><trkpt lat="52.546477" lon="13.465941"><time>2023-11-10T07:26:09.000Z</time></trkpt><trkpt lat="52.546471" lon="13.465886"><time>2023-11-10T07:26:11.000Z</time></trkpt><trkpt lat="52.546451" lon="13.465851"><time>2023-11-10T07:26:13.000Z</time></trkpt><trkpt lat="52.54643" lon="13.465797"><time>2023-11-10T07:26:15.000Z</time></trkpt><trkpt lat="52.546398" lon="13.465729"><time>2023-11-10T07:26:19.000Z</time></trkpt><trkpt lat="52.546371" lon="13.465647"><time>2023-11-10T07:26:23.000Z</time></trkpt><trkpt lat="52.546361" lon="13.465574"><time>2023-11-10T07:26:25.000Z</time></trkpt><trkpt lat="52.546356" lon="13.465519"><time>2023-11-10T07:26:29.000Z</time></trkpt><trkpt lat="52.546351" lon="13.465464"><time>2023-11-10T07:26:31.000Z</time></trkpt><trkpt lat="52.546344" lon="13.465393"><time>2023-11-10T07:26:35.000Z</time></trkpt><trkpt lat="52.54633" lon="13.465307"><time>2023-11-10T07:26:39.000Z</time></trkpt><trkpt lat="52.546291" lon="13.465209"><time>2023-11-10T07:26:43.000Z</time></trkpt><trkpt lat="52.546258" lon="13.465134"><time>2023-11-10T07:26:49.000Z</time></trkpt><trkpt lat="52.546231" lon="13.465062"><time>2023-11-10T07:26:53.000Z</time></trkpt><trkpt lat="52.546228" lon="13.465009"><time>2023-11-10T07:26:59.000Z</time></trkpt><trkpt lat="52.546224" lon="13.464954"><time>2023-11-10T07:27:03.000Z</time></trkpt><trkpt lat="52.546238" lon="13.464906"><time>2023-11-10T07:27:07.000Z</time></trkpt><trkpt lat="52.546232" lon="13.464845"><time>2023-11-10T07:27:09.000Z</time></trkpt><trkpt lat="52.546209" lon="13.464783"><time>2023-11-10T07:27:13.000Z</time></trkpt><trkpt lat="52.546177" lon="13.464722"><time>2023-11-10T07:27:15.000Z</time></trkpt><trkpt lat="52.54616" lon="13.464684"><time>2023-11-10T07:27:19.000Z</time></trkpt><trkpt lat="52.546139" lon="13.464662"><time>2023-11-10T07:27:25.000Z</time></trkpt><trkpt lat="52.546112" lon="13.464663"><time>2023-11-10T07:27:29.000Z</time></trkpt><trkpt lat="52.546103" lon="13.464705"><time>2023-11-10T07:27:33.000Z</time></trkpt><trkpt lat="52.546111" lon="13.464756"><time>2023-11-10T07:27:37.000Z</time></trkpt><trkpt lat="52.546136" lon="13.464802"><time>2023-11-10T07:27:39.000Z</time></trkpt><trkpt lat="52.546159" lon="13.464832"><time>2023-11-10T07:27:41.000Z</time></trkpt><trkpt lat="52.54619" lon="13.464877"><time>2023-11-10T07:27:45.000Z</time></trkpt><trkpt lat="52.546214" lon="13.46494"><time>2023-11-10T07:27:51.000Z</time></trkpt><trkpt lat="52.546236" lon="13.46501"><time>2023-11-10T07:27:55.000Z</time></trkpt><trkpt lat="52.546254" lon="13.465075"><time>2023-11-10T07:27:59.000Z</time></trkpt><trkpt lat="52.546275" lon="13.465145"><time>2023-11-10T07:28:03.000Z</time></trkpt><trkpt lat="52.546291" lon="13.465223"><time>2023-11-10T07:28:07.000Z</time></trkpt><trkpt lat="52.546299" lon="13.465297"><time>2023-11-10T07:28:11.000Z</time></trkpt><trkpt lat="52.546305" lon="13.465363"><time>2023-11-10T07:28:13.000Z</time></trkpt><trkpt lat="52.546317" lon="13.465425"><time>2023-11-10T07:28:15.000Z</time></trkpt><trkpt lat="52.546334" lon="13.465494"><time>2023-11-10T07:28:19.000Z</time></trkpt><trkpt lat="52.546346" lon="13.465567"><time>2023-11-10T07:28:23.000Z</time></trkpt><trkpt lat="52.546347" lon="13.465634"><time>2023-11-10T07:28:25.000Z</time></trkpt><trkpt lat="52.546342" lon="13.46569"><time>2023-11-10T07:28:27.000Z</time></trkpt><trkpt lat="52.546341" lon="13.465744"><time>2023-11-10T07:28:29.000Z</time></trkpt><trkpt lat="52.546347" lon="13.465794"><time>2023-11-10T07:28:31.000Z</time></trkpt><trkpt lat="52.546353" lon="13.465843"><time>2023-11-10T07:28:33.000Z</time></trkpt><trkpt lat="52.546355" lon="13.46589"><time>2023-11-10T07:28:35.000Z</time></trkpt><trkpt lat="52.546357" lon="13.465938"><time>2023-11-10T07:28:37.000Z</time></trkpt><trkpt lat="52.546357" lon="13.465989"><time>2023-11-10T07:28:39.000Z</time></trkpt><trkpt lat="52.546365" lon="13.466044"><time>2023-11-10T07:28:43.000Z</time></trkpt><trkpt lat="52.546367" lon="13.466101"><time>2023-11-10T07:28:47.000Z</time></trkpt><trkpt lat="52.546372" lon="13.466156"><time>2023-11-10T07:28:51.000Z</time></trkpt><trkpt lat="52.546375" lon="13.466216"><time>2023-11-10T07:28:55.000Z</time></trkpt><trkpt lat="52.546391" lon="13.466282"><time>2023-11-10T07:28:59.000Z</time></trkpt><trkpt lat="52.546412" lon="13.466351"><time>2023-11-10T07:29:03.000Z</time></trkpt><trkpt lat="52.54644" lon="13.466417"><time>2023-11-10T07:29:07.000Z</time></trkpt><trkpt lat="52.546492" lon="13.466509"><time>2023-11-10T07:29:11.000Z</time></trkpt><trkpt lat="52.546539" lon="13.466599"><time>2023-11-10T07:29:19.000Z</time></trkpt><trkpt lat="52.546582" lon="13.46674"><time>2023-11-10T07:29:21.000Z</time></trkpt><trkpt lat="52.546592" lon="13.466849"><time>2023-11-10T07:29:27.000Z</time></trkpt><trkpt lat="52.546601" lon="13.466958"><time>2023-11-10T07:29:29.000Z</time></trkpt><trkpt lat="52.546608" lon="13.46701"><time>2023-11-10T07:29:31.000Z</time></trkpt><trkpt lat="52.546624" lon="13.467062"><time>2023-11-10T07:29:33.000Z</time></trkpt><trkpt lat="52.546642" lon="13.467118"><time>2023-11-10T07:29:35.000Z</time></trkpt><trkpt lat="52.546661" lon="13.467184"><time>2023-11-10T07:29:39.000Z</time></trkpt><trkpt lat="52.546674" lon="13.467246"><time>2023-11-10T07:29:43.000Z</time></trkpt><trkpt lat="52.546672" lon="13.467307"><time>2023-11-10T07:29:45.000Z</time></trkpt><trkpt lat="52.546643" lon="13.46733"><time>2023-11-10T07:29:51.000Z</time></trkpt><trkpt lat="52.546598" lon="13.467353"><time>2023-11-10T07:29:55.000Z</time></trkpt><trkpt lat="52.54655" lon="13.467364"><time>2023-11-10T07:29:59.000Z</time></trkpt><trkpt lat="52.546512" lon="13.467392"><time>2023-11-10T07:30:03.000Z</time></trkpt><trkpt lat="52.546467" lon="13.467411"><time>2023-11-10T07:30:07.000Z</time></trkpt><trkpt lat="52.546416" lon="13.467443"><time>2023-11-10T07:30:11.000Z</time></trkpt><trkpt lat="52.546365" lon="13.467503"><time>2023-11-10T07:30:15.000Z</time></trkpt><trkpt lat="52.546322" lon="13.467574"><time>2023-11-10T07:30:19.000Z</time></trkpt><trkpt lat="52.546285" lon="13.467638"><time>2023-11-10T07:30:23.000Z</time></trkpt><trkpt lat="52.546251" lon="13.467675"><time>2023-11-10T07:30:27.000Z</time></trkpt><trkpt lat="52.546217" lon="13.4677"><time>2023-11-10T07:30:31.000Z</time></trkpt><trkpt lat="52.546187" lon="13.467711"><time>2023-11-10T07:30:35.000Z</time></trkpt><trkpt lat="52.546151" lon="13.467719"><time>2023-11-10T07:30:37.000Z</time></trkpt><trkpt lat="52.546117" lon="13.467726"><time>2023-11-10T07:30:41.000Z</time></trkpt><trkpt lat="52.54608" lon="13.467719"><time>2023-11-10T07:30:45.000Z</time></trkpt><trkpt lat="52.546043" lon="13.467724"><time>2023-11-10T07:30:49.000Z</time></trkpt><trkpt lat="52.546005" lon="13.467734"><time>2023-11-10T07:30:53.000Z</time></trkpt><trkpt lat="52.545961" lon="13.467756"><time>2023-11-10T07:30:55.000Z</time></trkpt><trkpt lat="52.545868" lon="13.467796"><time>2023-11-10T07:30:59.000Z</time></trkpt><trkpt lat="52.545771" lon="13.467834"><time>2023-11-10T07:31:13.000Z</time></trkpt><trkpt lat="52.54567" lon="13.467885"><time>2023-11-10T07:31:17.000Z</time></trkpt><trkpt lat="52.545626" lon="13.467913"><time>2023-11-10T07:31:21.000Z</time></trkpt><trkpt lat="52.545585" lon="13.467943"><time>2023-11-10T07:31:23.000Z</time></trkpt><trkpt lat="52.545556" lon="13.467964"><time>2023-11-10T07:31:25.000Z</time></trkpt><trkpt lat="52.545527" lon="13.467978"><time>2023-11-10T07:31:27.000Z</time></trkpt><trkpt lat="52.545439" lon="13.467991"><time>2023-11-10T07:31:29.000Z</time></trkpt><trkpt lat="52.545344" lon="13.468005"><time>2023-11-10T07:31:39.000Z</time></trkpt><trkpt lat="52.545209" lon="13.468039"><time>2023-11-10T07:31:43.000Z</time></trkpt><trkpt lat="52.545133" lon="13.46807"><time>2023-11-10T07:31:53.000Z</time></trkpt><trkpt lat="52.545064" lon="13.468098"><time>2023-11-10T07:31:55.000Z</time></trkpt><trkpt lat="52.545017" lon="13.468134"><time>2023-11-10T07:31:57.000Z</time></trkpt><trkpt lat="52.544966" lon="13.468172"><time>2023-11-10T07:32:03.000Z</time></trkpt><trkpt lat="52.544913" lon="13.468209"><time>2023-11-10T07:32:07.000Z</time></trkpt><trkpt lat="52.544878" lon="13.468227"><time>2023-11-10T07:32:11.000Z</time></trkpt><trkpt lat="52.544841" lon="13.468241"><time>2023-11-10T07:32:15.000Z</time></trkpt><trkpt lat="52.5448" lon="13.468257"><time>2023-11-10T07:32:19.000Z</time></trkpt><trkpt lat="52.544749" lon="13.468277"><time>2023-11-10T07:32:23.000Z</time></trkpt><trkpt lat="52.544702" lon="13.46829"><time>2023-11-10T07:32:27.000Z</time></trkpt><trkpt lat="52.54466" lon="13.468301"><time>2023-11-10T07:32:31.000Z</time></trkpt><trkpt lat="52.544627" lon="13.468303"><time>2023-11-10T07:32:33.000Z</time></trkpt><trkpt lat="52.544597" lon="13.468313"><time>2023-11-10T07:32:35.000Z</time></trkpt><trkpt lat="52.544568" lon="13.468326"><time>2023-11-10T07:32:37.000Z</time></trkpt><trkpt lat="52.544491" lon="13.46835"><time>2023-11-10T07:32:39.000Z</time></trkpt><trkpt lat="52.544423" lon="13.468385"><time>2023-11-10T07:32:47.000Z</time></trkpt><trkpt lat="52.544349" lon="13.468425"><time>2023-11-10T07:32:51.000Z</time></trkpt><trkpt lat="52.544314" lon="13.468451"><time>2023-11-10T07:32:57.000Z</time></trkpt><trkpt lat="52.544266" lon="13.468469"><time>2023-11-10T07:33:01.000Z</time></trkpt><trkpt lat="52.544227" lon="13.468492"><time>2023-11-10T07:33:05.000Z</time></trkpt><trkpt lat="52.544192" lon="13.468507"><time>2023-11-10T07:33:09.000Z</time></trkpt><trkpt lat="52.544155" lon="13.46852"><time>2023-11-10T07:33:13.000Z</time></trkpt><trkpt lat="52.544114" lon="13.468526"><time>2023-11-10T07:33:17.000Z</time></trkpt><trkpt lat="52.544078" lon="13.468545"><time>2023-11-10T07:33:19.000Z</time></trkpt><trkpt lat="52.544046" lon="13.468556"><time>2023-11-10T07:33:21.000Z</time></trkpt><trkpt lat="52.544012" lon="13.468566"><time>2023-11-10T07:33:25.000Z</time></trkpt><trkpt lat="52.54397" lon="13.468583"><time>2023-11-10T07:33:29.000Z</time></trkpt><trkpt lat="52.543927" lon="13.468607"><time>2023-11-10T07:33:33.000Z</time></trkpt><trkpt lat="52.543888" lon="13.468626"><time>2023-11-10T07:33:35.000Z</time></trkpt><trkpt lat="52.543851" lon="13.468637"><time>2023-11-10T07:33:37.000Z</time></trkpt><trkpt lat="52.543816" lon="13.46865"><time>2023-11-10T07:33:39.000Z</time></trkpt><trkpt lat="52.54378" lon="13.468662"><time>2023-11-10T07:33:41.000Z</time></trkpt><trkpt lat="52.543749" lon="13.468667"><time>2023-11-10T07:33:43.000Z</time></trkpt><trkpt lat="52.543719" lon="13.468678"><time>2023-11-10T07:33:45.000Z</time></trkpt><trkpt lat="52.543686" lon="13.468692"><time>2023-11-10T07:33:47.000Z</time></trkpt><trkpt lat="52.543651" lon="13.468707"><time>2023-11-10T07:33:49.000Z</time></trkpt><trkpt lat="52.543616" lon="13.468717"><time>2023-11-10T07:33:53.000Z</time></trkpt><trkpt lat="52.543577" lon="13.46873"><time>2023-11-10T07:33:55.000Z</time></trkpt><trkpt lat="52.543536" lon="13.468749"><time>2023-11-10T07:33:59.000Z</time></trkpt><trkpt lat="52.543492" lon="13.468763"><time>2023-11-10T07:34:03.000Z</time></trkpt><trkpt lat="52.543456" lon="13.468775"><time>2023-11-10T07:34:05.000Z</time></trkpt><trkpt lat="52.543422" lon="13.468786"><time>2023-11-10T07:34:07.000Z</time></trkpt><trkpt lat="52.543386" lon="13.468801"><time>2023-11-10T07:34:11.000Z</time></trkpt><trkpt lat="52.543346" lon="13.468812"><time>2023-11-10T07:34:15.000Z</time></trkpt><trkpt lat="52.543308" lon="13.468826"><time>2023-11-10T07:34:19.000Z</time></trkpt><trkpt lat="52.543269" lon="13.468845"><time>2023-11-10T07:34:23.000Z</time></trkpt><trkpt lat="52.54323" lon="13.468872"><time>2023-11-10T07:34:27.000Z</time></trkpt><trkpt lat="52.543183" lon="13.468898"><time>2023-11-10T07:34:31.000Z</time></trkpt><trkpt lat="52.54314" lon="13.468916"><time>2023-11-10T07:34:35.000Z</time></trkpt><trkpt lat="52.543095" lon="13.468939"><time>2023-11-10T07:34:37.000Z</time></trkpt><trkpt lat="52.543057" lon="13.468962"><time>2023-11-10T07:34:41.000Z</time></trkpt><trkpt lat="52.543019" lon="13.468984"><time>2023-11-10T07:34:43.000Z</time></trkpt><trkpt lat="52.542983" lon="13.468987"><time>2023-11-10T07:34:45.000Z</time></trkpt><trkpt lat="52.542948" lon="13.468985"><time>2023-11-10T07:34:47.000Z</time></trkpt><trkpt lat="52.542912" lon="13.468982"><time>2023-11-10T07:34:49.000Z</time></trkpt><trkpt lat="52.54286" lon="13.468984"><time>2023-11-10T07:34:51.000Z</time></trkpt><trkpt lat="52.542803" lon="13.468993"><time>2023-11-10T07:34:55.000Z</time></trkpt><trkpt lat="52.542715" lon="13.469028"><time>2023-11-10T07:35:03.000Z</time></trkpt><trkpt lat="52.54264" lon="13.469074"><time>2023-11-10T07:35:09.000Z</time></trkpt><trkpt lat="52.54257" lon="13.469121"><time>2023-11-10T07:35:13.000Z</time></trkpt><trkpt lat="52.542528" lon="13.469153"><time>2023-11-10T07:35:15.000Z</time></trkpt><trkpt lat="52.542494" lon="13.469178"><time>2023-11-10T07:35:19.000Z</time></trkpt><trkpt lat="52.542457" lon="13.469208"><time>2023-11-10T07:35:23.000Z</time></trkpt><trkpt lat="52.542417" lon="13.469234"><time>2023-11-10T07:35:27.000Z</time></trkpt><trkpt lat="52.542374" lon="13.469257"><time>2023-11-10T07:35:31.000Z</time></trkpt><trkpt lat="52.542331" lon="13.469268"><time>2023-11-10T07:35:35.000Z</time></trkpt><trkpt lat="52.542294" lon="13.469273"><time>2023-11-10T07:35:39.000Z</time></trkpt><trkpt lat="52.542258" lon="13.469271"><time>2023-11-10T07:35:43.000Z</time></trkpt><trkpt lat="52.542221" lon="13.469275"><time>2023-11-10T07:35:47.000Z</time></trkpt><trkpt lat="52.542185" lon="13.469286"><time>2023-11-10T07:35:51.000Z</time></trkpt><trkpt lat="52.542157" lon="13.469308"><time>2023-11-10T07:35:53.000Z</time></trkpt><trkpt lat="52.542124" lon="13.469339"><time>2023-11-10T07:35:55.000Z</time></trkpt><trkpt lat="52.542089" lon="13.469364"><time>2023-11-10T07:35:59.000Z</time></trkpt><trkpt lat="52.542052" lon="13.469381"><time>2023-11-10T07:36:01.000Z</time></trkpt><trkpt lat="52.542019" lon="13.469376"><time>2023-11-10T07:36:03.000Z</time></trkpt><trkpt lat="52.541978" lon="13.469385"><time>2023-11-10T07:36:05.000Z</time></trkpt><trkpt lat="52.541924" lon="13.469402"><time>2023-11-10T07:36:09.000Z</time></trkpt><trkpt lat="52.541869" lon="13.469432"><time>2023-11-10T07:36:13.000Z</time></trkpt><trkpt lat="52.541823" lon="13.469454"><time>2023-11-10T07:36:15.000Z</time></trkpt><trkpt lat="52.541792" lon="13.469462"><time>2023-11-10T07:36:17.000Z</time></trkpt><trkpt lat="52.541762" lon="13.469474"><time>2023-11-10T07:36:21.000Z</time></trkpt><trkpt lat="52.541731" lon="13.469487"><time>2023-11-10T07:36:23.000Z</time></trkpt><trkpt lat="52.541699" lon="13.469501"><time>2023-11-10T07:36:25.000Z</time></trkpt><trkpt lat="52.541668" lon="13.469512"><time>2023-11-10T07:36:27.000Z</time></trkpt><trkpt lat="52.541636" lon="13.469523"><time>2023-11-10T07:36:29.000Z</time></trkpt><trkpt lat="52.541601" lon="13.469539"><time>2023-11-10T07:36:31.000Z</time></trkpt><trkpt lat="52.541568" lon="13.469552"><time>2023-11-10T07:36:35.000Z</time></trkpt><trkpt lat="52.541535" lon="13.469569"><time>2023-11-10T07:36:39.000Z</time></trkpt><trkpt lat="52.5415" lon="13.46959"><time>2023-11-10T07:36:45.000Z</time></trkpt><trkpt lat="52.541465" lon="13.469616"><time>2023-11-10T07:36:49.000Z</time></trkpt><trkpt lat="52.541432" lon="13.469641"><time>2023-11-10T07:36:51.000Z</time></trkpt><trkpt lat="52.541402" lon="13.46967"><time>2023-11-10T07:36:53.000Z</time></trkpt><trkpt lat="52.541365" lon="13.469699"><time>2023-11-10T07:36:55.000Z</time></trkpt><trkpt lat="52.54132" lon="13.469728"><time>2023-11-10T07:36:59.000Z</time></trkpt><trkpt lat="52.541271" lon="13.469742"><time>2023-11-10T07:37:03.000Z</time></trkpt><trkpt lat="52.541194" lon="13.469743"><time>2023-11-10T07:37:05.000Z</time></trkpt><trkpt lat="52.541124" lon="13.469733"><time>2023-11-10T07:37:11.000Z</time></trkpt><trkpt lat="52.541059" lon="13.469714"><time>2023-11-10T07:37:15.000Z</time></trkpt><trkpt lat="52.541027" lon="13.469699"><time>2023-11-10T07:37:17.000Z</time></trkpt><trkpt lat="52.540987" lon="13.469689"><time>2023-11-10T07:37:21.000Z</time></trkpt><trkpt lat="52.540914" lon="13.469713"><time>2023-11-10T07:37:25.000Z</time></trkpt><trkpt lat="52.540849" lon="13.469749"><time>2023-11-10T07:37:31.000Z</time></trkpt><trkpt lat="52.540797" lon="13.4698"><time>2023-11-10T07:37:35.000Z</time></trkpt><trkpt lat="52.540777" lon="13.46984"><time>2023-11-10T07:37:37.000Z</time></trkpt><trkpt lat="52.54075" lon="13.469866"><time>2023-11-10T07:37:43.000Z</time></trkpt><trkpt lat="52.540707" lon="13.469883"><time>2023-11-10T07:37:45.000Z</time></trkpt><trkpt lat="52.540659" lon="13.469902"><time>2023-11-10T07:37:49.000Z</time></trkpt><trkpt lat="52.540611" lon="13.469932"><time>2023-11-10T07:37:51.000Z</time></trkpt><trkpt lat="52.540567" lon="13.469956"><time>2023-11-10T07:37:55.000Z</time></trkpt><trkpt lat="52.540521" lon="13.469974"><time>2023-11-10T07:37:59.000Z</time></trkpt><trkpt lat="52.540476" lon="13.469975"><time>2023-11-10T07:38:03.000Z</time></trkpt><trkpt lat="52.540437" lon="13.469977"><time>2023-11-10T07:38:05.000Z</time></trkpt><trkpt lat="52.540402" lon="13.469978"><time>2023-11-10T07:38:07.000Z</time></trkpt><trkpt lat="52.540365" lon="13.469988"><time>2023-11-10T07:38:09.000Z</time></trkpt><trkpt lat="52.540333" lon="13.469985"><time>2023-11-10T07:38:11.000Z</time></trkpt><trkpt lat="52.540303" lon="13.469974"><time>2023-11-10T07:38:13.000Z</time></trkpt><trkpt lat="52.540277" lon="13.469949"><time>2023-11-10T07:38:17.000Z</time></trkpt><trkpt lat="52.54025" lon="13.469918"><time>2023-11-10T07:38:19.000Z</time></trkpt><trkpt lat="52.540228" lon="13.469872"><time>2023-11-10T07:38:23.000Z</time></trkpt><trkpt lat="52.540205" lon="13.46983"><time>2023-11-10T07:38:26.000Z</time></trkpt><trkpt lat="52.540182" lon="13.469798"><time>2023-11-10T07:38:30.000Z</time></trkpt><trkpt lat="52.540148" lon="13.469771"><time>2023-11-10T07:38:34.000Z</time></trkpt><trkpt lat="52.540117" lon="13.469738"><time>2023-11-10T07:38:38.000Z</time></trkpt><trkpt lat="52.540084" lon="13.469695"><time>2023-11-10T07:38:42.000Z</time></trkpt><trkpt lat="52.540054" lon="13.469651"><time>2023-11-10T07:38:46.000Z</time></trkpt><trkpt lat="52.540014" lon="13.469601"><time>2023-11-10T07:38:50.000Z</time></trkpt><trkpt lat="52.539975" lon="13.469557"><time>2023-11-10T07:38:54.000Z</time></trkpt><trkpt lat="52.539937" lon="13.469526"><time>2023-11-10T07:38:58.000Z</time></trkpt><trkpt lat="52.539903" lon="13.469495"><time>2023-11-10T07:39:00.000Z</time></trkpt><trkpt lat="52.539872" lon="13.469451"><time>2023-11-10T07:39:04.000Z</time></trkpt><trkpt lat="52.539843" lon="13.469399"><time>2023-11-10T07:39:08.000Z</time></trkpt><trkpt lat="52.539818" lon="13.469335"><time>2023-11-10T07:39:10.000Z</time></trkpt><trkpt lat="52.539792" lon="13.469265"><time>2023-11-10T07:39:12.000Z</time></trkpt><trkpt lat="52.539761" lon="13.469206"><time>2023-11-10T07:39:16.000Z</time></trkpt><trkpt lat="52.539724" lon="13.469155"><time>2023-11-10T07:39:18.000Z</time></trkpt><trkpt lat="52.53969" lon="13.46912"><time>2023-11-10T07:39:22.000Z</time></trkpt><trkpt lat="52.539642" lon="13.469072"><time>2023-11-10T07:39:26.000Z</time></trkpt><trkpt lat="52.539595" lon="13.469028"><time>2023-11-10T07:39:30.000Z</time></trkpt><trkpt lat="52.539552" lon="13.468974"><time>2023-11-10T07:39:34.000Z</time></trkpt><trkpt lat="52.539524" lon="13.468919"><time>2023-11-10T07:39:38.000Z</time></trkpt><trkpt lat="52.539493" lon="13.46886"><time>2023-11-10T07:39:42.000Z</time></trkpt><trkpt lat="52.539456" lon="13.468818"><time>2023-11-10T07:39:46.000Z</time></trkpt><trkpt lat="52.53942" lon="13.468785"><time>2023-11-10T07:39:48.000Z</time></trkpt><trkpt lat="52.539391" lon="13.468768"><time>2023-11-10T07:39:50.000Z</time></trkpt><trkpt lat="52.539365" lon="13.468747"><time>2023-11-10T07:39:52.000Z</time></trkpt><trkpt lat="52.53934" lon="13.46872"><time>2023-11-10T07:39:54.000Z</time></trkpt><trkpt lat="52.53931" lon="13.468674"><time>2023-11-10T07:39:56.000Z</time></trkpt><trkpt lat="52.539274" lon="13.46862"><time>2023-11-10T07:40:00.000Z</time></trkpt><trkpt lat="52.539237" lon="13.468576"><time>2023-11-10T07:40:04.000Z</time></trkpt><trkpt lat="52.539202" lon="13.468554"><time>2023-11-10T07:40:06.000Z</time></trkpt><trkpt lat="52.539173" lon="13.468533"><time>2023-11-10T07:40:08.000Z</time></trkpt><trkpt lat="52.539144" lon="13.468507"><time>2023-11-10T07:40:12.000Z</time></trkpt><trkpt lat="52.539118" lon="13.468476"><time>2023-11-10T07:40:16.000Z</time></trkpt><trkpt lat="52.539097" lon="13.468444"><time>2023-11-10T07:40:18.000Z</time></trkpt><trkpt lat="52.539076" lon="13.46841"><time>2023-11-10T07:40:20.000Z</time></trkpt><trkpt lat="52.539057" lon="13.468361"><time>2023-11-10T07:40:22.000Z</time></trkpt><trkpt lat="52.539028" lon="13.468312"><time>2023-11-10T07:40:26.000Z</time></trkpt><trkpt lat="52.539" lon="13.468236"><time>2023-11-10T07:40:30.000Z</time></trkpt><trkpt lat="52.538971" lon="13.468182"><time>2023-11-10T07:40:34.000Z</time></trkpt><trkpt lat="52.538939" lon="13.468138"><time>2023-11-10T07:40:36.000Z</time></trkpt><trkpt lat="52.538907" lon="13.468118"><time>2023-11-10T07:40:40.000Z</time></trkpt><trkpt lat="52.538872" lon="13.468077"><time>2023-11-10T07:40:42.000Z</time></trkpt><trkpt lat="52.538847" lon="13.468013"><time>2023-11-10T07:40:46.000Z</time></trkpt><trkpt lat="52.538812" lon="13.467946"><time>2023-11-10T07:40:50.000Z</time></trkpt><trkpt lat="52.538775" lon="13.46788"><time>2023-11-10T07:40:54.000Z</time></trkpt><trkpt lat="52.538736" lon="13.467852"><time>2023-11-10T07:40:58.000Z</time></trkpt><trkpt lat="52.538701" lon="13.467817"><time>2023-11-10T07:41:00.000Z</time></trkpt><trkpt lat="52.53867" lon="13.467788"><time>2023-11-10T07:41:04.000Z</time></trkpt><trkpt lat="52.538636" lon="13.467738"><time>2023-11-10T07:41:06.000Z</time></trkpt><trkpt lat="52.538612" lon="13.467697"><time>2023-11-10T07:41:10.000Z</time></trkpt><trkpt lat="52.538581" lon="13.46766"><time>2023-11-10T07:41:12.000Z</time></trkpt><trkpt lat="52.538554" lon="13.467626"><time>2023-11-10T07:41:14.000Z</time></trkpt><trkpt lat="52.538519" lon="13.467613"><time>2023-11-10T07:41:16.000Z</time></trkpt><trkpt lat="52.538472" lon="13.467599"><time>2023-11-10T07:41:18.000Z</time></trkpt><trkpt lat="52.538418" lon="13.467589"><time>2023-11-10T07:41:22.000Z</time></trkpt><trkpt lat="52.53837" lon="13.467568"><time>2023-11-10T07:41:26.000Z</time></trkpt><trkpt lat="52.538333" lon="13.46754"><time>2023-11-10T07:41:30.000Z</time></trkpt><trkpt lat="52.538299" lon="13.467517"><time>2023-11-10T07:41:36.000Z</time></trkpt><trkpt lat="52.538269" lon="13.467486"><time>2023-11-10T07:41:38.000Z</time></trkpt><trkpt lat="52.538238" lon="13.467467"><time>2023-11-10T07:41:40.000Z</time></trkpt><trkpt lat="52.538206" lon="13.467444"><time>2023-11-10T07:41:44.000Z</time></trkpt><trkpt lat="52.538171" lon="13.467428"><time>2023-11-10T07:41:48.000Z</time></trkpt><trkpt lat="52.538144" lon="13.467397"><time>2023-11-10T07:41:50.000Z</time></trkpt><trkpt lat="52.538119" lon="13.467372"><time>2023-11-10T07:41:54.000Z</time></trkpt><trkpt lat="52.538093" lon="13.467347"><time>2023-11-10T07:41:56.000Z</time></trkpt><trkpt lat="52.538057" lon="13.467345"><time>2023-11-10T07:41:58.000Z</time></trkpt><trkpt lat="52.538022" lon="13.467334"><time>2023-11-10T07:42:02.000Z</time></trkpt><trkpt lat="52.537975" lon="13.467331"><time>2023-11-10T07:42:04.000Z</time></trkpt><trkpt lat="52.537943" lon="13.467296"><time>2023-11-10T07:42:08.000Z</time></trkpt><trkpt lat="52.537909" lon="13.467273"><time>2023-11-10T07:42:12.000Z</time></trkpt><trkpt lat="52.537889" lon="13.467239"><time>2023-11-10T07:42:14.000Z</time></trkpt><trkpt lat="52.537858" lon="13.467229"><time>2023-11-10T07:42:16.000Z</time></trkpt><trkpt lat="52.537826" lon="13.467219"><time>2023-11-10T07:42:18.000Z</time></trkpt><trkpt lat="52.537787" lon="13.467204"><time>2023-11-10T07:42:20.000Z</time></trkpt><trkpt lat="52.53775" lon="13.467186"><time>2023-11-10T07:42:24.000Z</time></trkpt><trkpt lat="52.537712" lon="13.467145"><time>2023-11-10T07:42:26.000Z</time></trkpt><trkpt lat="52.537672" lon="13.467114"><time>2023-11-10T07:42:30.000Z</time></trkpt><trkpt lat="52.537631" lon="13.467085"><time>2023-11-10T07:42:34.000Z</time></trkpt><trkpt lat="52.537584" lon="13.467062"><time>2023-11-10T07:42:36.000Z</time></trkpt><trkpt lat="52.537546" lon="13.467033"><time>2023-11-10T07:42:40.000Z</time></trkpt><trkpt lat="52.537509" lon="13.466991"><time>2023-11-10T07:42:42.000Z</time></trkpt><trkpt lat="52.537469" lon="13.46695"><time>2023-11-10T07:42:48.000Z</time></trkpt><trkpt lat="52.537416" lon="13.466907"><time>2023-11-10T07:42:54.000Z</time></trkpt><trkpt lat="52.537327" lon="13.466853"><time>2023-11-10T07:42:58.000Z</time></trkpt><trkpt lat="52.537235" lon="13.466808"><time>2023-11-10T07:43:08.000Z</time></trkpt><trkpt lat="52.537163" lon="13.466752"><time>2023-11-10T07:43:14.000Z</time></trkpt><trkpt lat="52.537131" lon="13.466711"><time>2023-11-10T07:43:18.000Z</time></trkpt><trkpt lat="52.537112" lon="13.466663"><time>2023-11-10T07:43:20.000Z</time></trkpt><trkpt lat="52.537086" lon="13.466631"><time>2023-11-10T07:43:24.000Z</time></trkpt><trkpt lat="52.537057" lon="13.4666"><time>2023-11-10T07:43:26.000Z</time></trkpt><trkpt lat="52.537025" lon="13.466575"><time>2023-11-10T07:43:28.000Z</time></trkpt><trkpt lat="52.536981" lon="13.46654"><time>2023-11-10T07:43:32.000Z</time></trkpt><trkpt lat="52.536935" lon="13.466514"><time>2023-11-10T07:43:36.000Z</time></trkpt><trkpt lat="52.536892" lon="13.466484"><time>2023-11-10T07:43:38.000Z</time></trkpt><trkpt lat="52.536863" lon="13.466454"><time>2023-11-10T07:43:42.000Z</time></trkpt><trkpt lat="52.536837" lon="13.466412"><time>2023-11-10T07:43:46.000Z</time></trkpt><trkpt lat="52.536807" lon="13.466377"><time>2023-11-10T07:43:50.000Z</time></trkpt><trkpt lat="52.536738" lon="13.466337"><time>2023-11-10T07:43:54.000Z</time></trkpt><trkpt lat="52.536697" lon="13.4663"><time>2023-11-10T07:44:02.000Z</time></trkpt><trkpt lat="52.536678" lon="13.466258"><time>2023-11-10T07:44:06.000Z</time></trkpt><trkpt lat="52.536713" lon="13.466204"><time>2023-11-10T07:44:08.000Z</time></trkpt><trkpt lat="52.536724" lon="13.466151"><time>2023-11-10T07:44:12.000Z</time></trkpt><trkpt lat="52.536725" lon="13.46609"><time>2023-11-10T07:44:14.000Z</time></trkpt><trkpt lat="52.536717" lon="13.466028"><time>2023-11-10T07:44:18.000Z</time></trkpt><trkpt lat="52.536715" lon="13.465951"><time>2023-11-10T07:44:24.000Z</time></trkpt><trkpt lat="52.536723" lon="13.465881"><time>2023-11-10T07:44:28.000Z</time></trkpt><trkpt lat="52.536724" lon="13.465822"><time>2023-11-10T07:44:30.000Z</time></trkpt><trkpt lat="52.536713" lon="13.46579"><time>2023-11-10T07:44:34.000Z</time></trkpt><trkpt lat="52.536679" lon="13.465775"><time>2023-11-10T07:44:36.000Z</time></trkpt><trkpt lat="52.536644" lon="13.465781"><time>2023-11-10T07:44:42.000Z</time></trkpt><trkpt lat="52.536611" lon="13.465798"><time>2023-11-10T07:44:46.000Z</time></trkpt><trkpt lat="52.536582" lon="13.465788"><time>2023-11-10T07:44:50.000Z</time></trkpt><trkpt lat="52.536545" lon="13.465774"><time>2023-11-10T07:44:56.000Z</time></trkpt><trkpt lat="52.536501" lon="13.465749"><time>2023-11-10T07:45:00.000Z</time></trkpt><trkpt lat="52.536453" lon="13.46574"><time>2023-11-10T07:45:04.000Z</time></trkpt><trkpt lat="52.536409" lon="13.465729"><time>2023-11-10T07:45:08.000Z</time></trkpt><trkpt lat="52.536364" lon="13.465697"><time>2023-11-10T07:45:12.000Z</time></trkpt><trkpt lat="52.536325" lon="13.465664"><time>2023-11-10T07:45:16.000Z</time></trkpt><trkpt lat="52.536282" lon="13.465634"><time>2023-11-10T07:45:18.000Z</time></trkpt><trkpt lat="52.53624" lon="13.465623"><time>2023-11-10T07:45:22.000Z</time></trkpt><trkpt lat="52.53619" lon="13.465613"><time>2023-11-10T07:45:26.000Z</time></trkpt><trkpt lat="52.536146" lon="13.465591"><time>2023-11-10T07:45:32.000Z</time></trkpt><trkpt lat="52.536106" lon="13.465573"><time>2023-11-10T07:45:36.000Z</time></trkpt><trkpt lat="52.536073" lon="13.465545"><time>2023-11-10T07:45:38.000Z</time></trkpt><trkpt lat="52.536039" lon="13.465529"><time>2023-11-10T07:45:42.000Z</time></trkpt><trkpt lat="52.536005" lon="13.465499"><time>2023-11-10T07:45:46.000Z</time></trkpt><trkpt lat="52.535971" lon="13.465475"><time>2023-11-10T07:45:48.000Z</time></trkpt><trkpt lat="52.535941" lon="13.465448"><time>2023-11-10T07:45:52.000Z</time></trkpt><trkpt lat="52.535913" lon="13.465422"><time>2023-11-10T07:45:54.000Z</time></trkpt><trkpt lat="52.535886" lon="13.465393"><time>2023-11-10T07:45:58.000Z</time></trkpt><trkpt lat="52.535851" lon="13.465353"><time>2023-11-10T07:46:02.000Z</time></trkpt><trkpt lat="52.535815" lon="13.465314"><time>2023-11-10T07:46:06.000Z</time></trkpt><trkpt lat="52.535782" lon="13.465281"><time>2023-11-10T07:46:08.000Z</time></trkpt><trkpt lat="52.535754" lon="13.465254"><time>2023-11-10T07:46:10.000Z</time></trkpt><trkpt lat="52.535732" lon="13.465223"><time>2023-11-10T07:46:14.000Z</time></trkpt><trkpt lat="52.535707" lon="13.465197"><time>2023-11-10T07:46:16.000Z</time></trkpt><trkpt lat="52.535679" lon="13.46518"><time>2023-11-10T07:46:18.000Z</time></trkpt><trkpt lat="52.535646" lon="13.465161"><time>2023-11-10T07:46:20.000Z</time></trkpt><trkpt lat="52.535619" lon="13.465125"><time>2023-11-10T07:46:24.000Z</time></trkpt><trkpt lat="52.535592" lon="13.465077"><time>2023-11-10T07:46:28.000Z</time></trkpt><trkpt lat="52.535559" lon="13.465027"><time>2023-11-10T07:46:32.000Z</time></trkpt><trkpt lat="52.535519" lon="13.46498"><time>2023-11-10T07:46:36.000Z</time></trkpt><trkpt lat="52.535486" lon="13.464938"><time>2023-11-10T07:46:40.000Z</time></trkpt><trkpt lat="52.535457" lon="13.464909"><time>2023-11-10T07:46:42.000Z</time></trkpt><trkpt lat="52.535426" lon="13.464878"><time>2023-11-10T07:46:44.000Z</time></trkpt><trkpt lat="52.535395" lon="13.464845"><time>2023-11-10T07:46:48.000Z</time></trkpt><trkpt lat="52.535363" lon="13.464805"><time>2023-11-10T07:46:50.000Z</time></trkpt><trkpt lat="52.535331" lon="13.464767"><time>2023-11-10T07:46:54.000Z</time></trkpt><trkpt lat="52.535294" lon="13.464725"><time>2023-11-10T07:46:58.000Z</time></trkpt><trkpt lat="52.535257" lon="13.464674"><time>2023-11-10T07:47:02.000Z</time></trkpt><trkpt lat="52.535219" lon="13.464617"><time>2023-11-10T07:47:06.000Z</time></trkpt><trkpt lat="52.535177" lon="13.464562"><time>2023-11-10T07:47:10.000Z</time></trkpt><trkpt lat="52.53514" lon="13.464517"><time>2023-11-10T07:47:14.000Z</time></trkpt><trkpt lat="52.53511" lon="13.464479"><time>2023-11-10T07:47:16.000Z</time></trkpt><trkpt lat="52.535086" lon="13.464444"><time>2023-11-10T07:47:20.000Z</time></trkpt><trkpt lat="52.535057" lon="13.464409"><time>2023-11-10T07:47:22.000Z</time></trkpt><trkpt lat="52.535028" lon="13.464378"><time>2023-11-10T07:47:26.000Z</time></trkpt><trkpt lat="52.535003" lon="13.464336"><time>2023-11-10T07:47:28.000Z</time></trkpt><trkpt lat="52.53497" lon="13.464288"><time>2023-11-10T07:47:32.000Z</time></trkpt><trkpt lat="52.534935" lon="13.464238"><time>2023-11-10T07:47:36.000Z</time></trkpt><trkpt lat="52.534899" lon="13.464189"><time>2023-11-10T07:47:38.000Z</time></trkpt><trkpt lat="52.534871" lon="13.464146"><time>2023-11-10T07:47:42.000Z</time></trkpt><trkpt lat="52.534841" lon="13.464101"><time>2023-11-10T07:47:46.000Z</time></trkpt><trkpt lat="52.53481" lon="13.464047"><time>2023-11-10T07:47:50.000Z</time></trkpt><trkpt lat="52.53478" lon="13.463998"><time>2023-11-10T07:47:54.000Z</time></trkpt><trkpt lat="52.534751" lon="13.463949"><time>2023-11-10T07:47:56.000Z</time></trkpt><trkpt lat="52.534725" lon="13.463908"><time>2023-11-10T07:48:00.000Z</time></trkpt><trkpt lat="52.534695" lon="13.463864"><time>2023-11-10T07:48:04.000Z</time></trkpt><trkpt lat="52.534666" lon="13.463824"><time>2023-11-10T07:48:08.000Z</time></trkpt><trkpt lat="52.534627" lon="13.46379"><time>2023-11-10T07:48:12.000Z</time></trkpt><trkpt lat="52.53459" lon="13.463755"><time>2023-11-10T07:48:16.000Z</time></trkpt><trkpt lat="52.534554" lon="13.463722"><time>2023-11-10T07:48:20.000Z</time></trkpt><trkpt lat="52.534523" lon="13.463682"><time>2023-11-10T07:48:24.000Z</time></trkpt><trkpt lat="52.534493" lon="13.463652"><time>2023-11-10T07:48:30.000Z</time></trkpt><trkpt lat="52.534461" lon="13.463628"><time>2023-11-10T07:48:32.000Z</time></trkpt><trkpt lat="52.534431" lon="13.463619"><time>2023-11-10T07:48:36.000Z</time></trkpt><trkpt lat="52.534402" lon="13.463611"><time>2023-11-10T07:48:38.000Z</time></trkpt><trkpt lat="52.53437" lon="13.463595"><time>2023-11-10T07:48:40.000Z</time></trkpt><trkpt lat="52.534335" lon="13.463573"><time>2023-11-10T07:48:44.000Z</time></trkpt><trkpt lat="52.534302" lon="13.463549"><time>2023-11-10T07:48:48.000Z</time></trkpt><trkpt lat="52.534272" lon="13.463525"><time>2023-11-10T07:48:52.000Z</time></trkpt><trkpt lat="52.534232" lon="13.463508"><time>2023-11-10T07:48:56.000Z</time></trkpt><trkpt lat="52.53419" lon="13.463495"><time>2023-11-10T07:49:00.000Z</time></trkpt><trkpt lat="52.534147" lon="13.463479"><time>2023-11-10T07:49:02.000Z</time></trkpt><trkpt lat="52.534116" lon="13.463455"><time>2023-11-10T07:49:12.000Z</time></trkpt><trkpt lat="52.534084" lon="13.463427"><time>2023-11-10T07:49:16.000Z</time></trkpt><trkpt lat="52.534051" lon="13.463401"><time>2023-11-10T07:49:20.000Z</time></trkpt><trkpt lat="52.534011" lon="13.463395"><time>2023-11-10T07:49:26.000Z</time></trkpt><trkpt lat="52.533982" lon="13.463411"><time>2023-11-10T07:49:30.000Z</time></trkpt><trkpt lat="52.533968" lon="13.463447"><time>2023-11-10T07:49:34.000Z</time></trkpt><trkpt lat="52.53398" lon="13.463483"><time>2023-11-10T07:49:36.000Z</time></trkpt><trkpt lat="52.533982" lon="13.463496"><time>2023-11-10T07:49:44.000Z</time></trkpt><trkpt lat="52.533972" lon="13.463573"><time>2023-11-10T07:53:37.000Z</time></trkpt><trkpt lat="52.533974" lon="13.463512"><time>2023-11-10T07:53:41.000Z</time></trkpt><trkpt lat="52.533988" lon="13.463428"><time>2023-11-10T07:55:29.000Z</time></trkpt><trkpt lat="52.533897" lon="13.46345"><time>2023-11-10T08:00:23.000Z</time></trkpt><trkpt lat="52.533848" lon="13.463378"><time>2023-11-10T08:07:15.000Z</time></trkpt><trkpt lat="52.533825" lon="13.463329"><time>2023-11-10T08:07:19.000Z</time></trkpt><trkpt lat="52.533803" lon="13.463283"><time>2023-11-10T08:07:23.000Z</time></trkpt><trkpt lat="52.533782" lon="13.463242"><time>2023-11-10T08:07:25.000Z</time></trkpt><trkpt lat="52.53375" lon="13.463201"><time>2023-11-10T08:07:29.000Z</time></trkpt><trkpt lat="52.533714" lon="13.463186"><time>2023-11-10T08:07:33.000Z</time></trkpt><trkpt lat="52.533672" lon="13.463189"><time>2023-11-10T08:07:37.000Z</time></trkpt><trkpt lat="52.533638" lon="13.463198"><time>2023-11-10T08:07:41.000Z</time></trkpt><trkpt lat="52.533607" lon="13.463184"><time>2023-11-10T08:07:57.000Z</time></trkpt><trkpt lat="52.533583" lon="13.46315"><time>2023-11-10T08:08:01.000Z</time></trkpt><trkpt lat="52.533562" lon="13.463107"><time>2023-11-10T08:08:05.000Z</time></trkpt><trkpt lat="52.533547" lon="13.463059"><time>2023-11-10T08:08:09.000Z</time></trkpt><trkpt lat="52.533541" lon="13.463008"><time>2023-11-10T08:08:13.000Z</time></trkpt><trkpt lat="52.533534" lon="13.462962"><time>2023-11-10T08:08:15.000Z</time></trkpt><trkpt lat="52.533535" lon="13.462913"><time>2023-11-10T08:08:19.000Z</time></trkpt><trkpt lat="52.533528" lon="13.462864"><time>2023-11-10T08:08:25.000Z</time></trkpt><trkpt lat="52.533521" lon="13.462819"><time>2023-11-10T08:08:31.000Z</time></trkpt><trkpt lat="52.533501" lon="13.46277"><time>2023-11-10T08:08:35.000Z</time></trkpt><trkpt lat="52.533481" lon="13.462728"><time>2023-11-10T08:08:41.000Z</time></trkpt><trkpt lat="52.533463" lon="13.462669"><time>2023-11-10T08:08:45.000Z</time></trkpt><trkpt lat="52.533458" lon="13.462611"><time>2023-11-10T08:08:57.000Z</time></trkpt><trkpt lat="52.533448" lon="13.462575"><time>2023-11-10T08:09:03.000Z</time></trkpt><trkpt lat="52.533433" lon="13.462581"><time>2023-11-10T08:09:13.000Z</time></trkpt><trkpt lat="52.533406" lon="13.462619"><time>2023-11-10T08:09:17.000Z</time></trkpt><trkpt lat="52.533383" lon="13.462655"><time>2023-11-10T08:09:21.000Z</time></trkpt><trkpt lat="52.53336" lon="13.462686"><time>2023-11-10T08:09:25.000Z</time></trkpt><trkpt lat="52.53333" lon="13.462715"><time>2023-11-10T08:09:29.000Z</time></trkpt><trkpt lat="52.533299" lon="13.46272"><time>2023-11-10T08:09:33.000Z</time></trkpt><trkpt lat="52.53327" lon="13.462702"><time>2023-11-10T08:09:39.000Z</time></trkpt><trkpt lat="52.533246" lon="13.462667"><time>2023-11-10T08:09:43.000Z</time></trkpt><trkpt lat="52.53322" lon="13.462647"><time>2023-11-10T08:09:47.000Z</time></trkpt><trkpt lat="52.533191" lon="13.462651"><time>2023-11-10T08:09:51.000Z</time></trkpt><trkpt lat="52.533163" lon="13.462677"><time>2023-11-10T08:09:55.000Z</time></trkpt><trkpt lat="52.533139" lon="13.462713"><time>2023-11-10T08:09:59.000Z</time></trkpt><trkpt lat="52.53311" lon="13.462735"><time>2023-11-10T08:10:03.000Z</time></trkpt><trkpt lat="52.533088" lon="13.462724"><time>2023-11-10T08:10:07.000Z</time></trkpt><trkpt lat="52.533068" lon="13.462688"><time>2023-11-10T08:10:11.000Z</time></trkpt><trkpt lat="52.533054" lon="13.462636"><time>2023-11-10T08:10:15.000Z</time></trkpt><trkpt lat="52.533032" lon="13.462597"><time>2023-11-10T08:10:19.000Z</time></trkpt><trkpt lat="52.533006" lon="13.462583"><time>2023-11-10T08:10:21.000Z</time></trkpt><trkpt lat="52.532986" lon="13.462603"><time>2023-11-10T08:10:25.000Z</time></trkpt><trkpt lat="52.532969" lon="13.462641"><time>2023-11-10T08:10:29.000Z</time></trkpt><trkpt lat="52.532949" lon="13.462673"><time>2023-11-10T08:10:37.000Z</time></trkpt><trkpt lat="52.532904" lon="13.462715"><time>2023-11-10T08:10:41.000Z</time></trkpt><trkpt lat="52.532861" lon="13.462756"><time>2023-11-10T08:10:51.000Z</time></trkpt><trkpt lat="52.532823" lon="13.46281"><time>2023-11-10T08:10:59.000Z</time></trkpt><trkpt lat="52.532801" lon="13.462847"><time>2023-11-10T08:11:05.000Z</time></trkpt><trkpt lat="52.532772" lon="13.46288"><time>2023-11-10T08:11:11.000Z</time></trkpt><trkpt lat="52.532737" lon="13.462902"><time>2023-11-10T08:11:15.000Z</time></trkpt><trkpt lat="52.532704" lon="13.462915"><time>2023-11-10T08:11:17.000Z</time></trkpt><trkpt lat="52.532674" lon="13.462919"><time>2023-11-10T08:11:19.000Z</time></trkpt><trkpt lat="52.532641" lon="13.462919"><time>2023-11-10T08:11:21.000Z</time></trkpt><trkpt lat="52.532601" lon="13.462909"><time>2023-11-10T08:11:23.000Z</time></trkpt><trkpt lat="52.532558" lon="13.46289"><time>2023-11-10T08:11:27.000Z</time></trkpt><trkpt lat="52.532512" lon="13.462869"><time>2023-11-10T08:11:31.000Z</time></trkpt><trkpt lat="52.532465" lon="13.462849"><time>2023-11-10T08:11:35.000Z</time></trkpt><trkpt lat="52.532422" lon="13.462827"><time>2023-11-10T08:11:39.000Z</time></trkpt><trkpt lat="52.532384" lon="13.462809"><time>2023-11-10T08:11:45.000Z</time></trkpt><trkpt lat="52.532352" lon="13.462793"><time>2023-11-10T08:11:49.000Z</time></trkpt><trkpt lat="52.532319" lon="13.462785"><time>2023-11-10T08:11:53.000Z</time></trkpt><trkpt lat="52.532288" lon="13.462769"><time>2023-11-10T08:11:59.000Z</time></trkpt><trkpt lat="52.532292" lon="13.462698"><time>2023-11-10T08:12:25.000Z</time></trkpt><trkpt lat="52.532324" lon="13.462629"><time>2023-11-10T08:12:30.000Z</time></trkpt><trkpt lat="52.532355" lon="13.462555"><time>2023-11-10T08:12:34.000Z</time></trkpt><trkpt lat="52.532381" lon="13.462488"><time>2023-11-10T08:12:40.000Z</time></trkpt><trkpt lat="52.532399" lon="13.46242"><time>2023-11-10T08:12:44.000Z</time></trkpt><trkpt lat="52.532408" lon="13.462365"><time>2023-11-10T08:12:48.000Z</time></trkpt><trkpt lat="52.532422" lon="13.462304"><time>2023-11-10T08:12:50.000Z</time></trkpt><trkpt lat="52.532449" lon="13.462239"><time>2023-11-10T08:12:54.000Z</time></trkpt><trkpt lat="52.532476" lon="13.462174"><time>2023-11-10T08:13:00.000Z</time></trkpt><trkpt lat="52.53249" lon="13.46211"><time>2023-11-10T08:13:02.000Z</time></trkpt><trkpt lat="52.532497" lon="13.462046"><time>2023-11-10T08:13:04.000Z</time></trkpt><trkpt lat="52.532508" lon="13.461978"><time>2023-11-10T08:13:08.000Z</time></trkpt><trkpt lat="52.532529" lon="13.461912"><time>2023-11-10T08:13:12.000Z</time></trkpt><trkpt lat="52.532551" lon="13.461849"><time>2023-11-10T08:13:16.000Z</time></trkpt><trkpt lat="52.532573" lon="13.461802"><time>2023-11-10T08:13:18.000Z</time></trkpt><trkpt lat="52.532585" lon="13.461752"><time>2023-11-10T08:13:20.000Z</time></trkpt><trkpt lat="52.532599" lon="13.461706"><time>2023-11-10T08:13:24.000Z</time></trkpt><trkpt lat="52.532614" lon="13.461658"><time>2023-11-10T08:13:26.000Z</time></trkpt><trkpt lat="52.532639" lon="13.461624"><time>2023-11-10T08:13:28.000Z</time></trkpt><trkpt lat="52.532659" lon="13.461586"><time>2023-11-10T08:13:30.000Z</time></trkpt><trkpt lat="52.532674" lon="13.461541"><time>2023-11-10T08:13:34.000Z</time></trkpt><trkpt lat="52.532681" lon="13.461485"><time>2023-11-10T08:13:38.000Z</time></trkpt><trkpt lat="52.532689" lon="13.461398"><time>2023-11-10T08:13:42.000Z</time></trkpt><trkpt lat="52.532693" lon="13.461301"><time>2023-11-10T08:13:48.000Z</time></trkpt><trkpt lat="52.532707" lon="13.461204"><time>2023-11-10T08:13:52.000Z</time></trkpt><trkpt lat="52.532753" lon="13.461074"><time>2023-11-10T08:13:56.000Z</time></trkpt><trkpt lat="52.532798" lon="13.460937"><time>2023-11-10T08:14:06.000Z</time></trkpt><trkpt lat="52.532836" lon="13.460803"><time>2023-11-10T08:14:10.000Z</time></trkpt><trkpt lat="52.532839" lon="13.460734"><time>2023-11-10T08:14:12.000Z</time></trkpt><trkpt lat="52.532854" lon="13.460691"><time>2023-11-10T08:14:14.000Z</time></trkpt><trkpt lat="52.532873" lon="13.460653"><time>2023-11-10T08:14:16.000Z</time></trkpt><trkpt lat="52.532895" lon="13.460611"><time>2023-11-10T08:14:18.000Z</time></trkpt><trkpt lat="52.532911" lon="13.460559"><time>2023-11-10T08:14:22.000Z</time></trkpt><trkpt lat="52.532924" lon="13.460505"><time>2023-11-10T08:14:26.000Z</time></trkpt><trkpt lat="52.532937" lon="13.460452"><time>2023-11-10T08:14:30.000Z</time></trkpt><trkpt lat="52.532953" lon="13.460396"><time>2023-11-10T08:14:34.000Z</time></trkpt><trkpt lat="52.532972" lon="13.460344"><time>2023-11-10T08:14:38.000Z</time></trkpt><trkpt lat="52.53299" lon="13.460295"><time>2023-11-10T08:14:40.000Z</time></trkpt><trkpt lat="52.533007" lon="13.460253"><time>2023-11-10T08:14:42.000Z</time></trkpt><trkpt lat="52.533018" lon="13.460204"><time>2023-11-10T08:14:46.000Z</time></trkpt><trkpt lat="52.533024" lon="13.460155"><time>2023-11-10T08:14:48.000Z</time></trkpt><trkpt lat="52.53303" lon="13.460106"><time>2023-11-10T08:14:50.000Z</time></trkpt><trkpt lat="52.533041" lon="13.460062"><time>2023-11-10T08:14:52.000Z</time></trkpt><trkpt lat="52.533054" lon="13.460009"><time>2023-11-10T08:14:54.000Z</time></trkpt><trkpt lat="52.533069" lon="13.459946"><time>2023-11-10T08:14:56.000Z</time></trkpt><trkpt lat="52.533072" lon="13.459879"><time>2023-11-10T08:15:00.000Z</time></trkpt><trkpt lat="52.533072" lon="13.459813"><time>2023-11-10T08:15:02.000Z</time></trkpt><trkpt lat="52.533078" lon="13.459748"><time>2023-11-10T08:15:06.000Z</time></trkpt><trkpt lat="52.533097" lon="13.459678"><time>2023-11-10T08:15:10.000Z</time></trkpt><trkpt lat="52.533121" lon="13.459614"><time>2023-11-10T08:15:14.000Z</time></trkpt><trkpt lat="52.533149" lon="13.459507"><time>2023-11-10T08:15:16.000Z</time></trkpt><trkpt lat="52.533171" lon="13.459406"><time>2023-11-10T08:15:22.000Z</time></trkpt><trkpt lat="52.533194" lon="13.459279"><time>2023-11-10T08:15:26.000Z</time></trkpt><trkpt lat="52.533207" lon="13.459198"><time>2023-11-10T08:15:30.000Z</time></trkpt><trkpt lat="52.533212" lon="13.459109"><time>2023-11-10T08:15:34.000Z</time></trkpt><trkpt lat="52.533212" lon="13.459045"><time>2023-11-10T08:15:40.000Z</time></trkpt><trkpt lat="52.533213" lon="13.458993"><time>2023-11-10T08:15:42.000Z</time></trkpt><trkpt lat="52.533228" lon="13.458954"><time>2023-11-10T08:15:44.000Z</time></trkpt><trkpt lat="52.533259" lon="13.458906"><time>2023-11-10T08:15:46.000Z</time></trkpt><trkpt lat="52.533282" lon="13.458845"><time>2023-11-10T08:15:50.000Z</time></trkpt><trkpt lat="52.533294" lon="13.458773"><time>2023-11-10T08:15:54.000Z</time></trkpt><trkpt lat="52.533283" lon="13.458689"><time>2023-11-10T08:15:56.000Z</time></trkpt><trkpt lat="52.53327" lon="13.458616"><time>2023-11-10T08:16:00.000Z</time></trkpt><trkpt lat="52.533253" lon="13.458553"><time>2023-11-10T08:16:04.000Z</time></trkpt><trkpt lat="52.533232" lon="13.458517"><time>2023-11-10T08:16:08.000Z</time></trkpt><trkpt lat="52.533209" lon="13.458485"><time>2023-11-10T08:16:16.000Z</time></trkpt><trkpt lat="52.533191" lon="13.45842"><time>2023-11-10T08:16:20.000Z</time></trkpt><trkpt lat="52.533187" lon="13.458351"><time>2023-11-10T08:16:30.000Z</time></trkpt><trkpt lat="52.533199" lon="13.458282"><time>2023-11-10T08:16:34.000Z</time></trkpt><trkpt lat="52.533222" lon="13.458245"><time>2023-11-10T08:16:38.000Z</time></trkpt><trkpt lat="52.533251" lon="13.458209"><time>2023-11-10T08:16:40.000Z</time></trkpt><trkpt lat="52.533278" lon="13.45817"><time>2023-11-10T08:16:44.000Z</time></trkpt><trkpt lat="52.533307" lon="13.458115"><time>2023-11-10T08:16:46.000Z</time></trkpt><trkpt lat="52.533331" lon="13.458067"><time>2023-11-10T08:16:50.000Z</time></trkpt><trkpt lat="52.533361" lon="13.458022"><time>2023-11-10T08:16:52.000Z</time></trkpt><trkpt lat="52.533395" lon="13.457986"><time>2023-11-10T08:16:54.000Z</time></trkpt><trkpt lat="52.533438" lon="13.457951"><time>2023-11-10T08:16:58.000Z</time></trkpt><trkpt lat="52.533477" lon="13.45791"><time>2023-11-10T08:17:02.000Z</time></trkpt><trkpt lat="52.533508" lon="13.457876"><time>2023-11-10T08:17:04.000Z</time></trkpt><trkpt lat="52.533547" lon="13.457842"><time>2023-11-10T08:17:06.000Z</time></trkpt><trkpt lat="52.533588" lon="13.457808"><time>2023-11-10T08:17:10.000Z</time></trkpt><trkpt lat="52.533632" lon="13.457767"><time>2023-11-10T08:17:14.000Z</time></trkpt><trkpt lat="52.533662" lon="13.457729"><time>2023-11-10T08:17:18.000Z</time></trkpt><trkpt lat="52.533689" lon="13.457688"><time>2023-11-10T08:17:20.000Z</time></trkpt><trkpt lat="52.533715" lon="13.457646"><time>2023-11-10T08:17:22.000Z</time></trkpt><trkpt lat="52.533744" lon="13.457596"><time>2023-11-10T08:17:26.000Z</time></trkpt><trkpt lat="52.533774" lon="13.457554"><time>2023-11-10T08:17:30.000Z</time></trkpt><trkpt lat="52.533812" lon="13.457517"><time>2023-11-10T08:17:32.000Z</time></trkpt><trkpt lat="52.533846" lon="13.457484"><time>2023-11-10T08:17:36.000Z</time></trkpt><trkpt lat="52.533881" lon="13.457441"><time>2023-11-10T08:17:38.000Z</time></trkpt><trkpt lat="52.533908" lon="13.457396"><time>2023-11-10T08:17:42.000Z</time></trkpt><trkpt lat="52.533939" lon="13.457349"><time>2023-11-10T08:17:46.000Z</time></trkpt><trkpt lat="52.533981" lon="13.457313"><time>2023-11-10T08:17:50.000Z</time></trkpt><trkpt lat="52.534021" lon="13.457287"><time>2023-11-10T08:17:54.000Z</time></trkpt><trkpt lat="52.534056" lon="13.457262"><time>2023-11-10T08:17:56.000Z</time></trkpt><trkpt lat="52.534081" lon="13.457233"><time>2023-11-10T08:17:58.000Z</time></trkpt><trkpt lat="52.534107" lon="13.4572"><time>2023-11-10T08:18:00.000Z</time></trkpt><trkpt lat="52.534139" lon="13.457161"><time>2023-11-10T08:18:04.000Z</time></trkpt><trkpt lat="52.534169" lon="13.457127"><time>2023-11-10T08:18:08.000Z</time></trkpt><trkpt lat="52.534196" lon="13.45709"><time>2023-11-10T08:18:10.000Z</time></trkpt><trkpt lat="52.534226" lon="13.457059"><time>2023-11-10T08:18:12.000Z</time></trkpt><trkpt lat="52.534261" lon="13.45702"><time>2023-11-10T08:18:16.000Z</time></trkpt><trkpt lat="52.534358" lon="13.456958"><time>2023-11-10T08:18:20.000Z</time></trkpt><trkpt lat="52.534453" lon="13.456891"><time>2023-11-10T08:18:32.000Z</time></trkpt><trkpt lat="52.534546" lon="13.456829"><time>2023-11-10T08:18:36.000Z</time></trkpt><trkpt lat="52.534632" lon="13.45678"><time>2023-11-10T08:18:40.000Z</time></trkpt><trkpt lat="52.534717" lon="13.456725"><time>2023-11-10T08:18:50.000Z</time></trkpt><trkpt lat="52.534788" lon="13.456648"><time>2023-11-10T08:18:54.000Z</time></trkpt><trkpt lat="52.534807" lon="13.456592"><time>2023-11-10T08:18:58.000Z</time></trkpt><trkpt lat="52.534834" lon="13.456552"><time>2023-11-10T08:19:04.000Z</time></trkpt><trkpt lat="52.534877" lon="13.456535"><time>2023-11-10T08:19:08.000Z</time></trkpt><trkpt lat="52.534922" lon="13.456509"><time>2023-11-10T08:19:14.000Z</time></trkpt><trkpt lat="52.534956" lon="13.456474"><time>2023-11-10T08:19:18.000Z</time></trkpt><trkpt lat="52.534986" lon="13.456438"><time>2023-11-10T08:19:22.000Z</time></trkpt><trkpt lat="52.53501" lon="13.456401"><time>2023-11-10T08:19:28.000Z</time></trkpt><trkpt lat="52.535068" lon="13.456347"><time>2023-11-10T08:19:32.000Z</time></trkpt><trkpt lat="52.535123" lon="13.456295"><time>2023-11-10T08:19:40.000Z</time></trkpt><trkpt lat="52.535179" lon="13.456246"><time>2023-11-10T08:19:42.000Z</time></trkpt><trkpt lat="52.535204" lon="13.456222"><time>2023-11-10T08:19:44.000Z</time></trkpt><trkpt lat="52.53523" lon="13.456196"><time>2023-11-10T08:19:46.000Z</time></trkpt><trkpt lat="52.535259" lon="13.456167"><time>2023-11-10T08:19:48.000Z</time></trkpt><trkpt lat="52.535292" lon="13.456141"><time>2023-11-10T08:19:52.000Z</time></trkpt><trkpt lat="52.535322" lon="13.456118"><time>2023-11-10T08:19:54.000Z</time></trkpt><trkpt lat="52.535356" lon="13.456099"><time>2023-11-10T08:19:56.000Z</time></trkpt><trkpt lat="52.535392" lon="13.456077"><time>2023-11-10T08:20:00.000Z</time></trkpt><trkpt lat="52.535428" lon="13.456052"><time>2023-11-10T08:20:04.000Z</time></trkpt><trkpt lat="52.53546" lon="13.456029"><time>2023-11-10T08:20:06.000Z</time></trkpt><trkpt lat="52.535486" lon="13.456"><time>2023-11-10T08:20:08.000Z</time></trkpt><trkpt lat="52.535514" lon="13.455964"><time>2023-11-10T08:20:12.000Z</time></trkpt><trkpt lat="52.53554" lon="13.455913"><time>2023-11-10T08:20:16.000Z</time></trkpt><trkpt lat="52.535596" lon="13.455855"><time>2023-11-10T08:20:20.000Z</time></trkpt><trkpt lat="52.535655" lon="13.455802"><time>2023-11-10T08:20:26.000Z</time></trkpt><trkpt lat="52.535714" lon="13.455762"><time>2023-11-10T08:20:28.000Z</time></trkpt><trkpt lat="52.535745" lon="13.455736"><time>2023-11-10T08:20:30.000Z</time></trkpt><trkpt lat="52.535726" lon="13.455723"><time>2023-11-10T08:20:36.000Z</time></trkpt><trkpt lat="52.535687" lon="13.455715"><time>2023-11-10T08:20:50.000Z</time></trkpt><trkpt lat="52.535657" lon="13.455692"><time>2023-11-10T08:20:52.000Z</time></trkpt><trkpt lat="52.535679" lon="13.45566"><time>2023-11-10T08:21:00.000Z</time></trkpt><trkpt lat="52.535721" lon="13.455621"><time>2023-11-10T08:21:04.000Z</time></trkpt><trkpt lat="52.535747" lon="13.455577"><time>2023-11-10T08:21:06.000Z</time></trkpt><trkpt lat="52.535754" lon="13.455528"><time>2023-11-10T08:21:08.000Z</time></trkpt><trkpt lat="52.535747" lon="13.455475"><time>2023-11-10T08:21:12.000Z</time></trkpt><trkpt lat="52.535732" lon="13.455432"><time>2023-11-10T08:21:14.000Z</time></trkpt><trkpt lat="52.535718" lon="13.45539"><time>2023-11-10T08:21:16.000Z</time></trkpt><trkpt lat="52.535706" lon="13.455344"><time>2023-11-10T08:21:18.000Z</time></trkpt><trkpt lat="52.535696" lon="13.455292"><time>2023-11-10T08:21:20.000Z</time></trkpt><trkpt lat="52.535682" lon="13.455232"><time>2023-11-10T08:21:24.000Z</time></trkpt><trkpt lat="52.535669" lon="13.455167"><time>2023-11-10T08:21:28.000Z</time></trkpt><trkpt lat="52.535657" lon="13.455101"><time>2023-11-10T08:21:32.000Z</time></trkpt><trkpt lat="52.535642" lon="13.455033"><time>2023-11-10T08:21:36.000Z</time></trkpt><trkpt lat="52.535626" lon="13.454958"><time>2023-11-10T08:21:40.000Z</time></trkpt><trkpt lat="52.535606" lon="13.454888"><time>2023-11-10T08:21:44.000Z</time></trkpt><trkpt lat="52.535586" lon="13.454821"><time>2023-11-10T08:21:48.000Z</time></trkpt><trkpt lat="52.53557" lon="13.454758"><time>2023-11-10T08:21:52.000Z</time></trkpt><trkpt lat="52.53556" lon="13.454693"><time>2023-11-10T08:21:56.000Z</time></trkpt><trkpt lat="52.53555" lon="13.454561"><time>2023-11-10T08:22:00.000Z</time></trkpt><trkpt lat="52.535532" lon="13.454421"><time>2023-11-10T08:22:08.000Z</time></trkpt><trkpt lat="52.535502" lon="13.454288"><time>2023-11-10T08:22:12.000Z</time></trkpt><trkpt lat="52.535472" lon="13.454232"><time>2023-11-10T08:22:14.000Z</time></trkpt><trkpt lat="52.53544" lon="13.454192"><time>2023-11-10T08:22:18.000Z</time></trkpt><trkpt lat="52.535388" lon="13.454128"><time>2023-11-10T08:22:20.000Z</time></trkpt><trkpt lat="52.53534" lon="13.454063"><time>2023-11-10T08:22:28.000Z</time></trkpt><trkpt lat="52.535295" lon="13.454003"><time>2023-11-10T08:22:30.000Z</time></trkpt><trkpt lat="52.535268" lon="13.453955"><time>2023-11-10T08:22:32.000Z</time></trkpt><trkpt lat="52.535239" lon="13.453912"><time>2023-11-10T08:22:36.000Z</time></trkpt><trkpt lat="52.535218" lon="13.453858"><time>2023-11-10T08:22:38.000Z</time></trkpt><trkpt lat="52.535187" lon="13.45384"><time>2023-11-10T08:23:04.000Z</time></trkpt><trkpt lat="52.535055" lon="13.454013"><time>2023-11-10T08:23:36.000Z</time></trkpt><trkpt lat="52.535015" lon="13.454052"><time>2023-11-10T08:23:38.000Z</time></trkpt><trkpt lat="52.534969" lon="13.4541"><time>2023-11-10T08:23:42.000Z</time></trkpt><trkpt lat="52.534916" lon="13.454138"><time>2023-11-10T08:23:46.000Z</time></trkpt><trkpt lat="52.53487" lon="13.454178"><time>2023-11-10T08:23:50.000Z</time></trkpt><trkpt lat="52.534836" lon="13.454206"><time>2023-11-10T08:23:52.000Z</time></trkpt><trkpt lat="52.534823" lon="13.454245"><time>2023-11-10T08:23:54.000Z</time></trkpt><trkpt lat="52.534812" lon="13.45429"><time>2023-11-10T08:23:56.000Z</time></trkpt><trkpt lat="52.534798" lon="13.454329"><time>2023-11-10T08:24:00.000Z</time></trkpt><trkpt lat="52.534776" lon="13.454368"><time>2023-11-10T08:24:02.000Z</time></trkpt><trkpt lat="52.534751" lon="13.454403"><time>2023-11-10T08:24:04.000Z</time></trkpt><trkpt lat="52.534621" lon="13.454375"><time>2023-11-10T08:24:06.000Z</time></trkpt><trkpt lat="52.53449" lon="13.454323"><time>2023-11-10T08:24:18.000Z</time></trkpt><trkpt lat="52.534355" lon="13.454236"><time>2023-11-10T08:24:20.000Z</time></trkpt><trkpt lat="52.534328" lon="13.454185"><time>2023-11-10T08:24:24.000Z</time></trkpt><trkpt lat="52.534304" lon="13.454124"><time>2023-11-10T08:24:26.000Z</time></trkpt><trkpt lat="52.534285" lon="13.454066"><time>2023-11-10T08:24:28.000Z</time></trkpt><trkpt lat="52.534263" lon="13.45401"><time>2023-11-10T08:24:30.000Z</time></trkpt><trkpt lat="52.534241" lon="13.453959"><time>2023-11-10T08:24:32.000Z</time></trkpt><trkpt lat="52.534215" lon="13.453909"><time>2023-11-10T08:24:34.000Z</time></trkpt><trkpt lat="52.534196" lon="13.45385"><time>2023-11-10T08:24:36.000Z</time></trkpt><trkpt lat="52.534188" lon="13.453793"><time>2023-11-10T08:24:42.000Z</time></trkpt><trkpt lat="52.534187" lon="13.453737"><time>2023-11-10T08:24:46.000Z</time></trkpt><trkpt lat="52.534177" lon="13.453685"><time>2023-11-10T08:24:50.000Z</time></trkpt><trkpt lat="52.534156" lon="13.45363"><time>2023-11-10T08:24:54.000Z</time></trkpt><trkpt lat="52.534133" lon="13.453578"><time>2023-11-10T08:24:56.000Z</time></trkpt><trkpt lat="52.534109" lon="13.453526"><time>2023-11-10T08:24:58.000Z</time></trkpt><trkpt lat="52.534087" lon="13.453476"><time>2023-11-10T08:25:02.000Z</time></trkpt><trkpt lat="52.534067" lon="13.453427"><time>2023-11-10T08:25:04.000Z</time></trkpt><trkpt lat="52.534049" lon="13.453382"><time>2023-11-10T08:25:06.000Z</time></trkpt><trkpt lat="52.534031" lon="13.453337"><time>2023-11-10T08:25:10.000Z</time></trkpt><trkpt lat="52.534011" lon="13.453281"><time>2023-11-10T08:25:14.000Z</time></trkpt><trkpt lat="52.533997" lon="13.453227"><time>2023-11-10T08:25:18.000Z</time></trkpt><trkpt lat="52.533993" lon="13.45317"><time>2023-11-10T08:25:22.000Z</time></trkpt><trkpt lat="52.533974" lon="13.453097"><time>2023-11-10T08:25:26.000Z</time></trkpt><trkpt lat="52.533958" lon="13.453024"><time>2023-11-10T08:25:34.000Z</time></trkpt><trkpt lat="52.533954" lon="13.452952"><time>2023-11-10T08:25:38.000Z</time></trkpt><trkpt lat="52.533977" lon="13.45291"><time>2023-11-10T08:25:42.000Z</time></trkpt><trkpt lat="52.534016" lon="13.452871"><time>2023-11-10T08:25:44.000Z</time></trkpt><trkpt lat="52.534048" lon="13.452838"><time>2023-11-10T08:25:48.000Z</time></trkpt><trkpt lat="52.53408" lon="13.452807"><time>2023-11-10T08:25:50.000Z</time></trkpt><trkpt lat="52.534108" lon="13.452776"><time>2023-11-10T08:25:52.000Z</time></trkpt><trkpt lat="52.53414" lon="13.452742"><time>2023-11-10T08:25:57.000Z</time></trkpt><trkpt lat="52.534201" lon="13.452704"><time>2023-11-10T08:26:01.000Z</time></trkpt><trkpt lat="52.534261" lon="13.452671"><time>2023-11-10T08:26:09.000Z</time></trkpt><trkpt lat="52.534316" lon="13.452634"><time>2023-11-10T08:26:11.000Z</time></trkpt><trkpt lat="52.534349" lon="13.45259"><time>2023-11-10T08:26:15.000Z</time></trkpt><trkpt lat="52.53438" lon="13.452545"><time>2023-11-10T08:26:19.000Z</time></trkpt><trkpt lat="52.534411" lon="13.452506"><time>2023-11-10T08:26:21.000Z</time></trkpt><trkpt lat="52.534437" lon="13.452492"><time>2023-11-10T08:26:23.000Z</time></trkpt><trkpt lat="52.534457" lon="13.45247"><time>2023-11-10T08:26:25.000Z</time></trkpt><trkpt lat="52.534477" lon="13.452445"><time>2023-11-10T08:26:27.000Z</time></trkpt><trkpt lat="52.534499" lon="13.452413"><time>2023-11-10T08:26:31.000Z</time></trkpt><trkpt lat="52.534529" lon="13.452387"><time>2023-11-10T08:26:33.000Z</time></trkpt><trkpt lat="52.534569" lon="13.452351"><time>2023-11-10T08:26:35.000Z</time></trkpt><trkpt lat="52.534614" lon="13.4523"><time>2023-11-10T08:26:39.000Z</time></trkpt><trkpt lat="52.534655" lon="13.45225"><time>2023-11-10T08:26:43.000Z</time></trkpt><trkpt lat="52.534692" lon="13.452217"><time>2023-11-10T08:26:45.000Z</time></trkpt><trkpt lat="52.534717" lon="13.452178"><time>2023-11-10T08:26:49.000Z</time></trkpt><trkpt lat="52.534739" lon="13.452133"><time>2023-11-10T08:26:53.000Z</time></trkpt><trkpt lat="52.534761" lon="13.452078"><time>2023-11-10T08:26:55.000Z</time></trkpt><trkpt lat="52.534798" lon="13.452032"><time>2023-11-10T08:26:59.000Z</time></trkpt><trkpt lat="52.53484" lon="13.451985"><time>2023-11-10T08:27:03.000Z</time></trkpt><trkpt lat="52.534879" lon="13.45194"><time>2023-11-10T08:27:05.000Z</time></trkpt><trkpt lat="52.534909" lon="13.451896"><time>2023-11-10T08:27:09.000Z</time></trkpt><trkpt lat="52.534941" lon="13.451854"><time>2023-11-10T08:27:13.000Z</time></trkpt><trkpt lat="52.53497" lon="13.451822"><time>2023-11-10T08:27:17.000Z</time></trkpt><trkpt lat="52.535018" lon="13.451802"><time>2023-11-10T08:27:19.000Z</time></trkpt><trkpt lat="52.535063" lon="13.451793"><time>2023-11-10T08:27:23.000Z</time></trkpt><trkpt lat="52.535107" lon="13.451774"><time>2023-11-10T08:27:25.000Z</time></trkpt><trkpt lat="52.535137" lon="13.451738"><time>2023-11-10T08:27:29.000Z</time></trkpt><trkpt lat="52.535173" lon="13.451694"><time>2023-11-10T08:27:33.000Z</time></trkpt><trkpt lat="52.535214" lon="13.451656"><time>2023-11-10T08:27:37.000Z</time></trkpt><trkpt lat="52.535259" lon="13.451625"><time>2023-11-10T08:27:39.000Z</time></trkpt><trkpt lat="52.535307" lon="13.451593"><time>2023-11-10T08:27:43.000Z</time></trkpt><trkpt lat="52.535348" lon="13.451564"><time>2023-11-10T08:27:47.000Z</time></trkpt><trkpt lat="52.535398" lon="13.451534"><time>2023-11-10T08:27:49.000Z</time></trkpt><trkpt lat="52.535443" lon="13.451499"><time>2023-11-10T08:27:53.000Z</time></trkpt><trkpt lat="52.535486" lon="13.451459"><time>2023-11-10T08:27:57.000Z</time></trkpt><trkpt lat="52.535516" lon="13.451427"><time>2023-11-10T08:27:59.000Z</time></trkpt><trkpt lat="52.535544" lon="13.451405"><time>2023-11-10T08:28:01.000Z</time></trkpt><trkpt lat="52.535571" lon="13.451377"><time>2023-11-10T08:28:03.000Z</time></trkpt><trkpt lat="52.535602" lon="13.451334"><time>2023-11-10T08:28:07.000Z</time></trkpt><trkpt lat="52.535634" lon="13.451291"><time>2023-11-10T08:28:11.000Z</time></trkpt><trkpt lat="52.535674" lon="13.451248"><time>2023-11-10T08:28:13.000Z</time></trkpt><trkpt lat="52.53571" lon="13.451212"><time>2023-11-10T08:28:17.000Z</time></trkpt><trkpt lat="52.53575" lon="13.451172"><time>2023-11-10T08:28:21.000Z</time></trkpt><trkpt lat="52.535784" lon="13.45113"><time>2023-11-10T08:28:25.000Z</time></trkpt><trkpt lat="52.53582" lon="13.45109"><time>2023-11-10T08:28:29.000Z</time></trkpt><trkpt lat="52.535856" lon="13.451051"><time>2023-11-10T08:28:33.000Z</time></trkpt><trkpt lat="52.535899" lon="13.451016"><time>2023-11-10T08:28:35.000Z</time></trkpt><trkpt lat="52.535939" lon="13.450978"><time>2023-11-10T08:28:39.000Z</time></trkpt><trkpt lat="52.535983" lon="13.450931"><time>2023-11-10T08:28:41.000Z</time></trkpt><trkpt lat="52.536021" lon="13.450899"><time>2023-11-10T08:28:45.000Z</time></trkpt><trkpt lat="52.536062" lon="13.450872"><time>2023-11-10T08:28:47.000Z</time></trkpt><trkpt lat="52.536098" lon="13.450854"><time>2023-11-10T08:28:49.000Z</time></trkpt><trkpt lat="52.536136" lon="13.450819"><time>2023-11-10T08:28:53.000Z</time></trkpt><trkpt lat="52.536174" lon="13.450782"><time>2023-11-10T08:28:57.000Z</time></trkpt><trkpt lat="52.536214" lon="13.450743"><time>2023-11-10T08:29:01.000Z</time></trkpt><trkpt lat="52.53625" lon="13.450714"><time>2023-11-10T08:29:05.000Z</time></trkpt><trkpt lat="52.536282" lon="13.450687"><time>2023-11-10T08:29:07.000Z</time></trkpt><trkpt lat="52.536309" lon="13.450664"><time>2023-11-10T08:29:09.000Z</time></trkpt><trkpt lat="52.536338" lon="13.450638"><time>2023-11-10T08:29:11.000Z</time></trkpt><trkpt lat="52.536373" lon="13.450611"><time>2023-11-10T08:29:15.000Z</time></trkpt><trkpt lat="52.536412" lon="13.450583"><time>2023-11-10T08:29:19.000Z</time></trkpt><trkpt lat="52.536456" lon="13.450551"><time>2023-11-10T08:29:23.000Z</time></trkpt><trkpt lat="52.536497" lon="13.450513"><time>2023-11-10T08:29:27.000Z</time></trkpt><trkpt lat="52.536535" lon="13.450477"><time>2023-11-10T08:29:31.000Z</time></trkpt><trkpt lat="52.536562" lon="13.450432"><time>2023-11-10T08:29:33.000Z</time></trkpt><trkpt lat="52.536579" lon="13.450378"><time>2023-11-10T08:29:37.000Z</time></trkpt><trkpt lat="52.536601" lon="13.450326"><time>2023-11-10T08:29:41.000Z</time></trkpt><trkpt lat="52.536624" lon="13.450272"><time>2023-11-10T08:29:43.000Z</time></trkpt><trkpt lat="52.536649" lon="13.45023"><time>2023-11-10T08:29:47.000Z</time></trkpt><trkpt lat="52.536674" lon="13.450186"><time>2023-11-10T08:29:49.000Z</time></trkpt><trkpt lat="52.53671" lon="13.450167"><time>2023-11-10T08:29:51.000Z</time></trkpt><trkpt lat="52.53677" lon="13.450158"><time>2023-11-10T08:29:53.000Z</time></trkpt><trkpt lat="52.53683" lon="13.450148"><time>2023-11-10T08:29:57.000Z</time></trkpt><trkpt lat="52.536884" lon="13.450118"><time>2023-11-10T08:30:01.000Z</time></trkpt><trkpt lat="52.536914" lon="13.450073"><time>2023-11-10T08:30:03.000Z</time></trkpt><trkpt lat="52.536944" lon="13.450018"><time>2023-11-10T08:30:05.000Z</time></trkpt><trkpt lat="52.53698" lon="13.449978"><time>2023-11-10T08:30:11.000Z</time></trkpt><trkpt lat="52.537024" lon="13.449948"><time>2023-11-10T08:30:15.000Z</time></trkpt><trkpt lat="52.537066" lon="13.449932"><time>2023-11-10T08:30:17.000Z</time></trkpt><trkpt lat="52.53711" lon="13.449902"><time>2023-11-10T08:30:19.000Z</time></trkpt><trkpt lat="52.537151" lon="13.44987"><time>2023-11-10T08:30:23.000Z</time></trkpt><trkpt lat="52.537194" lon="13.449837"><time>2023-11-10T08:30:25.000Z</time></trkpt><trkpt lat="52.537238" lon="13.449813"><time>2023-11-10T08:30:29.000Z</time></trkpt><trkpt lat="52.537282" lon="13.449792"><time>2023-11-10T08:30:33.000Z</time></trkpt><trkpt lat="52.537323" lon="13.449766"><time>2023-11-10T08:30:37.000Z</time></trkpt><trkpt lat="52.537357" lon="13.449734"><time>2023-11-10T08:30:47.000Z</time></trkpt><trkpt lat="52.537386" lon="13.449688"><time>2023-11-10T08:30:51.000Z</time></trkpt><trkpt lat="52.537411" lon="13.449644"><time>2023-11-10T08:30:55.000Z</time></trkpt><trkpt lat="52.537434" lon="13.449598"><time>2023-11-10T08:30:57.000Z</time></trkpt><trkpt lat="52.537454" lon="13.449548"><time>2023-11-10T08:31:01.000Z</time></trkpt><trkpt lat="52.537475" lon="13.449497"><time>2023-11-10T08:31:05.000Z</time></trkpt><trkpt lat="52.537496" lon="13.449445"><time>2023-11-10T08:31:07.000Z</time></trkpt><trkpt lat="52.537506" lon="13.449386"><time>2023-11-10T08:31:09.000Z</time></trkpt><trkpt lat="52.537518" lon="13.449325"><time>2023-11-10T08:31:11.000Z</time></trkpt><trkpt lat="52.537528" lon="13.449296"><time>2023-11-10T08:31:13.000Z</time></trkpt><trkpt lat="52.537554" lon="13.449281"><time>2023-11-10T08:31:15.000Z</time></trkpt><trkpt lat="52.537585" lon="13.449272"><time>2023-11-10T08:31:19.000Z</time></trkpt><trkpt lat="52.537611" lon="13.449226"><time>2023-11-10T08:31:23.000Z</time></trkpt><trkpt lat="52.537638" lon="13.449197"><time>2023-11-10T08:31:27.000Z</time></trkpt><trkpt lat="52.537663" lon="13.44916"><time>2023-11-10T08:31:29.000Z</time></trkpt><trkpt lat="52.537696" lon="13.449132"><time>2023-11-10T08:31:33.000Z</time></trkpt><trkpt lat="52.537731" lon="13.449086"><time>2023-11-10T08:31:37.000Z</time></trkpt><trkpt lat="52.53776" lon="13.449041"><time>2023-11-10T08:31:41.000Z</time></trkpt><trkpt lat="52.537785" lon="13.448984"><time>2023-11-10T08:31:43.000Z</time></trkpt><trkpt lat="52.537807" lon="13.448935"><time>2023-11-10T08:31:47.000Z</time></trkpt><trkpt lat="52.537823" lon="13.448877"><time>2023-11-10T08:31:49.000Z</time></trkpt><trkpt lat="52.53783" lon="13.448801"><time>2023-11-10T08:31:51.000Z</time></trkpt><trkpt lat="52.537832" lon="13.448712"><time>2023-11-10T08:31:55.000Z</time></trkpt><trkpt lat="52.537846" lon="13.448629"><time>2023-11-10T08:31:57.000Z</time></trkpt><trkpt lat="52.53786" lon="13.448567"><time>2023-11-10T08:32:01.000Z</time></trkpt><trkpt lat="52.537875" lon="13.448494"><time>2023-11-10T08:32:03.000Z</time></trkpt><trkpt lat="52.537883" lon="13.448416"><time>2023-11-10T08:32:07.000Z</time></trkpt><trkpt lat="52.537893" lon="13.448341"><time>2023-11-10T08:32:09.000Z</time></trkpt><trkpt lat="52.537898" lon="13.448271"><time>2023-11-10T08:32:11.000Z</time></trkpt><trkpt lat="52.537909" lon="13.448228"><time>2023-11-10T08:32:15.000Z</time></trkpt><trkpt lat="52.537927" lon="13.448189"><time>2023-11-10T08:32:17.000Z</time></trkpt><trkpt lat="52.537948" lon="13.448157"><time>2023-11-10T08:32:19.000Z</time></trkpt><trkpt lat="52.537961" lon="13.448103"><time>2023-11-10T08:32:21.000Z</time></trkpt><trkpt lat="52.537972" lon="13.448054"><time>2023-11-10T08:32:23.000Z</time></trkpt><trkpt lat="52.537978" lon="13.447997"><time>2023-11-10T08:32:25.000Z</time></trkpt><trkpt lat="52.537991" lon="13.44796"><time>2023-11-10T08:32:27.000Z</time></trkpt><trkpt lat="52.538007" lon="13.447924"><time>2023-11-10T08:32:29.000Z</time></trkpt><trkpt lat="52.538022" lon="13.447894"><time>2023-11-10T08:32:31.000Z</time></trkpt><trkpt lat="52.538024" lon="13.44784"><time>2023-11-10T08:32:33.000Z</time></trkpt><trkpt lat="52.538037" lon="13.447809"><time>2023-11-10T08:32:35.000Z</time></trkpt><trkpt lat="52.538058" lon="13.447785"><time>2023-11-10T08:32:37.000Z</time></trkpt><trkpt lat="52.538083" lon="13.447762"><time>2023-11-10T08:32:39.000Z</time></trkpt><trkpt lat="52.538103" lon="13.447717"><time>2023-11-10T08:32:41.000Z</time></trkpt><trkpt lat="52.538132" lon="13.447688"><time>2023-11-10T08:32:45.000Z</time></trkpt><trkpt lat="52.538169" lon="13.447675"><time>2023-11-10T08:32:49.000Z</time></trkpt><trkpt lat="52.538206" lon="13.447666"><time>2023-11-10T08:32:51.000Z</time></trkpt><trkpt lat="52.538239" lon="13.447647"><time>2023-11-10T08:32:53.000Z</time></trkpt><trkpt lat="52.538268" lon="13.44762"><time>2023-11-10T08:32:57.000Z</time></trkpt><trkpt lat="52.538296" lon="13.447586"><time>2023-11-10T08:32:59.000Z</time></trkpt><trkpt lat="52.538313" lon="13.447538"><time>2023-11-10T08:33:05.000Z</time></trkpt><trkpt lat="52.538326" lon="13.447481"><time>2023-11-10T08:33:07.000Z</time></trkpt><trkpt lat="52.538335" lon="13.44743"><time>2023-11-10T08:33:09.000Z</time></trkpt><trkpt lat="52.538344" lon="13.447378"><time>2023-11-10T08:33:11.000Z</time></trkpt><trkpt lat="52.538362" lon="13.447321"><time>2023-11-10T08:33:13.000Z</time></trkpt><trkpt lat="52.538384" lon="13.447266"><time>2023-11-10T08:33:17.000Z</time></trkpt><trkpt lat="52.538412" lon="13.447213"><time>2023-11-10T08:33:19.000Z</time></trkpt><trkpt lat="52.538433" lon="13.447156"><time>2023-11-10T08:33:23.000Z</time></trkpt><trkpt lat="52.538449" lon="13.447087"><time>2023-11-10T08:33:27.000Z</time></trkpt><trkpt lat="52.538464" lon="13.446985"><time>2023-11-10T08:33:29.000Z</time></trkpt><trkpt lat="52.538465" lon="13.446887"><time>2023-11-10T08:33:35.000Z</time></trkpt><trkpt lat="52.538463" lon="13.446786"><time>2023-11-10T08:33:37.000Z</time></trkpt><trkpt lat="52.538466" lon="13.44672"><time>2023-11-10T08:33:39.000Z</time></trkpt><trkpt lat="52.538484" lon="13.446655"><time>2023-11-10T08:33:43.000Z</time></trkpt><trkpt lat="52.538505" lon="13.446597"><time>2023-11-10T08:33:47.000Z</time></trkpt><trkpt lat="52.538518" lon="13.446539"><time>2023-11-10T08:33:49.000Z</time></trkpt><trkpt lat="52.53853" lon="13.446469"><time>2023-11-10T08:33:51.000Z</time></trkpt><trkpt lat="52.538538" lon="13.446393"><time>2023-11-10T08:33:56.000Z</time></trkpt><trkpt lat="52.538555" lon="13.446322"><time>2023-11-10T08:33:58.000Z</time></trkpt><trkpt lat="52.538577" lon="13.446297"><time>2023-11-10T08:34:02.000Z</time></trkpt><trkpt lat="52.538611" lon="13.446301"><time>2023-11-10T08:34:04.000Z</time></trkpt><trkpt lat="52.538644" lon="13.446314"><time>2023-11-10T08:34:06.000Z</time></trkpt><trkpt lat="52.538664" lon="13.446288"><time>2023-11-10T08:34:08.000Z</time></trkpt><trkpt lat="52.538673" lon="13.446228"><time>2023-11-10T08:34:12.000Z</time></trkpt><trkpt lat="52.538672" lon="13.446142"><time>2023-11-10T08:34:14.000Z</time></trkpt><trkpt lat="52.538673" lon="13.446067"><time>2023-11-10T08:34:16.000Z</time></trkpt><trkpt lat="52.538684" lon="13.446009"><time>2023-11-10T08:34:18.000Z</time></trkpt><trkpt lat="52.538698" lon="13.445961"><time>2023-11-10T08:34:20.000Z</time></trkpt><trkpt lat="52.538728" lon="13.445934"><time>2023-11-10T08:34:22.000Z</time></trkpt><trkpt lat="52.538761" lon="13.445906"><time>2023-11-10T08:34:26.000Z</time></trkpt><trkpt lat="52.538794" lon="13.445877"><time>2023-11-10T08:34:30.000Z</time></trkpt><trkpt lat="52.538819" lon="13.445837"><time>2023-11-10T08:34:32.000Z</time></trkpt><trkpt lat="52.538837" lon="13.445787"><time>2023-11-10T08:34:34.000Z</time></trkpt><trkpt lat="52.538857" lon="13.445724"><time>2023-11-10T08:34:38.000Z</time></trkpt><trkpt lat="52.538876" lon="13.445651"><time>2023-11-10T08:34:42.000Z</time></trkpt><trkpt lat="52.538902" lon="13.445587"><time>2023-11-10T08:34:46.000Z</time></trkpt><trkpt lat="52.538927" lon="13.445534"><time>2023-11-10T08:34:50.000Z</time></trkpt><trkpt lat="52.538957" lon="13.445484"><time>2023-11-10T08:34:54.000Z</time></trkpt><trkpt lat="52.538983" lon="13.445434"><time>2023-11-10T08:34:58.000Z</time></trkpt><trkpt lat="52.53901" lon="13.445372"><time>2023-11-10T08:35:02.000Z</time></trkpt><trkpt lat="52.539035" lon="13.44532"><time>2023-11-10T08:35:06.000Z</time></trkpt><trkpt lat="52.53906" lon="13.44526"><time>2023-11-10T08:35:08.000Z</time></trkpt><trkpt lat="52.539089" lon="13.445208"><time>2023-11-10T08:35:10.000Z</time></trkpt><trkpt lat="52.539119" lon="13.445153"><time>2023-11-10T08:35:12.000Z</time></trkpt><trkpt lat="52.539144" lon="13.445099"><time>2023-11-10T08:35:14.000Z</time></trkpt><trkpt lat="52.539168" lon="13.445047"><time>2023-11-10T08:35:16.000Z</time></trkpt><trkpt lat="52.539186" lon="13.444998"><time>2023-11-10T08:35:20.000Z</time></trkpt><trkpt lat="52.539202" lon="13.444945"><time>2023-11-10T08:35:22.000Z</time></trkpt><trkpt lat="52.539213" lon="13.444889"><time>2023-11-10T08:35:24.000Z</time></trkpt><trkpt lat="52.539223" lon="13.444831"><time>2023-11-10T08:35:28.000Z</time></trkpt><trkpt lat="52.539236" lon="13.444768"><time>2023-11-10T08:35:32.000Z</time></trkpt><trkpt lat="52.539246" lon="13.444712"><time>2023-11-10T08:35:36.000Z</time></trkpt><trkpt lat="52.539256" lon="13.444657"><time>2023-11-10T08:35:38.000Z</time></trkpt><trkpt lat="52.53926" lon="13.444601"><time>2023-11-10T08:35:40.000Z</time></trkpt><trkpt lat="52.539275" lon="13.444549"><time>2023-11-10T08:35:42.000Z</time></trkpt><trkpt lat="52.539299" lon="13.444499"><time>2023-11-10T08:35:46.000Z</time></trkpt><trkpt lat="52.539335" lon="13.444472"><time>2023-11-10T08:35:50.000Z</time></trkpt><trkpt lat="52.539365" lon="13.444452"><time>2023-11-10T08:35:52.000Z</time></trkpt><trkpt lat="52.539383" lon="13.444432"><time>2023-11-10T08:35:54.000Z</time></trkpt><trkpt lat="52.539394" lon="13.444397"><time>2023-11-10T08:35:56.000Z</time></trkpt><trkpt lat="52.5394" lon="13.444345"><time>2023-11-10T08:35:58.000Z</time></trkpt><trkpt lat="52.539415" lon="13.444299"><time>2023-11-10T08:36:02.000Z</time></trkpt><trkpt lat="52.539441" lon="13.444253"><time>2023-11-10T08:36:06.000Z</time></trkpt><trkpt lat="52.539469" lon="13.444215"><time>2023-11-10T08:36:10.000Z</time></trkpt><trkpt lat="52.539497" lon="13.44417"><time>2023-11-10T08:36:12.000Z</time></trkpt><trkpt lat="52.539515" lon="13.444122"><time>2023-11-10T08:36:14.000Z</time></trkpt><trkpt lat="52.53953" lon="13.444067"><time>2023-11-10T08:36:16.000Z</time></trkpt><trkpt lat="52.539541" lon="13.444009"><time>2023-11-10T08:36:18.000Z</time></trkpt><trkpt lat="52.539551" lon="13.443935"><time>2023-11-10T08:36:20.000Z</time></trkpt><trkpt lat="52.539566" lon="13.443866"><time>2023-11-10T08:36:22.000Z</time></trkpt><trkpt lat="52.53959" lon="13.443801"><time>2023-11-10T08:36:26.000Z</time></trkpt><trkpt lat="52.539623" lon="13.443747"><time>2023-11-10T08:36:30.000Z</time></trkpt><trkpt lat="52.539656" lon="13.443692"><time>2023-11-10T08:36:34.000Z</time></trkpt><trkpt lat="52.539685" lon="13.443642"><time>2023-11-10T08:36:38.000Z</time></trkpt><trkpt lat="52.539709" lon="13.443601"><time>2023-11-10T08:36:42.000Z</time></trkpt><trkpt lat="52.539733" lon="13.443559"><time>2023-11-10T08:36:46.000Z</time></trkpt><trkpt lat="52.539751" lon="13.44351"><time>2023-11-10T08:36:50.000Z</time></trkpt><trkpt lat="52.539767" lon="13.443457"><time>2023-11-10T08:36:54.000Z</time></trkpt><trkpt lat="52.539784" lon="13.443406"><time>2023-11-10T08:36:58.000Z</time></trkpt><trkpt lat="52.539806" lon="13.443359"><time>2023-11-10T08:37:00.000Z</time></trkpt><trkpt lat="52.539831" lon="13.443316"><time>2023-11-10T08:37:02.000Z</time></trkpt><trkpt lat="52.539856" lon="13.443274"><time>2023-11-10T08:37:04.000Z</time></trkpt><trkpt lat="52.539881" lon="13.443233"><time>2023-11-10T08:37:06.000Z</time></trkpt><trkpt lat="52.539902" lon="13.443181"><time>2023-11-10T08:37:08.000Z</time></trkpt><trkpt lat="52.539916" lon="13.443122"><time>2023-11-10T08:37:12.000Z</time></trkpt><trkpt lat="52.539928" lon="13.443064"><time>2023-11-10T08:37:16.000Z</time></trkpt><trkpt lat="52.539945" lon="13.443013"><time>2023-11-10T08:37:18.000Z</time></trkpt><trkpt lat="52.53997" lon="13.44296"><time>2023-11-10T08:37:20.000Z</time></trkpt><trkpt lat="52.540008" lon="13.442907"><time>2023-11-10T08:37:24.000Z</time></trkpt><trkpt lat="52.540047" lon="13.442851"><time>2023-11-10T08:37:28.000Z</time></trkpt><trkpt lat="52.540081" lon="13.442799"><time>2023-11-10T08:37:32.000Z</time></trkpt><trkpt lat="52.540101" lon="13.442747"><time>2023-11-10T08:37:36.000Z</time></trkpt><trkpt lat="52.540115" lon="13.442696"><time>2023-11-10T08:37:40.000Z</time></trkpt><trkpt lat="52.54012" lon="13.442611"><time>2023-11-10T08:37:42.000Z</time></trkpt><trkpt lat="52.540131" lon="13.442526"><time>2023-11-10T08:37:46.000Z</time></trkpt><trkpt lat="52.540138" lon="13.442443"><time>2023-11-10T08:37:48.000Z</time></trkpt><trkpt lat="52.540149" lon="13.442384"><time>2023-11-10T08:37:50.000Z</time></trkpt><trkpt lat="52.540157" lon="13.442314"><time>2023-11-10T08:37:54.000Z</time></trkpt><trkpt lat="52.540174" lon="13.442224"><time>2023-11-10T08:37:58.000Z</time></trkpt><trkpt lat="52.540194" lon="13.442144"><time>2023-11-10T08:38:02.000Z</time></trkpt><trkpt lat="52.540217" lon="13.442066"><time>2023-11-10T08:38:04.000Z</time></trkpt><trkpt lat="52.540234" lon="13.442003"><time>2023-11-10T08:38:06.000Z</time></trkpt><trkpt lat="52.540248" lon="13.441941"><time>2023-11-10T08:38:08.000Z</time></trkpt><trkpt lat="52.540264" lon="13.441894"><time>2023-11-10T08:38:10.000Z</time></trkpt><trkpt lat="52.540289" lon="13.441851"><time>2023-11-10T08:38:14.000Z</time></trkpt><trkpt lat="52.540322" lon="13.441809"><time>2023-11-10T08:38:18.000Z</time></trkpt><trkpt lat="52.540349" lon="13.441763"><time>2023-11-10T08:38:22.000Z</time></trkpt><trkpt lat="52.540375" lon="13.441711"><time>2023-11-10T08:38:26.000Z</time></trkpt><trkpt lat="52.540393" lon="13.44165"><time>2023-11-10T08:38:30.000Z</time></trkpt><trkpt lat="52.540415" lon="13.441589"><time>2023-11-10T08:38:34.000Z</time></trkpt><trkpt lat="52.540431" lon="13.441531"><time>2023-11-10T08:38:36.000Z</time></trkpt><trkpt lat="52.540447" lon="13.441473"><time>2023-11-10T08:38:38.000Z</time></trkpt><trkpt lat="52.540459" lon="13.441413"><time>2023-11-10T08:38:42.000Z</time></trkpt><trkpt lat="52.540467" lon="13.441355"><time>2023-11-10T08:38:44.000Z</time></trkpt><trkpt lat="52.540476" lon="13.441313"><time>2023-11-10T08:38:46.000Z</time></trkpt><trkpt lat="52.540491" lon="13.441276"><time>2023-11-10T08:38:48.000Z</time></trkpt><trkpt lat="52.540511" lon="13.441207"><time>2023-11-10T08:38:50.000Z</time></trkpt><trkpt lat="52.540536" lon="13.441122"><time>2023-11-10T08:38:54.000Z</time></trkpt><trkpt lat="52.540551" lon="13.441022"><time>2023-11-10T08:38:58.000Z</time></trkpt><trkpt lat="52.540559" lon="13.440954"><time>2023-11-10T08:39:00.000Z</time></trkpt><trkpt lat="52.540558" lon="13.440893"><time>2023-11-10T08:39:02.000Z</time></trkpt><trkpt lat="52.540562" lon="13.440843"><time>2023-11-10T08:39:04.000Z</time></trkpt><trkpt lat="52.540571" lon="13.440792"><time>2023-11-10T08:39:06.000Z</time></trkpt><trkpt lat="52.540584" lon="13.440746"><time>2023-11-10T08:39:08.000Z</time></trkpt><trkpt lat="52.540605" lon="13.440695"><time>2023-11-10T08:39:10.000Z</time></trkpt><trkpt lat="52.540633" lon="13.44064"><time>2023-11-10T08:39:14.000Z</time></trkpt><trkpt lat="52.540665" lon="13.440567"><time>2023-11-10T08:39:18.000Z</time></trkpt><trkpt lat="52.540698" lon="13.4405"><time>2023-11-10T08:39:23.000Z</time></trkpt><trkpt lat="52.540727" lon="13.440433"><time>2023-11-10T08:39:27.000Z</time></trkpt><trkpt lat="52.540749" lon="13.440383"><time>2023-11-10T08:39:31.000Z</time></trkpt><trkpt lat="52.54077" lon="13.44033"><time>2023-11-10T08:39:33.000Z</time></trkpt><trkpt lat="52.540787" lon="13.440282"><time>2023-11-10T08:39:37.000Z</time></trkpt><trkpt lat="52.540807" lon="13.440232"><time>2023-11-10T08:39:39.000Z</time></trkpt><trkpt lat="52.540823" lon="13.440188"><time>2023-11-10T08:39:41.000Z</time></trkpt><trkpt lat="52.540839" lon="13.440146"><time>2023-11-10T08:39:43.000Z</time></trkpt><trkpt lat="52.540856" lon="13.440095"><time>2023-11-10T08:39:45.000Z</time></trkpt><trkpt lat="52.540872" lon="13.440044"><time>2023-11-10T08:39:49.000Z</time></trkpt><trkpt lat="52.540897" lon="13.439999"><time>2023-11-10T08:39:53.000Z</time></trkpt><trkpt lat="52.540925" lon="13.439959"><time>2023-11-10T08:39:57.000Z</time></trkpt><trkpt lat="52.540954" lon="13.439922"><time>2023-11-10T08:40:01.000Z</time></trkpt><trkpt lat="52.540984" lon="13.439875"><time>2023-11-10T08:40:03.000Z</time></trkpt><trkpt lat="52.541013" lon="13.439815"><time>2023-11-10T08:40:07.000Z</time></trkpt><trkpt lat="52.54104" lon="13.439751"><time>2023-11-10T08:40:11.000Z</time></trkpt><trkpt lat="52.541057" lon="13.43969"><time>2023-11-10T08:40:13.000Z</time></trkpt><trkpt lat="52.541065" lon="13.439642"><time>2023-11-10T08:40:15.000Z</time></trkpt><trkpt lat="52.541075" lon="13.439595"><time>2023-11-10T08:40:17.000Z</time></trkpt><trkpt lat="52.54108" lon="13.439548"><time>2023-11-10T08:40:19.000Z</time></trkpt><trkpt lat="52.541083" lon="13.439502"><time>2023-11-10T08:40:21.000Z</time></trkpt><trkpt lat="52.54108" lon="13.439454"><time>2023-11-10T08:40:23.000Z</time></trkpt><trkpt lat="52.541081" lon="13.439404"><time>2023-11-10T08:40:25.000Z</time></trkpt><trkpt lat="52.541093" lon="13.43936"><time>2023-11-10T08:40:27.000Z</time></trkpt><trkpt lat="52.541109" lon="13.439311"><time>2023-11-10T08:40:29.000Z</time></trkpt><trkpt lat="52.541126" lon="13.439263"><time>2023-11-10T08:40:33.000Z</time></trkpt><trkpt lat="52.541155" lon="13.439233"><time>2023-11-10T08:40:35.000Z</time></trkpt><trkpt lat="52.541189" lon="13.439228"><time>2023-11-10T08:40:39.000Z</time></trkpt><trkpt lat="52.541231" lon="13.439236"><time>2023-11-10T08:40:41.000Z</time></trkpt><trkpt lat="52.541264" lon="13.439235"><time>2023-11-10T08:40:45.000Z</time></trkpt><trkpt lat="52.541291" lon="13.439255"><time>2023-11-10T08:40:49.000Z</time></trkpt><trkpt lat="52.541324" lon="13.439249"><time>2023-11-10T08:41:05.000Z</time></trkpt><trkpt lat="52.541349" lon="13.439231"><time>2023-11-10T08:41:09.000Z</time></trkpt><trkpt lat="52.541379" lon="13.439173"><time>2023-11-10T08:41:11.000Z</time></trkpt><trkpt lat="52.541404" lon="13.439128"><time>2023-11-10T08:41:15.000Z</time></trkpt><trkpt lat="52.541432" lon="13.439073"><time>2023-11-10T08:41:19.000Z</time></trkpt><trkpt lat="52.541457" lon="13.439025"><time>2023-11-10T08:41:23.000Z</time></trkpt><trkpt lat="52.54148" lon="13.438978"><time>2023-11-10T08:41:25.000Z</time></trkpt><trkpt lat="52.541512" lon="13.438961"><time>2023-11-10T08:41:27.000Z</time></trkpt><trkpt lat="52.541548" lon="13.43897"><time>2023-11-10T08:41:31.000Z</time></trkpt><trkpt lat="52.541585" lon="13.439008"><time>2023-11-10T08:41:35.000Z</time></trkpt><trkpt lat="52.541615" lon="13.439056"><time>2023-11-10T08:41:39.000Z</time></trkpt><trkpt lat="52.541647" lon="13.439109"><time>2023-11-10T08:41:43.000Z</time></trkpt><trkpt lat="52.541682" lon="13.439145"><time>2023-11-10T08:41:47.000Z</time></trkpt><trkpt lat="52.54172" lon="13.439175"><time>2023-11-10T08:41:51.000Z</time></trkpt><trkpt lat="52.541761" lon="13.439199"><time>2023-11-10T08:41:55.000Z</time></trkpt><trkpt lat="52.541798" lon="13.439234"><time>2023-11-10T08:41:59.000Z</time></trkpt><trkpt lat="52.541826" lon="13.43927"><time>2023-11-10T08:42:01.000Z</time></trkpt><trkpt lat="52.541849" lon="13.439308"><time>2023-11-10T08:42:03.000Z</time></trkpt><trkpt lat="52.541872" lon="13.439344"><time>2023-11-10T08:42:05.000Z</time></trkpt><trkpt lat="52.541897" lon="13.43938"><time>2023-11-10T08:42:07.000Z</time></trkpt><trkpt lat="52.541924" lon="13.439422"><time>2023-11-10T08:42:09.000Z</time></trkpt><trkpt lat="52.541959" lon="13.439462"><time>2023-11-10T08:42:13.000Z</time></trkpt><trkpt lat="52.541999" lon="13.4395"><time>2023-11-10T08:42:17.000Z</time></trkpt><trkpt lat="52.542038" lon="13.439528"><time>2023-11-10T08:42:21.000Z</time></trkpt><trkpt lat="52.542076" lon="13.439564"><time>2023-11-10T08:42:25.000Z</time></trkpt><trkpt lat="52.542107" lon="13.439605"><time>2023-11-10T08:42:29.000Z</time></trkpt><trkpt lat="52.542141" lon="13.439647"><time>2023-11-10T08:42:31.000Z</time></trkpt><trkpt lat="52.542168" lon="13.439679"><time>2023-11-10T08:42:35.000Z</time></trkpt><trkpt lat="52.542198" lon="13.439714"><time>2023-11-10T08:42:37.000Z</time></trkpt><trkpt lat="52.542227" lon="13.439746"><time>2023-11-10T08:42:41.000Z</time></trkpt><trkpt lat="52.54226" lon="13.43978"><time>2023-11-10T08:42:45.000Z</time></trkpt><trkpt lat="52.542298" lon="13.439813"><time>2023-11-10T08:42:49.000Z</time></trkpt><trkpt lat="52.542339" lon="13.43985"><time>2023-11-10T08:42:53.000Z</time></trkpt><trkpt lat="52.542381" lon="13.4399"><time>2023-11-10T08:42:57.000Z</time></trkpt><trkpt lat="52.542415" lon="13.43995"><time>2023-11-10T08:43:01.000Z</time></trkpt><trkpt lat="52.542444" lon="13.439999"><time>2023-11-10T08:43:03.000Z</time></trkpt><trkpt lat="52.542471" lon="13.440043"><time>2023-11-10T08:43:05.000Z</time></trkpt><trkpt lat="52.542504" lon="13.440092"><time>2023-11-10T08:43:09.000Z</time></trkpt><trkpt lat="52.542541" lon="13.440143"><time>2023-11-10T08:43:13.000Z</time></trkpt><trkpt lat="52.542577" lon="13.440192"><time>2023-11-10T08:43:17.000Z</time></trkpt><trkpt lat="52.542616" lon="13.440237"><time>2023-11-10T08:43:21.000Z</time></trkpt><trkpt lat="52.542654" lon="13.440278"><time>2023-11-10T08:43:25.000Z</time></trkpt><trkpt lat="52.542693" lon="13.44032"><time>2023-11-10T08:43:29.000Z</time></trkpt><trkpt lat="52.542725" lon="13.440359"><time>2023-11-10T08:43:33.000Z</time></trkpt><trkpt lat="52.542754" lon="13.440398"><time>2023-11-10T08:43:35.000Z</time></trkpt><trkpt lat="52.542779" lon="13.440436"><time>2023-11-10T08:43:37.000Z</time></trkpt><trkpt lat="52.542808" lon="13.440479"><time>2023-11-10T08:43:39.000Z</time></trkpt><trkpt lat="52.542837" lon="13.440522"><time>2023-11-10T08:43:43.000Z</time></trkpt><trkpt lat="52.542867" lon="13.44056"><time>2023-11-10T08:43:45.000Z</time></trkpt><trkpt lat="52.542892" lon="13.440594"><time>2023-11-10T08:43:47.000Z</time></trkpt><trkpt lat="52.542919" lon="13.440639"><time>2023-11-10T08:43:51.000Z</time></trkpt><trkpt lat="52.542947" lon="13.44069"><time>2023-11-10T08:43:55.000Z</time></trkpt><trkpt lat="52.542977" lon="13.440748"><time>2023-11-10T08:43:59.000Z</time></trkpt><trkpt lat="52.543009" lon="13.44078"><time>2023-11-10T08:44:03.000Z</time></trkpt><trkpt lat="52.543044" lon="13.440784"><time>2023-11-10T08:44:07.000Z</time></trkpt><trkpt lat="52.54308" lon="13.440773"><time>2023-11-10T08:44:11.000Z</time></trkpt><trkpt lat="52.543113" lon="13.440767"><time>2023-11-10T08:44:13.000Z</time></trkpt><trkpt lat="52.543153" lon="13.440773"><time>2023-11-10T08:44:15.000Z</time></trkpt><trkpt lat="52.543192" lon="13.440783"><time>2023-11-10T08:44:19.000Z</time></trkpt><trkpt lat="52.543233" lon="13.440802"><time>2023-11-10T08:44:21.000Z</time></trkpt><trkpt lat="52.543263" lon="13.440827"><time>2023-11-10T08:44:25.000Z</time></trkpt><trkpt lat="52.543296" lon="13.440851"><time>2023-11-10T08:44:27.000Z</time></trkpt><trkpt lat="52.543327" lon="13.440868"><time>2023-11-10T08:44:29.000Z</time></trkpt><trkpt lat="52.543359" lon="13.44089"><time>2023-11-10T08:44:31.000Z</time></trkpt><trkpt lat="52.54339" lon="13.44092"><time>2023-11-10T08:44:33.000Z</time></trkpt><trkpt lat="52.543426" lon="13.440964"><time>2023-11-10T08:44:35.000Z</time></trkpt><trkpt lat="52.543462" lon="13.441008"><time>2023-11-10T08:44:37.000Z</time></trkpt><trkpt lat="52.543496" lon="13.441055"><time>2023-11-10T08:44:39.000Z</time></trkpt><trkpt lat="52.543525" lon="13.441096"><time>2023-11-10T08:44:41.000Z</time></trkpt><trkpt lat="52.54355" lon="13.44114"><time>2023-11-10T08:44:43.000Z</time></trkpt><trkpt lat="52.543572" lon="13.441179"><time>2023-11-10T08:44:45.000Z</time></trkpt><trkpt lat="52.543594" lon="13.441224"><time>2023-11-10T08:44:47.000Z</time></trkpt><trkpt lat="52.543626" lon="13.441271"><time>2023-11-10T08:44:51.000Z</time></trkpt><trkpt lat="52.543659" lon="13.441319"><time>2023-11-10T08:44:55.000Z</time></trkpt><trkpt lat="52.543694" lon="13.441364"><time>2023-11-10T08:44:57.000Z</time></trkpt><trkpt lat="52.543721" lon="13.441405"><time>2023-11-10T08:44:59.000Z</time></trkpt><trkpt lat="52.543748" lon="13.441445"><time>2023-11-10T08:45:01.000Z</time></trkpt><trkpt lat="52.543775" lon="13.441482"><time>2023-11-10T08:45:03.000Z</time></trkpt><trkpt lat="52.543803" lon="13.441512"><time>2023-11-10T08:45:07.000Z</time></trkpt><trkpt lat="52.543833" lon="13.44154"><time>2023-11-10T08:45:09.000Z</time></trkpt><trkpt lat="52.54386" lon="13.441568"><time>2023-11-10T08:45:11.000Z</time></trkpt><trkpt lat="52.543886" lon="13.441603"><time>2023-11-10T08:45:13.000Z</time></trkpt><trkpt lat="52.54391" lon="13.441641"><time>2023-11-10T08:45:15.000Z</time></trkpt><trkpt lat="52.543935" lon="13.441678"><time>2023-11-10T08:45:17.000Z</time></trkpt><trkpt lat="52.543957" lon="13.441725"><time>2023-11-10T08:45:19.000Z</time></trkpt></trkseg></trk></gpx>