<?xml version="1.0" encoding="UTF-8"?><gpx creator="Health" xsi:schemaLocation="http://www.topografix.com/GPX/1/0 http://www.topografix.com/GPX/1/0/gpx.xsd" version="1.0" xmlns="http://www.topografix.com/GPX/1/0" xmlns:xsi="http://www.w3.org/2001/XMLSchema-instance"><metadata><time>2023-07-11T11:13:12.000Z</time></metadata><trk><type>Ходьба на улице</type><extensions><totalTime>1038.0</totalTime><cumulativeDecrease>-0.10000000149011612</cumulativeDecrease><cumulativeClimb>-0.10000000149011612</cumulativeClimb><totalDistance>1390.0</totalDistance></extensions><trkseg><trkpt lat="52.52510400955877" lon="13.39283707885239"><time>2023-07-11T11:13:12.000Z</time></trkpt><trkpt lat="52.525102738848915" lon="13.392845007541753"><time>2023-07-11T11:13:13.000Z</time></trkpt><trkpt lat="52.52510314735344" lon="13.392848178289986"><time>2023-07-11T11:13:14.000Z</time></trkpt><trkpt lat="52.52510240921545" lon="13.392853104026349"><time>2023-07-11T11:13:15.000Z</time></trkpt><trkpt lat="52.52510465177913" lon="13.392851134550934"><time>2023-07-11T11:13:16.000Z</time></trkpt><trkpt lat="52.52510389026427" lon="13.39286903766876"><time>2023-07-11T11:13:17.000Z</time></trkpt><trkpt lat="52.52510398387578" lon="13.392877045410303"><time>2023-07-11T11:13:18.000Z</time></trkpt><trkpt lat="52.525104096106745" lon="13.392885030307928"><time>2023-07-11T11:13:19.000Z</time></trkpt><trkpt lat="52.5251040911103" lon="13.392892997671483"><time>2023-07-11T11:13:20.000Z</time></trkpt><trkpt lat="52.525104185852086" lon="13.392900446952678"><time>2023-07-11T11:13:21.000Z</time></trkpt><trkpt lat="52.52510404639122" lon="13.392907751074649"><time>2023-07-11T11:13:22.000Z</time></trkpt><trkpt lat="52.525103842816115" lon="13.392914394937208"><time>2023-07-11T11:13:23.000Z</time></trkpt><trkpt lat="52.525103736316844" lon="13.392919952873212"><time>2023-07-11T11:13:24.000Z</time></trkpt><trkpt lat="52.52510346122749" lon="13.392923928055858"><time>2023-07-11T11:13:25.000Z</time></trkpt><trkpt lat="52.52510436821468" lon="13.392926166489616"><time>2023-07-11T11:13:26.000Z</time></trkpt><trkpt lat="52.5251054557418" lon="13.392925915093878"><time>2023-07-11T11:13:27.000Z</time></trkpt><trkpt lat="52.525106673100716" lon="13.392924228295387"><time>2023-07-11T11:13:28.000Z</time></trkpt><trkpt lat="52.52510820148318" lon="13.39292122675922"><time>2023-07-11T11:13:29.000Z</time></trkpt><trkpt lat="52.5251103717638" lon="13.392917243533306"><time>2023-07-11T11:13:30.000Z</time></trkpt><trkpt lat="52.52511322261384" lon="13.392913250186156"><time>2023-07-11T11:13:31.000Z</time></trkpt><trkpt lat="52.52511660391811" lon="13.392909863436849"><time>2023-07-11T11:13:32.000Z</time></trkpt><trkpt lat="52.525120530788286" lon="13.39290754325338"><time>2023-07-11T11:13:33.000Z</time></trkpt><trkpt lat="52.52512524521533" lon="13.39290660754419"><time>2023-07-11T11:13:34.000Z</time></trkpt><trkpt lat="52.52513040507236" lon="13.392906852326195"><time>2023-07-11T11:13:35.000Z</time></trkpt><trkpt lat="52.52513596585682" lon="13.392908376399019"><time>2023-07-11T11:13:36.000Z</time></trkpt><trkpt lat="52.52514188753623" lon="13.392911369734923"><time>2023-07-11T11:13:37.000Z</time></trkpt><trkpt lat="52.52514807640623" lon="13.392916498577817"><time>2023-07-11T11:13:38.000Z</time></trkpt><trkpt lat="52.52515468387258" lon="13.392923460065695"><time>2023-07-11T11:13:39.000Z</time></trkpt><trkpt lat="52.525161686483514" lon="13.392932210685085"><time>2023-07-11T11:13:40.000Z</time></trkpt><trkpt lat="52.52516889636229" lon="13.392942501332112"><time>2023-07-11T11:13:41.000Z</time></trkpt><trkpt lat="52.52517636701698" lon="13.392953559534506"><time>2023-07-11T11:13:42.000Z</time></trkpt><trkpt lat="52.52518424576409" lon="13.392964834752739"><time>2023-07-11T11:13:43.000Z</time></trkpt><trkpt lat="52.52519261383848" lon="13.392976072275724"><time>2023-07-11T11:13:44.000Z</time></trkpt><trkpt lat="52.5252010145191" lon="13.392986533372273"><time>2023-07-11T11:13:45.000Z</time></trkpt><trkpt lat="52.52520966604713" lon="13.392996892446265"><time>2023-07-11T11:13:46.000Z</time></trkpt><trkpt lat="52.52521854887875" lon="13.393007190601008"><time>2023-07-11T11:13:47.000Z</time></trkpt><trkpt lat="52.5252275147038" lon="13.393017438814946"><time>2023-07-11T11:13:48.000Z</time></trkpt><trkpt lat="52.52523667372758" lon="13.393027388337513"><time>2023-07-11T11:13:49.000Z</time></trkpt><trkpt lat="52.52524619974313" lon="13.393036300694906"><time>2023-07-11T11:13:50.000Z</time></trkpt><trkpt lat="52.5252561005745" lon="13.393043988465708"><time>2023-07-11T11:13:51.000Z</time></trkpt><trkpt lat="52.52526645521245" lon="13.393050080376621"><time>2023-07-11T11:13:52.000Z</time></trkpt><trkpt lat="52.525276946566485" lon="13.393054863705087"><time>2023-07-11T11:13:53.000Z</time></trkpt><trkpt lat="52.52528787777683" lon="13.393058425930802"><time>2023-07-11T11:13:54.000Z</time></trkpt><trkpt lat="52.52529894307397" lon="13.393060913282987"><time>2023-07-11T11:13:55.000Z</time></trkpt><trkpt lat="52.52531048197944" lon="13.393062809814689"><time>2023-07-11T11:13:56.000Z</time></trkpt><trkpt lat="52.525322451755436" lon="13.39306426802451"><time>2023-07-11T11:13:57.000Z</time></trkpt><trkpt lat="52.525334810211916" lon="13.393065502080395"><time>2023-07-11T11:13:58.000Z</time></trkpt><trkpt lat="52.52534767627309" lon="13.393066273409607"><time>2023-07-11T11:13:59.000Z</time></trkpt><trkpt lat="52.52536086940734" lon="13.393066550318661"><time>2023-07-11T11:14:00.000Z</time></trkpt><trkpt lat="52.52537415412712" lon="13.393066724284317"><time>2023-07-11T11:14:01.000Z</time></trkpt><trkpt lat="52.52538719626746" lon="13.393066991832786"><time>2023-07-11T11:14:02.000Z</time></trkpt><trkpt lat="52.525400007196815" lon="13.393067648352568"><time>2023-07-11T11:14:03.000Z</time></trkpt><trkpt lat="52.52541283112865" lon="13.393068647236424"><time>2023-07-11T11:14:04.000Z</time></trkpt><trkpt lat="52.52542527081377" lon="13.39307031655624"><time>2023-07-11T11:14:05.000Z</time></trkpt><trkpt lat="52.52543760949649" lon="13.393072094040098"><time>2023-07-11T11:14:06.000Z</time></trkpt><trkpt lat="52.52544978248181" lon="13.39307393447097"><time>2023-07-11T11:14:07.000Z</time></trkpt><trkpt lat="52.52546184177659" lon="13.393075921602987"><time>2023-07-11T11:14:08.000Z</time></trkpt><trkpt lat="52.52547380191004" lon="13.393078289068342"><time>2023-07-11T11:14:09.000Z</time></trkpt><trkpt lat="52.5254854631806" lon="13.393080984808932"><time>2023-07-11T11:14:10.000Z</time></trkpt><trkpt lat="52.52549680663" lon="13.393084940364599"><time>2023-07-11T11:14:11.000Z</time></trkpt><trkpt lat="52.525507977904866" lon="13.39309052699457"><time>2023-07-11T11:14:12.000Z</time></trkpt><trkpt lat="52.525519401899714" lon="13.393097684211238"><time>2023-07-11T11:14:13.000Z</time></trkpt><trkpt lat="52.5255310169122" lon="13.393106514761046"><time>2023-07-11T11:14:14.000Z</time></trkpt><trkpt lat="52.52554277368691" lon="13.393117048901223"><time>2023-07-11T11:14:15.000Z</time></trkpt><trkpt lat="52.525554654547925" lon="13.393129118555647"><time>2023-07-11T11:14:16.000Z</time></trkpt><trkpt lat="52.52556665871088" lon="13.393143089631172"><time>2023-07-11T11:14:17.000Z</time></trkpt><trkpt lat="52.525578564313214" lon="13.393158822891841"><time>2023-07-11T11:14:18.000Z</time></trkpt><trkpt lat="52.52559033324849" lon="13.393175735328953"><time>2023-07-11T11:14:19.000Z</time></trkpt><trkpt lat="52.525601736106296" lon="13.393192964593483"><time>2023-07-11T11:14:20.000Z</time></trkpt><trkpt lat="52.525613065057634" lon="13.393210587163663"><time>2023-07-11T11:14:21.000Z</time></trkpt><trkpt lat="52.52562430462402" lon="13.393227926951882"><time>2023-07-11T11:14:22.000Z</time></trkpt><trkpt lat="52.52563546460983" lon="13.393244573506985"><time>2023-07-11T11:14:23.000Z</time></trkpt><trkpt lat="52.52564641030578" lon="13.393260444999642"><time>2023-07-11T11:14:24.000Z</time></trkpt><trkpt lat="52.52565707352619" lon="13.393275559831284"><time>2023-07-11T11:14:25.000Z</time></trkpt><trkpt lat="52.52566725582699" lon="13.393289639350941"><time>2023-07-11T11:14:26.000Z</time></trkpt><trkpt lat="52.52567704870653" lon="13.393302615534195"><time>2023-07-11T11:14:27.000Z</time></trkpt><trkpt lat="52.52568634093314" lon="13.39331492748564"><time>2023-07-11T11:14:28.000Z</time></trkpt><trkpt lat="52.52569540230825" lon="13.393326459317699"><time>2023-07-11T11:14:29.000Z</time></trkpt><trkpt lat="52.52570441748755" lon="13.39333711927133"><time>2023-07-11T11:14:30.000Z</time></trkpt><trkpt lat="52.52571369547134" lon="13.393347246199909"><time>2023-07-11T11:14:31.000Z</time></trkpt><trkpt lat="52.52572290465318" lon="13.393356768868875"><time>2023-07-11T11:14:32.000Z</time></trkpt><trkpt lat="52.5257321414834" lon="13.393365762280558"><time>2023-07-11T11:14:33.000Z</time></trkpt><trkpt lat="52.52574136570175" lon="13.393374262920638"><time>2023-07-11T11:14:34.000Z</time></trkpt><trkpt lat="52.525750584392284" lon="13.393382569169065"><time>2023-07-11T11:14:35.000Z</time></trkpt><trkpt lat="52.525759858454315" lon="13.393390789160465"><time>2023-07-11T11:14:36.000Z</time></trkpt><trkpt lat="52.52576920927076" lon="13.393398989742627"><time>2023-07-11T11:14:37.000Z</time></trkpt><trkpt lat="52.52577883662096" lon="13.393406856234195"><time>2023-07-11T11:14:38.000Z</time></trkpt><trkpt lat="52.52578888514934" lon="13.39341427935717"><time>2023-07-11T11:14:39.000Z</time></trkpt><trkpt lat="52.52579930011313" lon="13.393421209452756"><time>2023-07-11T11:14:40.000Z</time></trkpt><trkpt lat="52.5258099759672" lon="13.393427631102016"><time>2023-07-11T11:14:41.000Z</time></trkpt><trkpt lat="52.52582085542902" lon="13.39343358644868"><time>2023-07-11T11:14:42.000Z</time></trkpt><trkpt lat="52.52583210783137" lon="13.393439143563205"><time>2023-07-11T11:14:43.000Z</time></trkpt><trkpt lat="52.525843594107464" lon="13.393443527539176"><time>2023-07-11T11:14:44.000Z</time></trkpt><trkpt lat="52.52585496627907" lon="13.393447078406599"><time>2023-07-11T11:14:45.000Z</time></trkpt><trkpt lat="52.525866483306736" lon="13.39344974037798"><time>2023-07-11T11:14:46.000Z</time></trkpt><trkpt lat="52.525877857432995" lon="13.393451335112399"><time>2023-07-11T11:14:47.000Z</time></trkpt><trkpt lat="52.525889285766674" lon="13.39345248914866"><time>2023-07-11T11:14:48.000Z</time></trkpt><trkpt lat="52.525900450178476" lon="13.393453983890204"><time>2023-07-11T11:14:49.000Z</time></trkpt><trkpt lat="52.525911348377576" lon="13.393455523205468"><time>2023-07-11T11:14:50.000Z</time></trkpt><trkpt lat="52.52592183865779" lon="13.393457301759799"><time>2023-07-11T11:14:51.000Z</time></trkpt><trkpt lat="52.52593181640154" lon="13.393459838394772"><time>2023-07-11T11:14:52.000Z</time></trkpt><trkpt lat="52.525941203516034" lon="13.393463237385163"><time>2023-07-11T11:14:53.000Z</time></trkpt><trkpt lat="52.52595008839024" lon="13.39346753493017"><time>2023-07-11T11:14:54.000Z</time></trkpt><trkpt lat="52.52595853770027" lon="13.393473390657409"><time>2023-07-11T11:14:55.000Z</time></trkpt><trkpt lat="52.52596669772772" lon="13.3934804396333"><time>2023-07-11T11:14:56.000Z</time></trkpt><trkpt lat="52.52597448678171" lon="13.393488219872957"><time>2023-07-11T11:14:57.000Z</time></trkpt><trkpt lat="52.52598233455627" lon="13.393496215102925"><time>2023-07-11T11:14:58.000Z</time></trkpt><trkpt lat="52.52599028905245" lon="13.393503624183108"><time>2023-07-11T11:14:59.000Z</time></trkpt><trkpt lat="52.52599843602604" lon="13.393509973505587"><time>2023-07-11T11:15:00.000Z</time></trkpt><trkpt lat="52.5260067832583" lon="13.39351523158279"><time>2023-07-11T11:15:01.000Z</time></trkpt><trkpt lat="52.52601546647943" lon="13.393518972777384"><time>2023-07-11T11:15:02.000Z</time></trkpt><trkpt lat="52.52602463617911" lon="13.393521008158809"><time>2023-07-11T11:15:03.000Z</time></trkpt><trkpt lat="52.526034472527904" lon="13.393521341988496"><time>2023-07-11T11:15:04.000Z</time></trkpt><trkpt lat="52.526044987452934" lon="13.393519814848766"><time>2023-07-11T11:15:05.000Z</time></trkpt><trkpt lat="52.52605623674278" lon="13.393516302559378"><time>2023-07-11T11:15:06.000Z</time></trkpt><trkpt lat="52.52606836673505" lon="13.393510970896914"><time>2023-07-11T11:15:07.000Z</time></trkpt><trkpt lat="52.52608092662051" lon="13.393504364384125"><time>2023-07-11T11:15:08.000Z</time></trkpt><trkpt lat="52.52609372228456" lon="13.393496621786317"><time>2023-07-11T11:15:09.000Z</time></trkpt><trkpt lat="52.52610688425329" lon="13.393488818607539"><time>2023-07-11T11:15:10.000Z</time></trkpt><trkpt lat="52.52612037433624" lon="13.393481301369707"><time>2023-07-11T11:15:11.000Z</time></trkpt><trkpt lat="52.526134171436844" lon="13.393474755586247"><time>2023-07-11T11:15:12.000Z</time></trkpt><trkpt lat="52.52614817525147" lon="13.393469884875286"><time>2023-07-11T11:15:13.000Z</time></trkpt><trkpt lat="52.52616207230711" lon="13.393466406687633"><time>2023-07-11T11:15:14.000Z</time></trkpt><trkpt lat="52.526176075555256" lon="13.393465174692126"><time>2023-07-11T11:15:15.000Z</time></trkpt><trkpt lat="52.52619005743915" lon="13.39346632138214"><time>2023-07-11T11:15:16.000Z</time></trkpt><trkpt lat="52.52620402974898" lon="13.393470816784736"><time>2023-07-11T11:15:17.000Z</time></trkpt><trkpt lat="52.52621807715736" lon="13.393479149809112"><time>2023-07-11T11:15:18.000Z</time></trkpt><trkpt lat="52.52623253542907" lon="13.393491407315956"><time>2023-07-11T11:15:19.000Z</time></trkpt><trkpt lat="52.52624746860704" lon="13.393508010348631"><time>2023-07-11T11:15:20.000Z</time></trkpt><trkpt lat="52.52626262024562" lon="13.393528160432362"><time>2023-07-11T11:15:21.000Z</time></trkpt><trkpt lat="52.52627762789341" lon="13.393550931013914"><time>2023-07-11T11:15:22.000Z</time></trkpt><trkpt lat="52.52629277269693" lon="13.39357565240295"><time>2023-07-11T11:15:23.000Z</time></trkpt><trkpt lat="52.52630818710576" lon="13.393601405561299"><time>2023-07-11T11:15:24.000Z</time></trkpt><trkpt lat="52.52632396397844" lon="13.393628194029077"><time>2023-07-11T11:15:25.000Z</time></trkpt><trkpt lat="52.52633967518969" lon="13.393654797203602"><time>2023-07-11T11:15:26.000Z</time></trkpt><trkpt lat="52.526355389999" lon="13.393680888028472"><time>2023-07-11T11:15:27.000Z</time></trkpt><trkpt lat="52.52637079330864" lon="13.393705940955329"><time>2023-07-11T11:15:28.000Z</time></trkpt><trkpt lat="52.52638535534509" lon="13.393729986535567"><time>2023-07-11T11:15:29.000Z</time></trkpt><trkpt lat="52.526399001134294" lon="13.3937526690798"><time>2023-07-11T11:15:30.000Z</time></trkpt><trkpt lat="52.526411739154725" lon="13.39377384524411"><time>2023-07-11T11:15:31.000Z</time></trkpt><trkpt lat="52.52642348577956" lon="13.3937937460414"><time>2023-07-11T11:15:32.000Z</time></trkpt><trkpt lat="52.5264344899844" lon="13.393813354201198"><time>2023-07-11T11:15:33.000Z</time></trkpt><trkpt lat="52.526444450665394" lon="13.393832773650404"><time>2023-07-11T11:15:34.000Z</time></trkpt><trkpt lat="52.52645321219718" lon="13.393852051259723"><time>2023-07-11T11:15:35.000Z</time></trkpt><trkpt lat="52.526460858816655" lon="13.393871548770493"><time>2023-07-11T11:15:36.000Z</time></trkpt><trkpt lat="52.52646765082897" lon="13.393891609476576"><time>2023-07-11T11:15:37.000Z</time></trkpt><trkpt lat="52.526473746461505" lon="13.393912694743848"><time>2023-07-11T11:15:38.000Z</time></trkpt><trkpt lat="52.52647954386611" lon="13.393934496607972"><time>2023-07-11T11:15:39.000Z</time></trkpt><trkpt lat="52.526485623699564" lon="13.393956525765834"><time>2023-07-11T11:15:40.000Z</time></trkpt><trkpt lat="52.5264919506038" lon="13.393978952818195"><time>2023-07-11T11:15:41.000Z</time></trkpt><trkpt lat="52.52649835395118" lon="13.394001416325546"><time>2023-07-11T11:15:42.000Z</time></trkpt><trkpt lat="52.52650496059505" lon="13.394023907202275"><time>2023-07-11T11:15:43.000Z</time></trkpt><trkpt lat="52.526511781180176" lon="13.39404619368346"><time>2023-07-11T11:15:44.000Z</time></trkpt><trkpt lat="52.52651876484819" lon="13.394068258498253"><time>2023-07-11T11:15:45.000Z</time></trkpt><trkpt lat="52.526526023997945" lon="13.394090470033381"><time>2023-07-11T11:15:46.000Z</time></trkpt><trkpt lat="52.52653382189771" lon="13.394112335159138"><time>2023-07-11T11:15:47.000Z</time></trkpt><trkpt lat="52.52654219839997" lon="13.394133512305674"><time>2023-07-11T11:15:48.000Z</time></trkpt><trkpt lat="52.52655081496366" lon="13.394153696501375"><time>2023-07-11T11:15:49.000Z</time></trkpt><trkpt lat="52.5265599547646" lon="13.394173001500535"><time>2023-07-11T11:15:50.000Z</time></trkpt><trkpt lat="52.52656922937444" lon="13.394191234070227"><time>2023-07-11T11:15:51.000Z</time></trkpt><trkpt lat="52.5265786875101" lon="13.394208561352945"><time>2023-07-11T11:15:52.000Z</time></trkpt><trkpt lat="52.526588424750464" lon="13.394225647150769"><time>2023-07-11T11:15:53.000Z</time></trkpt><trkpt lat="52.52659839349908" lon="13.394242483063607"><time>2023-07-11T11:15:54.000Z</time></trkpt><trkpt lat="52.526608566179114" lon="13.394259184912528"><time>2023-07-11T11:15:55.000Z</time></trkpt><trkpt lat="52.526618861255365" lon="13.394275881328499"><time>2023-07-11T11:15:56.000Z</time></trkpt><trkpt lat="52.526629083063206" lon="13.394292192117593"><time>2023-07-11T11:15:57.000Z</time></trkpt><trkpt lat="52.526638715686" lon="13.394308673087954"><time>2023-07-11T11:15:58.000Z</time></trkpt><trkpt lat="52.526647528350054" lon="13.394325678199827"><time>2023-07-11T11:15:59.000Z</time></trkpt><trkpt lat="52.52665561667156" lon="13.394343507585312"><time>2023-07-11T11:16:00.000Z</time></trkpt><trkpt lat="52.526662441514596" lon="13.39436208317773"><time>2023-07-11T11:16:01.000Z</time></trkpt><trkpt lat="52.5266682409859" lon="13.394381654995083"><time>2023-07-11T11:16:02.000Z</time></trkpt><trkpt lat="52.526673013964974" lon="13.394402018345108"><time>2023-07-11T11:16:03.000Z</time></trkpt><trkpt lat="52.526676792435936" lon="13.394422907033741"><time>2023-07-11T11:16:04.000Z</time></trkpt><trkpt lat="52.52667964334259" lon="13.394443766163441"><time>2023-07-11T11:16:05.000Z</time></trkpt><trkpt lat="52.52668191375431" lon="13.39446496976875"><time>2023-07-11T11:16:06.000Z</time></trkpt><trkpt lat="52.52668367144904" lon="13.394485924542918"><time>2023-07-11T11:16:07.000Z</time></trkpt><trkpt lat="52.52668528944203" lon="13.394507063085841"><time>2023-07-11T11:16:08.000Z</time></trkpt><trkpt lat="52.52668719520493" lon="13.394528036051696"><time>2023-07-11T11:16:09.000Z</time></trkpt><trkpt lat="52.52668940105081" lon="13.39454879258971"><time>2023-07-11T11:16:10.000Z</time></trkpt><trkpt lat="52.52669198022318" lon="13.394569300173805"><time>2023-07-11T11:16:11.000Z</time></trkpt><trkpt lat="52.52669464010908" lon="13.394589686923371"><time>2023-07-11T11:16:12.000Z</time></trkpt><trkpt lat="52.526697307539685" lon="13.394609963366667"><time>2023-07-11T11:16:13.000Z</time></trkpt><trkpt lat="52.526699946621584" lon="13.394630130444993"><time>2023-07-11T11:16:14.000Z</time></trkpt><trkpt lat="52.52670273410779" lon="13.394650233525011"><time>2023-07-11T11:16:15.000Z</time></trkpt><trkpt lat="52.526705666699065" lon="13.39467075644619"><time>2023-07-11T11:16:16.000Z</time></trkpt><trkpt lat="52.52670861739268" lon="13.394691143707332"><time>2023-07-11T11:16:17.000Z</time></trkpt><trkpt lat="52.526711644616604" lon="13.394711909729988"><time>2023-07-11T11:16:18.000Z</time></trkpt><trkpt lat="52.526714441701785" lon="13.394733109754258"><time>2023-07-11T11:16:19.000Z</time></trkpt><trkpt lat="52.526716481177964" lon="13.394754850198423"><time>2023-07-11T11:16:20.000Z</time></trkpt><trkpt lat="52.52671782326592" lon="13.39477669383794"><time>2023-07-11T11:16:21.000Z</time></trkpt><trkpt lat="52.52671828033128" lon="13.394798675091716"><time>2023-07-11T11:16:22.000Z</time></trkpt><trkpt lat="52.52671820363911" lon="13.394820619921198"><time>2023-07-11T11:16:23.000Z</time></trkpt><trkpt lat="52.52671771127792" lon="13.394842562602054"><time>2023-07-11T11:16:24.000Z</time></trkpt><trkpt lat="52.526717709422876" lon="13.39486432404135"><time>2023-07-11T11:16:25.000Z</time></trkpt><trkpt lat="52.52671839448558" lon="13.394885432963953"><time>2023-07-11T11:16:26.000Z</time></trkpt><trkpt lat="52.52671984100434" lon="13.394905776935438"><time>2023-07-11T11:16:27.000Z</time></trkpt><trkpt lat="52.52672201650951" lon="13.394925354625695"><time>2023-07-11T11:16:28.000Z</time></trkpt><trkpt lat="52.5267249325298" lon="13.394944207206462"><time>2023-07-11T11:16:29.000Z</time></trkpt><trkpt lat="52.52672832186274" lon="13.394962802422983"><time>2023-07-11T11:16:30.000Z</time></trkpt><trkpt lat="52.526732441937526" lon="13.394980763795383"><time>2023-07-11T11:16:31.000Z</time></trkpt><trkpt lat="52.526737175113865" lon="13.39499882705349"><time>2023-07-11T11:16:32.000Z</time></trkpt><trkpt lat="52.52674278385077" lon="13.395017077323752"><time>2023-07-11T11:16:33.000Z</time></trkpt><trkpt lat="52.52674935802497" lon="13.39503561311547"><time>2023-07-11T11:16:34.000Z</time></trkpt><trkpt lat="52.52675705603816" lon="13.395054305122391"><time>2023-07-11T11:16:35.000Z</time></trkpt><trkpt lat="52.526765129544145" lon="13.395073210702554"><time>2023-07-11T11:16:36.000Z</time></trkpt><trkpt lat="52.52677318761209" lon="13.395092856719062"><time>2023-07-11T11:16:37.000Z</time></trkpt><trkpt lat="52.52678111060971" lon="13.395113358092608"><time>2023-07-11T11:16:38.000Z</time></trkpt><trkpt lat="52.526788674050565" lon="13.395134297232982"><time>2023-07-11T11:16:39.000Z</time></trkpt><trkpt lat="52.52679563217112" lon="13.39515587126109"><time>2023-07-11T11:16:40.000Z</time></trkpt><trkpt lat="52.526802306966445" lon="13.395177655301865"><time>2023-07-11T11:16:41.000Z</time></trkpt><trkpt lat="52.52680895826856" lon="13.39519998468391"><time>2023-07-11T11:16:42.000Z</time></trkpt><trkpt lat="52.526815892684276" lon="13.395222409792275"><time>2023-07-11T11:16:43.000Z</time></trkpt><trkpt lat="52.526823190889765" lon="13.395244679810906"><time>2023-07-11T11:16:44.000Z</time></trkpt><trkpt lat="52.52683066231248" lon="13.395266324989171"><time>2023-07-11T11:16:45.000Z</time></trkpt><trkpt lat="52.52683817088605" lon="13.395287534017198"><time>2023-07-11T11:16:46.000Z</time></trkpt><trkpt lat="52.526845416552426" lon="13.395308553823059"><time>2023-07-11T11:16:47.000Z</time></trkpt><trkpt lat="52.52685215234042" lon="13.395329416922596"><time>2023-07-11T11:16:48.000Z</time></trkpt><trkpt lat="52.526858090368066" lon="13.39535003088405"><time>2023-07-11T11:16:49.000Z</time></trkpt><trkpt lat="52.526863190060745" lon="13.395370722973569"><time>2023-07-11T11:16:50.000Z</time></trkpt><trkpt lat="52.52686753531916" lon="13.3953910943042"><time>2023-07-11T11:16:51.000Z</time></trkpt><trkpt lat="52.526871083912845" lon="13.395410996436707"><time>2023-07-11T11:16:52.000Z</time></trkpt><trkpt lat="52.526873607334004" lon="13.3954303256437"><time>2023-07-11T11:16:53.000Z</time></trkpt><trkpt lat="52.52687500132611" lon="13.39544931479511"><time>2023-07-11T11:16:54.000Z</time></trkpt><trkpt lat="52.52687521645012" lon="13.395467713791088"><time>2023-07-11T11:16:55.000Z</time></trkpt><trkpt lat="52.52687468225684" lon="13.39548610214626"><time>2023-07-11T11:16:56.000Z</time></trkpt><trkpt lat="52.52687373721269" lon="13.395504424262418"><time>2023-07-11T11:16:57.000Z</time></trkpt><trkpt lat="52.5268726811641" lon="13.395522552818237"><time>2023-07-11T11:16:58.000Z</time></trkpt><trkpt lat="52.526871780454485" lon="13.395540517260098"><time>2023-07-11T11:16:59.000Z</time></trkpt><trkpt lat="52.52687115701941" lon="13.395558560853177"><time>2023-07-11T11:17:00.000Z</time></trkpt><trkpt lat="52.52687116559748" lon="13.395576790271553"><time>2023-07-11T11:17:01.000Z</time></trkpt><trkpt lat="52.526871872821225" lon="13.395594919032"><time>2023-07-11T11:17:02.000Z</time></trkpt><trkpt lat="52.5268729444199" lon="13.395613229300032"><time>2023-07-11T11:17:03.000Z</time></trkpt><trkpt lat="52.5268748530463" lon="13.395631784183808"><time>2023-07-11T11:17:04.000Z</time></trkpt><trkpt lat="52.526877862466684" lon="13.395650186433416"><time>2023-07-11T11:17:05.000Z</time></trkpt><trkpt lat="52.526881444102735" lon="13.395669148061977"><time>2023-07-11T11:17:06.000Z</time></trkpt><trkpt lat="52.526885758970636" lon="13.39568814464149"><time>2023-07-11T11:17:07.000Z</time></trkpt><trkpt lat="52.52689048346931" lon="13.395707065875913"><time>2023-07-11T11:17:08.000Z</time></trkpt><trkpt lat="52.52689534545362" lon="13.39572608960994"><time>2023-07-11T11:17:09.000Z</time></trkpt><trkpt lat="52.52690024777601" lon="13.395744691333721"><time>2023-07-11T11:17:10.000Z</time></trkpt><trkpt lat="52.52690543135697" lon="13.39576285840107"><time>2023-07-11T11:17:11.000Z</time></trkpt><trkpt lat="52.526910511428405" lon="13.39578088826342"><time>2023-07-11T11:17:12.000Z</time></trkpt><trkpt lat="52.526915451100884" lon="13.395799338683135"><time>2023-07-11T11:17:13.000Z</time></trkpt><trkpt lat="52.52692030917589" lon="13.395818073171428"><time>2023-07-11T11:17:14.000Z</time></trkpt><trkpt lat="52.52692507993886" lon="13.39583716181437"><time>2023-07-11T11:17:15.000Z</time></trkpt><trkpt lat="52.52692936464036" lon="13.395856925964278"><time>2023-07-11T11:17:16.000Z</time></trkpt><trkpt lat="52.52693372893487" lon="13.395877016152554"><time>2023-07-11T11:17:17.000Z</time></trkpt><trkpt lat="52.52693764895019" lon="13.395897345063203"><time>2023-07-11T11:17:18.000Z</time></trkpt><trkpt lat="52.52694113623995" lon="13.395918069607179"><time>2023-07-11T11:17:19.000Z</time></trkpt><trkpt lat="52.52694435123517" lon="13.395939013986101"><time>2023-07-11T11:17:20.000Z</time></trkpt><trkpt lat="52.526947266720114" lon="13.39596062920641"><time>2023-07-11T11:17:21.000Z</time></trkpt><trkpt lat="52.526949938632725" lon="13.395982707977028"><time>2023-07-11T11:17:22.000Z</time></trkpt><trkpt lat="52.52695270057149" lon="13.396004936476055"><time>2023-07-11T11:17:23.000Z</time></trkpt><trkpt lat="52.52695578276228" lon="13.396027098531437"><time>2023-07-11T11:17:24.000Z</time></trkpt><trkpt lat="52.52695936499594" lon="13.396049169853491"><time>2023-07-11T11:17:25.000Z</time></trkpt><trkpt lat="52.52696297810565" lon="13.396070692253234"><time>2023-07-11T11:17:26.000Z</time></trkpt><trkpt lat="52.52696684182195" lon="13.39609167987066"><time>2023-07-11T11:17:27.000Z</time></trkpt><trkpt lat="52.526970862782086" lon="13.396112200765993"><time>2023-07-11T11:17:28.000Z</time></trkpt><trkpt lat="52.52697504426042" lon="13.396132749184178"><time>2023-07-11T11:17:29.000Z</time></trkpt><trkpt lat="52.5269794184278" lon="13.396153102711923"><time>2023-07-11T11:17:30.000Z</time></trkpt><trkpt lat="52.526983733943105" lon="13.396173297302868"><time>2023-07-11T11:17:31.000Z</time></trkpt><trkpt lat="52.52698817766879" lon="13.39619313644999"><time>2023-07-11T11:17:32.000Z</time></trkpt><trkpt lat="52.52699258215198" lon="13.396212177352549"><time>2023-07-11T11:17:33.000Z</time></trkpt><trkpt lat="52.52699721972458" lon="13.396230006758499"><time>2023-07-11T11:17:34.000Z</time></trkpt><trkpt lat="52.52700218292761" lon="13.396247065033474"><time>2023-07-11T11:17:35.000Z</time></trkpt><trkpt lat="52.52700739398577" lon="13.396262927241004"><time>2023-07-11T11:17:36.000Z</time></trkpt><trkpt lat="52.527012278840786" lon="13.396278561060022"><time>2023-07-11T11:17:37.000Z</time></trkpt><trkpt lat="52.527016424176686" lon="13.39629396149753"><time>2023-07-11T11:17:38.000Z</time></trkpt><trkpt lat="52.527019699554536" lon="13.396309157815745"><time>2023-07-11T11:17:39.000Z</time></trkpt><trkpt lat="52.52702228236231" lon="13.39632423634843"><time>2023-07-11T11:17:40.000Z</time></trkpt><trkpt lat="52.52702407037286" lon="13.396339437618712"><time>2023-07-11T11:17:41.000Z</time></trkpt><trkpt lat="52.52702540347189" lon="13.39635478708267"><time>2023-07-11T11:17:42.000Z</time></trkpt><trkpt lat="52.52702618306765" lon="13.39637041005625"><time>2023-07-11T11:17:43.000Z</time></trkpt><trkpt lat="52.52702624035022" lon="13.396386632291335"><time>2023-07-11T11:17:44.000Z</time></trkpt><trkpt lat="52.52702516905035" lon="13.396403833480509"><time>2023-07-11T11:17:45.000Z</time></trkpt><trkpt lat="52.52702283697365" lon="13.396421638699088"><time>2023-07-11T11:17:46.000Z</time></trkpt><trkpt lat="52.527019590529655" lon="13.396439998426404"><time>2023-07-11T11:17:47.000Z</time></trkpt><trkpt lat="52.527015896557025" lon="13.39645836539765"><time>2023-07-11T11:17:48.000Z</time></trkpt><trkpt lat="52.527012116143844" lon="13.396476889709577"><time>2023-07-11T11:17:49.000Z</time></trkpt><trkpt lat="52.52700843193202" lon="13.396495592561934"><time>2023-07-11T11:17:50.000Z</time></trkpt><trkpt lat="52.527004810045035" lon="13.396514379742676"><time>2023-07-11T11:17:51.000Z</time></trkpt><trkpt lat="52.52700130542485" lon="13.396533223667557"><time>2023-07-11T11:17:52.000Z</time></trkpt><trkpt lat="52.52699783592618" lon="13.396552118299969"><time>2023-07-11T11:17:53.000Z</time></trkpt><trkpt lat="52.52699450007855" lon="13.396571128160025"><time>2023-07-11T11:17:54.000Z</time></trkpt><trkpt lat="52.526991534818414" lon="13.396590427654615"><time>2023-07-11T11:17:55.000Z</time></trkpt><trkpt lat="52.526988930360034" lon="13.396610092538088"><time>2023-07-11T11:17:56.000Z</time></trkpt><trkpt lat="52.52698663686596" lon="13.39662967720626"><time>2023-07-11T11:17:57.000Z</time></trkpt><trkpt lat="52.52698475206891" lon="13.39664969311353"><time>2023-07-11T11:17:58.000Z</time></trkpt><trkpt lat="52.52698366392415" lon="13.396670125956199"><time>2023-07-11T11:17:59.000Z</time></trkpt><trkpt lat="52.52698321548666" lon="13.39669079465641"><time>2023-07-11T11:18:00.000Z</time></trkpt><trkpt lat="52.52698369527332" lon="13.396711203025228"><time>2023-07-11T11:18:01.000Z</time></trkpt><trkpt lat="52.52698516319369" lon="13.396731342856954"><time>2023-07-11T11:18:02.000Z</time></trkpt><trkpt lat="52.52698753158712" lon="13.396751289762697"><time>2023-07-11T11:18:03.000Z</time></trkpt><trkpt lat="52.526990611101155" lon="13.396770627502796"><time>2023-07-11T11:18:04.000Z</time></trkpt><trkpt lat="52.52699411938165" lon="13.39678971072302"><time>2023-07-11T11:18:05.000Z</time></trkpt><trkpt lat="52.52699804767622" lon="13.396808650701631"><time>2023-07-11T11:18:06.000Z</time></trkpt><trkpt lat="52.52700243276229" lon="13.396827505308243"><time>2023-07-11T11:18:07.000Z</time></trkpt><trkpt lat="52.52700725662462" lon="13.396846725017257"><time>2023-07-11T11:18:08.000Z</time></trkpt><trkpt lat="52.52701225293228" lon="13.39686574897638"><time>2023-07-11T11:18:09.000Z</time></trkpt><trkpt lat="52.527017020943795" lon="13.396884718217207"><time>2023-07-11T11:18:10.000Z</time></trkpt><trkpt lat="52.527021471541886" lon="13.396903630366019"><time>2023-07-11T11:18:11.000Z</time></trkpt><trkpt lat="52.52702506625047" lon="13.396922855640991"><time>2023-07-11T11:18:12.000Z</time></trkpt><trkpt lat="52.52702773750323" lon="13.396942331425077"><time>2023-07-11T11:18:13.000Z</time></trkpt><trkpt lat="52.52702965974996" lon="13.396961918692059"><time>2023-07-11T11:18:14.000Z</time></trkpt><trkpt lat="52.52703118236329" lon="13.396982596436954"><time>2023-07-11T11:18:15.000Z</time></trkpt><trkpt lat="52.5270326224205" lon="13.397003838471939"><time>2023-07-11T11:18:16.000Z</time></trkpt><trkpt lat="52.527034040864464" lon="13.39702537034609"><time>2023-07-11T11:18:17.000Z</time></trkpt><trkpt lat="52.5270353808608" lon="13.397047004453826"><time>2023-07-11T11:18:18.000Z</time></trkpt><trkpt lat="52.52703658444221" lon="13.397068264127993"><time>2023-07-11T11:18:19.000Z</time></trkpt><trkpt lat="52.52703762114346" lon="13.397089656157407"><time>2023-07-11T11:18:20.000Z</time></trkpt><trkpt lat="52.527038816346" lon="13.39711114096646"><time>2023-07-11T11:18:21.000Z</time></trkpt><trkpt lat="52.527040346715694" lon="13.397132780026265"><time>2023-07-11T11:18:22.000Z</time></trkpt><trkpt lat="52.52704248458443" lon="13.397154625967879"><time>2023-07-11T11:18:23.000Z</time></trkpt><trkpt lat="52.52704524807945" lon="13.397176684561892"><time>2023-07-11T11:18:24.000Z</time></trkpt><trkpt lat="52.527048585906634" lon="13.397198906328562"><time>2023-07-11T11:18:25.000Z</time></trkpt><trkpt lat="52.52705249536432" lon="13.397220441067548"><time>2023-07-11T11:18:26.000Z</time></trkpt><trkpt lat="52.52705675323602" lon="13.397241031844324"><time>2023-07-11T11:18:27.000Z</time></trkpt><trkpt lat="52.52706156281817" lon="13.397260722368047"><time>2023-07-11T11:18:28.000Z</time></trkpt><trkpt lat="52.52706713710585" lon="13.397279484358728"><time>2023-07-11T11:18:29.000Z</time></trkpt><trkpt lat="52.527073620008906" lon="13.397297752902528"><time>2023-07-11T11:18:30.000Z</time></trkpt><trkpt lat="52.527081050807176" lon="13.397315629291723"><time>2023-07-11T11:18:31.000Z</time></trkpt><trkpt lat="52.52708930849885" lon="13.397333014280347"><time>2023-07-11T11:18:32.000Z</time></trkpt><trkpt lat="52.527098235802754" lon="13.397349871935212"><time>2023-07-11T11:18:33.000Z</time></trkpt><trkpt lat="52.52710761829206" lon="13.397366300724702"><time>2023-07-11T11:18:34.000Z</time></trkpt><trkpt lat="52.527117374730366" lon="13.39738223046042"><time>2023-07-11T11:18:35.000Z</time></trkpt><trkpt lat="52.52712721289065" lon="13.397397377319356"><time>2023-07-11T11:18:36.000Z</time></trkpt><trkpt lat="52.527137061160346" lon="13.397411915728856"><time>2023-07-11T11:18:37.000Z</time></trkpt><trkpt lat="52.527147050090434" lon="13.397426396759862"><time>2023-07-11T11:18:38.000Z</time></trkpt><trkpt lat="52.52715691033706" lon="13.397441027416958"><time>2023-07-11T11:18:39.000Z</time></trkpt><trkpt lat="52.52716649888676" lon="13.397456204479408"><time>2023-07-11T11:18:40.000Z</time></trkpt><trkpt lat="52.527175617348355" lon="13.397472101883448"><time>2023-07-11T11:18:41.000Z</time></trkpt><trkpt lat="52.527184216980004" lon="13.397488704609176"><time>2023-07-11T11:18:42.000Z</time></trkpt><trkpt lat="52.52719239606221" lon="13.397506064837462"><time>2023-07-11T11:18:43.000Z</time></trkpt><trkpt lat="52.52720029755862" lon="13.397524033760739"><time>2023-07-11T11:18:44.000Z</time></trkpt><trkpt lat="52.52720810675054" lon="13.397542423118603"><time>2023-07-11T11:18:45.000Z</time></trkpt><trkpt lat="52.527215882003695" lon="13.397561228450103"><time>2023-07-11T11:18:46.000Z</time></trkpt><trkpt lat="52.52722388180552" lon="13.397580689255209"><time>2023-07-11T11:18:47.000Z</time></trkpt><trkpt lat="52.527231986200015" lon="13.397600794893116"><time>2023-07-11T11:18:48.000Z</time></trkpt><trkpt lat="52.527240154874" lon="13.397621388698427"><time>2023-07-11T11:18:49.000Z</time></trkpt><trkpt lat="52.52724825397724" lon="13.397641934129002"><time>2023-07-11T11:18:50.000Z</time></trkpt><trkpt lat="52.527256220973236" lon="13.397662380681938"><time>2023-07-11T11:18:51.000Z</time></trkpt><trkpt lat="52.527264097930654" lon="13.397682740143978"><time>2023-07-11T11:18:52.000Z</time></trkpt><trkpt lat="52.527271837228135" lon="13.397702968601333"><time>2023-07-11T11:18:53.000Z</time></trkpt><trkpt lat="52.52727927554622" lon="13.397723106489066"><time>2023-07-11T11:18:54.000Z</time></trkpt><trkpt lat="52.5272861922331" lon="13.397743339775708"><time>2023-07-11T11:18:55.000Z</time></trkpt><trkpt lat="52.52729240164643" lon="13.397763696454769"><time>2023-07-11T11:18:56.000Z</time></trkpt><trkpt lat="52.52729785073665" lon="13.397783762967254"><time>2023-07-11T11:18:57.000Z</time></trkpt><trkpt lat="52.527302176871835" lon="13.397803646580666"><time>2023-07-11T11:18:58.000Z</time></trkpt><trkpt lat="52.527305121651686" lon="13.397823971378237"><time>2023-07-11T11:18:59.000Z</time></trkpt><trkpt lat="52.527306634205395" lon="13.397844602098958"><time>2023-07-11T11:19:00.000Z</time></trkpt><trkpt lat="52.5273068228482" lon="13.397865900530213"><time>2023-07-11T11:19:01.000Z</time></trkpt><trkpt lat="52.52730576928962" lon="13.397887629627599"><time>2023-07-11T11:19:02.000Z</time></trkpt><trkpt lat="52.527303649809575" lon="13.39790965883662"><time>2023-07-11T11:19:03.000Z</time></trkpt><trkpt lat="52.52730053310731" lon="13.397931794085356"><time>2023-07-11T11:19:04.000Z</time></trkpt><trkpt lat="52.52729660867223" lon="13.397953540248956"><time>2023-07-11T11:19:05.000Z</time></trkpt><trkpt lat="52.527292010354564" lon="13.397974956220184"><time>2023-07-11T11:19:06.000Z</time></trkpt><trkpt lat="52.52728689201176" lon="13.39799612634788"><time>2023-07-11T11:19:07.000Z</time></trkpt><trkpt lat="52.527281297455424" lon="13.398017513179669"><time>2023-07-11T11:19:08.000Z</time></trkpt><trkpt lat="52.527275638594716" lon="13.398039084383875"><time>2023-07-11T11:19:09.000Z</time></trkpt><trkpt lat="52.52727033164646" lon="13.398060215549854"><time>2023-07-11T11:19:10.000Z</time></trkpt><trkpt lat="52.52726567665629" lon="13.398080923048077"><time>2023-07-11T11:19:11.000Z</time></trkpt><trkpt lat="52.52726192866299" lon="13.39810114823134"><time>2023-07-11T11:19:12.000Z</time></trkpt><trkpt lat="52.527259086807504" lon="13.398121488089743"><time>2023-07-11T11:19:13.000Z</time></trkpt><trkpt lat="52.52725710152629" lon="13.398141729684399"><time>2023-07-11T11:19:14.000Z</time></trkpt><trkpt lat="52.527256096111955" lon="13.398161841051973"><time>2023-07-11T11:19:15.000Z</time></trkpt><trkpt lat="52.52725589777058" lon="13.398182111990696"><time>2023-07-11T11:19:16.000Z</time></trkpt><trkpt lat="52.527256546852705" lon="13.398202305906363"><time>2023-07-11T11:19:17.000Z</time></trkpt><trkpt lat="52.52725821296504" lon="13.398222228767974"><time>2023-07-11T11:19:18.000Z</time></trkpt><trkpt lat="52.52726096778238" lon="13.39824186490081"><time>2023-07-11T11:19:19.000Z</time></trkpt><trkpt lat="52.527264742418744" lon="13.398261280891752"><time>2023-07-11T11:19:20.000Z</time></trkpt><trkpt lat="52.52726924261774" lon="13.398280254798165"><time>2023-07-11T11:19:21.000Z</time></trkpt><trkpt lat="52.52727443368115" lon="13.398299024401116"><time>2023-07-11T11:19:22.000Z</time></trkpt><trkpt lat="52.527280227002144" lon="13.398317806732104"><time>2023-07-11T11:19:23.000Z</time></trkpt><trkpt lat="52.52728668973616" lon="13.398335995142453"><time>2023-07-11T11:19:24.000Z</time></trkpt><trkpt lat="52.527293623803274" lon="13.398353966603151"><time>2023-07-11T11:19:25.000Z</time></trkpt><trkpt lat="52.52730081644499" lon="13.398371455421477"><time>2023-07-11T11:19:26.000Z</time></trkpt><trkpt lat="52.527308280235836" lon="13.398388762568517"><time>2023-07-11T11:19:27.000Z</time></trkpt><trkpt lat="52.52731594910351" lon="13.398406059156605"><time>2023-07-11T11:19:28.000Z</time></trkpt><trkpt lat="52.527323548711685" lon="13.398423592461683"><time>2023-07-11T11:19:29.000Z</time></trkpt><trkpt lat="52.52733113646744" lon="13.398441302567834"><time>2023-07-11T11:19:30.000Z</time></trkpt><trkpt lat="52.52733863496895" lon="13.3984591735957"><time>2023-07-11T11:19:31.000Z</time></trkpt><trkpt lat="52.527346243491344" lon="13.398477454703833"><time>2023-07-11T11:19:32.000Z</time></trkpt><trkpt lat="52.527353851901694" lon="13.398495979527333"><time>2023-07-11T11:19:33.000Z</time></trkpt><trkpt lat="52.52736120087839" lon="13.398514246638713"><time>2023-07-11T11:19:34.000Z</time></trkpt><trkpt lat="52.52736838334843" lon="13.39853223095023"><time>2023-07-11T11:19:35.000Z</time></trkpt><trkpt lat="52.52737563047147" lon="13.39854970147456"><time>2023-07-11T11:19:36.000Z</time></trkpt><trkpt lat="52.527383130815586" lon="13.39856701983537"><time>2023-07-11T11:19:37.000Z</time></trkpt><trkpt lat="52.527390895137614" lon="13.398584036693054"><time>2023-07-11T11:19:38.000Z</time></trkpt><trkpt lat="52.527398862668974" lon="13.39860084642337"><time>2023-07-11T11:19:39.000Z</time></trkpt><trkpt lat="52.52740694703138" lon="13.398617463473261"><time>2023-07-11T11:19:40.000Z</time></trkpt><trkpt lat="52.52741485979507" lon="13.398634018315365"><time>2023-07-11T11:19:41.000Z</time></trkpt><trkpt lat="52.52742260357456" lon="13.39865051807084"><time>2023-07-11T11:19:42.000Z</time></trkpt><trkpt lat="52.527429984859076" lon="13.398666532278185"><time>2023-07-11T11:19:43.000Z</time></trkpt><trkpt lat="52.52743704404895" lon="13.398682088808123"><time>2023-07-11T11:19:44.000Z</time></trkpt><trkpt lat="52.52744418105149" lon="13.39869804563697"><time>2023-07-11T11:19:45.000Z</time></trkpt><trkpt lat="52.52745102829213" lon="13.398713995344663"><time>2023-07-11T11:19:46.000Z</time></trkpt><trkpt lat="52.527457516673195" lon="13.398729903103026"><time>2023-07-11T11:19:47.000Z</time></trkpt><trkpt lat="52.52746370949064" lon="13.398745805704692"><time>2023-07-11T11:19:48.000Z</time></trkpt><trkpt lat="52.527469591082316" lon="13.398761873320694"><time>2023-07-11T11:19:49.000Z</time></trkpt><trkpt lat="52.527475325763696" lon="13.398778060727608"><time>2023-07-11T11:19:50.000Z</time></trkpt><trkpt lat="52.52748096941047" lon="13.398794375783257"><time>2023-07-11T11:19:51.000Z</time></trkpt><trkpt lat="52.5274865947059" lon="13.398810851883404"><time>2023-07-11T11:19:52.000Z</time></trkpt><trkpt lat="52.52749212017702" lon="13.398827557211051"><time>2023-07-11T11:19:53.000Z</time></trkpt><trkpt lat="52.52749756477278" lon="13.398845038744518"><time>2023-07-11T11:19:54.000Z</time></trkpt><trkpt lat="52.5275028016025" lon="13.398862850961473"><time>2023-07-11T11:19:55.000Z</time></trkpt><trkpt lat="52.527507367076986" lon="13.398880756080844"><time>2023-07-11T11:19:56.000Z</time></trkpt><trkpt lat="52.527511306265346" lon="13.398899348719016"><time>2023-07-11T11:19:57.000Z</time></trkpt><trkpt lat="52.52751461964068" lon="13.39891830077085"><time>2023-07-11T11:19:58.000Z</time></trkpt><trkpt lat="52.527517268060095" lon="13.398937740171567"><time>2023-07-11T11:19:59.000Z</time></trkpt><trkpt lat="52.527519448707125" lon="13.398957491920845"><time>2023-07-11T11:20:00.000Z</time></trkpt><trkpt lat="52.527521266734674" lon="13.398977401113115"><time>2023-07-11T11:20:01.000Z</time></trkpt><trkpt lat="52.52752305411027" lon="13.398997204674929"><time>2023-07-11T11:20:02.000Z</time></trkpt><trkpt lat="52.52752486407021" lon="13.399016831067335"><time>2023-07-11T11:20:03.000Z</time></trkpt><trkpt lat="52.527526788669995" lon="13.399036101647583"><time>2023-07-11T11:20:04.000Z</time></trkpt><trkpt lat="52.527528976811936" lon="13.399054861100842"><time>2023-07-11T11:20:05.000Z</time></trkpt><trkpt lat="52.52753145581139" lon="13.39907353816971"><time>2023-07-11T11:20:06.000Z</time></trkpt><trkpt lat="52.52753441032716" lon="13.399091870803893"><time>2023-07-11T11:20:07.000Z</time></trkpt><trkpt lat="52.52753781545918" lon="13.39910977747846"><time>2023-07-11T11:20:08.000Z</time></trkpt><trkpt lat="52.52754149693199" lon="13.39912771321061"><time>2023-07-11T11:20:09.000Z</time></trkpt><trkpt lat="52.52754518375832" lon="13.399145528578883"><time>2023-07-11T11:20:10.000Z</time></trkpt><trkpt lat="52.527548595115356" lon="13.399163189123435"><time>2023-07-11T11:20:11.000Z</time></trkpt><trkpt lat="52.52755146258055" lon="13.399180739208242"><time>2023-07-11T11:20:12.000Z</time></trkpt><trkpt lat="52.527553625971834" lon="13.39919794379429"><time>2023-07-11T11:20:13.000Z</time></trkpt><trkpt lat="52.52755517612463" lon="13.399214900326792"><time>2023-07-11T11:20:14.000Z</time></trkpt><trkpt lat="52.52755606866703" lon="13.399231730397418"><time>2023-07-11T11:20:15.000Z</time></trkpt><trkpt lat="52.52755618128997" lon="13.399248512502567"><time>2023-07-11T11:20:16.000Z</time></trkpt><trkpt lat="52.52755544327729" lon="13.39926521508816"><time>2023-07-11T11:20:17.000Z</time></trkpt><trkpt lat="52.52755388177009" lon="13.399281894018428"><time>2023-07-11T11:20:18.000Z</time></trkpt><trkpt lat="52.52755172841353" lon="13.399298584203388"><time>2023-07-11T11:20:19.000Z</time></trkpt><trkpt lat="52.52754933855625" lon="13.399315309666713"><time>2023-07-11T11:20:20.000Z</time></trkpt><trkpt lat="52.527546946931075" lon="13.399332196379165"><time>2023-07-11T11:20:21.000Z</time></trkpt><trkpt lat="52.52754470742032" lon="13.399349429286126"><time>2023-07-11T11:20:22.000Z</time></trkpt><trkpt lat="52.527542903785" lon="13.39936699868809"><time>2023-07-11T11:20:23.000Z</time></trkpt><trkpt lat="52.527541428456864" lon="13.399385247587325"><time>2023-07-11T11:20:24.000Z</time></trkpt><trkpt lat="52.52754024540555" lon="13.399404085659766"><time>2023-07-11T11:20:25.000Z</time></trkpt><trkpt lat="52.52753936608508" lon="13.39942306071211"><time>2023-07-11T11:20:26.000Z</time></trkpt><trkpt lat="52.5275392808024" lon="13.399442130958734"><time>2023-07-11T11:20:27.000Z</time></trkpt><trkpt lat="52.52754014077553" lon="13.3994614222067"><time>2023-07-11T11:20:28.000Z</time></trkpt><trkpt lat="52.527542086839155" lon="13.399480918331092"><time>2023-07-11T11:20:29.000Z</time></trkpt><trkpt lat="52.52754502818279" lon="13.399500606890358"><time>2023-07-11T11:20:30.000Z</time></trkpt><trkpt lat="52.52754871403801" lon="13.399520528155849"><time>2023-07-11T11:20:31.000Z</time></trkpt><trkpt lat="52.52755305406742" lon="13.39954068552444"><time>2023-07-11T11:20:32.000Z</time></trkpt><trkpt lat="52.52755793589708" lon="13.399561134901285"><time>2023-07-11T11:20:33.000Z</time></trkpt><trkpt lat="52.52756300477593" lon="13.399581957402061"><time>2023-07-11T11:20:34.000Z</time></trkpt><trkpt lat="52.52756822646641" lon="13.399603168128523"><time>2023-07-11T11:20:35.000Z</time></trkpt><trkpt lat="52.52757349693609" lon="13.399624291436679"><time>2023-07-11T11:20:36.000Z</time></trkpt><trkpt lat="52.52757897223361" lon="13.399645836611835"><time>2023-07-11T11:20:37.000Z</time></trkpt><trkpt lat="52.52758427026765" lon="13.399667904127757"><time>2023-07-11T11:20:38.000Z</time></trkpt><trkpt lat="52.52758936850367" lon="13.399690421340479"><time>2023-07-11T11:20:39.000Z</time></trkpt><trkpt lat="52.52759405643663" lon="13.399712948457337"><time>2023-07-11T11:20:40.000Z</time></trkpt><trkpt lat="52.52759853528383" lon="13.399735422943136"><time>2023-07-11T11:20:41.000Z</time></trkpt><trkpt lat="52.52760295277731" lon="13.399757745838382"><time>2023-07-11T11:20:42.000Z</time></trkpt><trkpt lat="52.52760744337734" lon="13.399779818715631"><time>2023-07-11T11:20:43.000Z</time></trkpt><trkpt lat="52.52761195138251" lon="13.39980105076463"><time>2023-07-11T11:20:44.000Z</time></trkpt><trkpt lat="52.527616612722206" lon="13.399821524942734"><time>2023-07-11T11:20:45.000Z</time></trkpt><trkpt lat="52.527621497091666" lon="13.399841366647742"><time>2023-07-11T11:20:46.000Z</time></trkpt><trkpt lat="52.527626552599195" lon="13.399861135995275"><time>2023-07-11T11:20:47.000Z</time></trkpt><trkpt lat="52.527631714056454" lon="13.399880685241845"><time>2023-07-11T11:20:48.000Z</time></trkpt><trkpt lat="52.52763684349224" lon="13.399899498922283"><time>2023-07-11T11:20:49.000Z</time></trkpt><trkpt lat="52.52764199371957" lon="13.399917675955157"><time>2023-07-11T11:20:50.000Z</time></trkpt><trkpt lat="52.527647188517996" lon="13.399935740236419"><time>2023-07-11T11:20:51.000Z</time></trkpt><trkpt lat="52.52765219176031" lon="13.399953763059466"><time>2023-07-11T11:20:52.000Z</time></trkpt><trkpt lat="52.5276568067859" lon="13.399971739676865"><time>2023-07-11T11:20:53.000Z</time></trkpt><trkpt lat="52.52766098113036" lon="13.399989637634155"><time>2023-07-11T11:20:54.000Z</time></trkpt><trkpt lat="52.527664932494844" lon="13.400007748448475"><time>2023-07-11T11:20:55.000Z</time></trkpt><trkpt lat="52.52766882738601" lon="13.400025826276304"><time>2023-07-11T11:20:56.000Z</time></trkpt><trkpt lat="52.52767255295681" lon="13.40004335434283"><time>2023-07-11T11:20:57.000Z</time></trkpt><trkpt lat="52.527676401807774" lon="13.400060158343486"><time>2023-07-11T11:20:58.000Z</time></trkpt><trkpt lat="52.527680330936505" lon="13.400076345095579"><time>2023-07-11T11:20:59.000Z</time></trkpt><trkpt lat="52.52768439417693" lon="13.400092504345283"><time>2023-07-11T11:21:00.000Z</time></trkpt><trkpt lat="52.52768840156653" lon="13.400108620417875"><time>2023-07-11T11:21:01.000Z</time></trkpt><trkpt lat="52.52769231894244" lon="13.400124205391501"><time>2023-07-11T11:21:02.000Z</time></trkpt><trkpt lat="52.527695987965224" lon="13.400139401525548"><time>2023-07-11T11:21:03.000Z</time></trkpt><trkpt lat="52.52769939665796" lon="13.400154286948078"><time>2023-07-11T11:21:04.000Z</time></trkpt><trkpt lat="52.52770250181904" lon="13.400168965652506"><time>2023-07-11T11:21:05.000Z</time></trkpt><trkpt lat="52.527705214132" lon="13.400183624344036"><time>2023-07-11T11:21:06.000Z</time></trkpt><trkpt lat="52.52770742515709" lon="13.400197951083364"><time>2023-07-11T11:21:07.000Z</time></trkpt><trkpt lat="52.527709316764316" lon="13.40021254269689"><time>2023-07-11T11:21:08.000Z</time></trkpt><trkpt lat="52.52771070907567" lon="13.400227587895204"><time>2023-07-11T11:21:09.000Z</time></trkpt><trkpt lat="52.52771159178255" lon="13.400243078984188"><time>2023-07-11T11:21:10.000Z</time></trkpt><trkpt lat="52.527712066900456" lon="13.400258870921478"><time>2023-07-11T11:21:11.000Z</time></trkpt><trkpt lat="52.52771229022903" lon="13.400274843588756"><time>2023-07-11T11:21:12.000Z</time></trkpt><trkpt lat="52.527712323321204" lon="13.400290915174596"><time>2023-07-11T11:21:13.000Z</time></trkpt><trkpt lat="52.52771239742376" lon="13.400306923611346"><time>2023-07-11T11:21:14.000Z</time></trkpt><trkpt lat="52.52771270977003" lon="13.400322799774704"><time>2023-07-11T11:21:15.000Z</time></trkpt><trkpt lat="52.52771335254" lon="13.400338434309928"><time>2023-07-11T11:21:16.000Z</time></trkpt><trkpt lat="52.52771442727608" lon="13.400353697194562"><time>2023-07-11T11:21:17.000Z</time></trkpt><trkpt lat="52.527715934750184" lon="13.400368941375937"><time>2023-07-11T11:21:18.000Z</time></trkpt><trkpt lat="52.52771780808076" lon="13.400383932347074"><time>2023-07-11T11:21:19.000Z</time></trkpt><trkpt lat="52.52771992102455" lon="13.400398159922283"><time>2023-07-11T11:21:20.000Z</time></trkpt><trkpt lat="52.52772224375128" lon="13.400411600609937"><time>2023-07-11T11:21:21.000Z</time></trkpt><trkpt lat="52.527724550790964" lon="13.400424325621584"><time>2023-07-11T11:21:22.000Z</time></trkpt><trkpt lat="52.527726740900015" lon="13.400436397042228"><time>2023-07-11T11:21:23.000Z</time></trkpt><trkpt lat="52.52772884893848" lon="13.400447925413465"><time>2023-07-11T11:21:24.000Z</time></trkpt><trkpt lat="52.5277308395732" lon="13.40045891048974"><time>2023-07-11T11:21:25.000Z</time></trkpt><trkpt lat="52.5277326258532" lon="13.400469057397968"><time>2023-07-11T11:21:26.000Z</time></trkpt><trkpt lat="52.52773420342094" lon="13.400478256783412"><time>2023-07-11T11:21:27.000Z</time></trkpt><trkpt lat="52.52773547583854" lon="13.400486293783654"><time>2023-07-11T11:21:28.000Z</time></trkpt><trkpt lat="52.52773638805197" lon="13.400493138113326"><time>2023-07-11T11:21:29.000Z</time></trkpt><trkpt lat="52.52773714015807" lon="13.400498754166659"><time>2023-07-11T11:21:30.000Z</time></trkpt><trkpt lat="52.52773799395598" lon="13.400503693219218"><time>2023-07-11T11:21:31.000Z</time></trkpt><trkpt lat="52.52773905412553" lon="13.400508098267055"><time>2023-07-11T11:21:32.000Z</time></trkpt><trkpt lat="52.5277405441447" lon="13.400512051408073"><time>2023-07-11T11:21:33.000Z</time></trkpt><trkpt lat="52.52774252785721" lon="13.400515635476857"><time>2023-07-11T11:21:34.000Z</time></trkpt><trkpt lat="52.527744997419546" lon="13.400519293049047"><time>2023-07-11T11:21:35.000Z</time></trkpt><trkpt lat="52.52774781563243" lon="13.400522739360326"><time>2023-07-11T11:21:36.000Z</time></trkpt><trkpt lat="52.52775112821095" lon="13.400526094815497"><time>2023-07-11T11:21:37.000Z</time></trkpt><trkpt lat="52.52775504688167" lon="13.40052944085765"><time>2023-07-11T11:21:38.000Z</time></trkpt><trkpt lat="52.527759654113545" lon="13.400533056112176"><time>2023-07-11T11:21:39.000Z</time></trkpt><trkpt lat="52.52776506001462" lon="13.400536994847185"><time>2023-07-11T11:21:40.000Z</time></trkpt><trkpt lat="52.527771114935575" lon="13.400541309366321"><time>2023-07-11T11:21:41.000Z</time></trkpt><trkpt lat="52.52777772941051" lon="13.400545781205675"><time>2023-07-11T11:21:42.000Z</time></trkpt><trkpt lat="52.52778487288706" lon="13.400550265322881"><time>2023-07-11T11:21:43.000Z</time></trkpt><trkpt lat="52.527792539588425" lon="13.400554552912599"><time>2023-07-11T11:21:44.000Z</time></trkpt><trkpt lat="52.52780047889557" lon="13.400558440080628"><time>2023-07-11T11:21:45.000Z</time></trkpt><trkpt lat="52.52780875988124" lon="13.400561788169087"><time>2023-07-11T11:21:46.000Z</time></trkpt><trkpt lat="52.52781761922043" lon="13.400564750732986"><time>2023-07-11T11:21:47.000Z</time></trkpt><trkpt lat="52.527826930122096" lon="13.400567319750794"><time>2023-07-11T11:21:48.000Z</time></trkpt><trkpt lat="52.527836324339326" lon="13.400569548999504"><time>2023-07-11T11:21:49.000Z</time></trkpt><trkpt lat="52.527845754362836" lon="13.400571188829453"><time>2023-07-11T11:21:50.000Z</time></trkpt><trkpt lat="52.527855199102284" lon="13.40057225037256"><time>2023-07-11T11:21:51.000Z</time></trkpt><trkpt lat="52.52786463833881" lon="13.400572789779538"><time>2023-07-11T11:21:52.000Z</time></trkpt><trkpt lat="52.52787404231686" lon="13.400572923198865"><time>2023-07-11T11:21:53.000Z</time></trkpt><trkpt lat="52.52788340784924" lon="13.400572704407535"><time>2023-07-11T11:21:54.000Z</time></trkpt><trkpt lat="52.52789247341068" lon="13.400572174577285"><time>2023-07-11T11:21:55.000Z</time></trkpt><trkpt lat="52.52790153416641" lon="13.400571348605235"><time>2023-07-11T11:21:56.000Z</time></trkpt><trkpt lat="52.527910590863435" lon="13.400570152333161"><time>2023-07-11T11:21:57.000Z</time></trkpt><trkpt lat="52.52791936093595" lon="13.400568690040958"><time>2023-07-11T11:21:58.000Z</time></trkpt><trkpt lat="52.52792780837847" lon="13.40056669988296"><time>2023-07-11T11:21:59.000Z</time></trkpt><trkpt lat="52.52793629195098" lon="13.400564113021339"><time>2023-07-11T11:22:00.000Z</time></trkpt><trkpt lat="52.527944854182756" lon="13.400561091441894"><time>2023-07-11T11:22:01.000Z</time></trkpt><trkpt lat="52.527953496941294" lon="13.400557552473758"><time>2023-07-11T11:22:02.000Z</time></trkpt><trkpt lat="52.52796227480753" lon="13.400553495216549"><time>2023-07-11T11:22:03.000Z</time></trkpt><trkpt lat="52.527971233373435" lon="13.400548906492043"><time>2023-07-11T11:22:04.000Z</time></trkpt><trkpt lat="52.52798034636947" lon="13.400543635691918"><time>2023-07-11T11:22:05.000Z</time></trkpt><trkpt lat="52.52798959061369" lon="13.400537834979689"><time>2023-07-11T11:22:06.000Z</time></trkpt><trkpt lat="52.527999056443484" lon="13.400531934080185"><time>2023-07-11T11:22:07.000Z</time></trkpt><trkpt lat="52.52800873887883" lon="13.40052655351606"><time>2023-07-11T11:22:08.000Z</time></trkpt><trkpt lat="52.52801886794643" lon="13.400521942936978"><time>2023-07-11T11:22:09.000Z</time></trkpt><trkpt lat="52.528029429851635" lon="13.40051874521128"><time>2023-07-11T11:22:10.000Z</time></trkpt><trkpt lat="52.52804029113019" lon="13.400517056188068"><time>2023-07-11T11:22:11.000Z</time></trkpt><trkpt lat="52.52805136642469" lon="13.400516927598028"><time>2023-07-11T11:22:12.000Z</time></trkpt><trkpt lat="52.528062490398796" lon="13.400517752997109"><time>2023-07-11T11:22:13.000Z</time></trkpt><trkpt lat="52.52807352037521" lon="13.400519102824187"><time>2023-07-11T11:22:14.000Z</time></trkpt><trkpt lat="52.52808433698306" lon="13.400520573301627"><time>2023-07-11T11:22:15.000Z</time></trkpt><trkpt lat="52.52809473287964" lon="13.400522345404971"><time>2023-07-11T11:22:16.000Z</time></trkpt><trkpt lat="52.52810507085867" lon="13.400524464971532"><time>2023-07-11T11:22:17.000Z</time></trkpt><trkpt lat="52.52811529506937" lon="13.400526813806522"><time>2023-07-11T11:22:18.000Z</time></trkpt><trkpt lat="52.528125404341424" lon="13.400528953345058"><time>2023-07-11T11:22:19.000Z</time></trkpt><trkpt lat="52.52813540763885" lon="13.400530732160293"><time>2023-07-11T11:22:20.000Z</time></trkpt><trkpt lat="52.52814538782903" lon="13.400531986056421"><time>2023-07-11T11:22:21.000Z</time></trkpt><trkpt lat="52.52815544112577" lon="13.400532558368042"><time>2023-07-11T11:22:22.000Z</time></trkpt><trkpt lat="52.52816567098876" lon="13.400532437144715"><time>2023-07-11T11:22:23.000Z</time></trkpt><trkpt lat="52.52817626003503" lon="13.400532283262299"><time>2023-07-11T11:22:24.000Z</time></trkpt><trkpt lat="52.52818703859562" lon="13.400532469067128"><time>2023-07-11T11:22:25.000Z</time></trkpt><trkpt lat="52.528198174920156" lon="13.400533366332574"><time>2023-07-11T11:22:26.000Z</time></trkpt><trkpt lat="52.52820991818348" lon="13.400534766089585"><time>2023-07-11T11:22:27.000Z</time></trkpt><trkpt lat="52.52822214346202" lon="13.400536300902973"><time>2023-07-11T11:22:28.000Z</time></trkpt><trkpt lat="52.52823479316196" lon="13.40053770196962"><time>2023-07-11T11:22:29.000Z</time></trkpt><trkpt lat="52.52824781237868" lon="13.400538865500755"><time>2023-07-11T11:22:30.000Z</time></trkpt><trkpt lat="52.528261160599804" lon="13.40053964506252"><time>2023-07-11T11:22:31.000Z</time></trkpt><trkpt lat="52.52827479566954" lon="13.40054016449752"><time>2023-07-11T11:22:32.000Z</time></trkpt><trkpt lat="52.52828861746477" lon="13.400540709061193"><time>2023-07-11T11:22:33.000Z</time></trkpt><trkpt lat="52.528302538362205" lon="13.400541344562827"><time>2023-07-11T11:22:34.000Z</time></trkpt><trkpt lat="52.5283164823171" lon="13.400542072966878"><time>2023-07-11T11:22:35.000Z</time></trkpt><trkpt lat="52.528330696636765" lon="13.400542779107088"><time>2023-07-11T11:22:36.000Z</time></trkpt><trkpt lat="52.52834505642254" lon="13.400543127879946"><time>2023-07-11T11:22:37.000Z</time></trkpt><trkpt lat="52.52835944344897" lon="13.400542944530685"><time>2023-07-11T11:22:38.000Z</time></trkpt><trkpt lat="52.528373799599336" lon="13.400542149171416"><time>2023-07-11T11:22:39.000Z</time></trkpt><trkpt lat="52.528388058515" lon="13.400540738691747"><time>2023-07-11T11:22:40.000Z</time></trkpt><trkpt lat="52.52840196295351" lon="13.400538889237934"><time>2023-07-11T11:22:41.000Z</time></trkpt><trkpt lat="52.52841560696236" lon="13.400536688310137"><time>2023-07-11T11:22:42.000Z</time></trkpt><trkpt lat="52.528428997538484" lon="13.400533957552087"><time>2023-07-11T11:22:43.000Z</time></trkpt><trkpt lat="52.5284421975296" lon="13.400530742719251"><time>2023-07-11T11:22:44.000Z</time></trkpt><trkpt lat="52.52845522451514" lon="13.400526966051894"><time>2023-07-11T11:22:45.000Z</time></trkpt><trkpt lat="52.52846809256364" lon="13.400522672159546"><time>2023-07-11T11:22:46.000Z</time></trkpt><trkpt lat="52.528480783498075" lon="13.400517960001697"><time>2023-07-11T11:22:47.000Z</time></trkpt><trkpt lat="52.52849330710416" lon="13.400513147983984"><time>2023-07-11T11:22:48.000Z</time></trkpt><trkpt lat="52.5285056711258" lon="13.400508208112903"><time>2023-07-11T11:22:49.000Z</time></trkpt><trkpt lat="52.52851769702961" lon="13.400503504058436"><time>2023-07-11T11:22:50.000Z</time></trkpt><trkpt lat="52.5285294223898" lon="13.400498799021744"><time>2023-07-11T11:22:51.000Z</time></trkpt><trkpt lat="52.528541120833026" lon="13.400493931999252"><time>2023-07-11T11:22:52.000Z</time></trkpt><trkpt lat="52.52855275413771" lon="13.400488970928414"><time>2023-07-11T11:22:53.000Z</time></trkpt><trkpt lat="52.52856436682516" lon="13.400484203192821"><time>2023-07-11T11:22:54.000Z</time></trkpt><trkpt lat="52.528575933596905" lon="13.400479544811965"><time>2023-07-11T11:22:55.000Z</time></trkpt><trkpt lat="52.52858747651441" lon="13.40047508615084"><time>2023-07-11T11:22:56.000Z</time></trkpt><trkpt lat="52.52859876017256" lon="13.400470848982168"><time>2023-07-11T11:22:57.000Z</time></trkpt><trkpt lat="52.52860973424834" lon="13.400465936040511"><time>2023-07-11T11:22:58.000Z</time></trkpt><trkpt lat="52.52862025967499" lon="13.400459953370508"><time>2023-07-11T11:22:59.000Z</time></trkpt><trkpt lat="52.52863026319651" lon="13.400452883865023"><time>2023-07-11T11:23:00.000Z</time></trkpt><trkpt lat="52.52863985272977" lon="13.400444383948825"><time>2023-07-11T11:23:01.000Z</time></trkpt><trkpt lat="52.5286489620157" lon="13.400434611924352"><time>2023-07-11T11:23:02.000Z</time></trkpt><trkpt lat="52.52865733869228" lon="13.400423482460535"><time>2023-07-11T11:23:03.000Z</time></trkpt><trkpt lat="52.52866505945166" lon="13.400410788389076"><time>2023-07-11T11:23:04.000Z</time></trkpt><trkpt lat="52.52867199463927" lon="13.400396601085225"><time>2023-07-11T11:23:05.000Z</time></trkpt><trkpt lat="52.52867831452168" lon="13.400380717923492"><time>2023-07-11T11:23:06.000Z</time></trkpt><trkpt lat="52.528684068127085" lon="13.400363026888938"><time>2023-07-11T11:23:07.000Z</time></trkpt><trkpt lat="52.528689782490005" lon="13.400343770755631"><time>2023-07-11T11:23:08.000Z</time></trkpt><trkpt lat="52.528695871897526" lon="13.400324684752428"><time>2023-07-11T11:23:09.000Z</time></trkpt><trkpt lat="52.528702209508765" lon="13.400306347780067"><time>2023-07-11T11:23:10.000Z</time></trkpt><trkpt lat="52.52870891095959" lon="13.400290477591932"><time>2023-07-11T11:23:11.000Z</time></trkpt><trkpt lat="52.528716025975385" lon="13.40027781564752"><time>2023-07-11T11:23:12.000Z</time></trkpt><trkpt lat="52.52872350859066" lon="13.40026882936467"><time>2023-07-11T11:23:13.000Z</time></trkpt><trkpt lat="52.52873154956473" lon="13.400263836535117"><time>2023-07-11T11:23:14.000Z</time></trkpt><trkpt lat="52.528739942999046" lon="13.400263031558195"><time>2023-07-11T11:23:15.000Z</time></trkpt><trkpt lat="52.52874866152845" lon="13.400266128769209"><time>2023-07-11T11:23:16.000Z</time></trkpt><trkpt lat="52.52875756531424" lon="13.400273141428237"><time>2023-07-11T11:23:17.000Z</time></trkpt><trkpt lat="52.528766651069624" lon="13.400284076410877"><time>2023-07-11T11:23:18.000Z</time></trkpt><trkpt lat="52.52877572604329" lon="13.400298600782698"><time>2023-07-11T11:23:19.000Z</time></trkpt><trkpt lat="52.52878447930827" lon="13.400315823662744"><time>2023-07-11T11:23:20.000Z</time></trkpt><trkpt lat="52.52879336426963" lon="13.400335316308412"><time>2023-07-11T11:23:21.000Z</time></trkpt><trkpt lat="52.52880239691319" lon="13.400355647367688"><time>2023-07-11T11:23:22.000Z</time></trkpt><trkpt lat="52.52881143657858" lon="13.400375956736088"><time>2023-07-11T11:23:23.000Z</time></trkpt><trkpt lat="52.52882056907136" lon="13.400396079030948"><time>2023-07-11T11:23:24.000Z</time></trkpt><trkpt lat="52.52882982125869" lon="13.400415834995623"><time>2023-07-11T11:23:25.000Z</time></trkpt><trkpt lat="52.52883897302411" lon="13.40043539954858"><time>2023-07-11T11:23:26.000Z</time></trkpt><trkpt lat="52.528848069137915" lon="13.400454732991431"><time>2023-07-11T11:23:27.000Z</time></trkpt><trkpt lat="52.52885692008579" lon="13.40047396870258"><time>2023-07-11T11:23:28.000Z</time></trkpt><trkpt lat="52.52886544324938" lon="13.400493158944748"><time>2023-07-11T11:23:29.000Z</time></trkpt><trkpt lat="52.52887352829653" lon="13.4005123591729"><time>2023-07-11T11:23:30.000Z</time></trkpt><trkpt lat="52.528881149754504" lon="13.40053166249409"><time>2023-07-11T11:23:31.000Z</time></trkpt><trkpt lat="52.528888021571476" lon="13.400550887809988"><time>2023-07-11T11:23:32.000Z</time></trkpt><trkpt lat="52.528894109808704" lon="13.400570186711148"><time>2023-07-11T11:23:33.000Z</time></trkpt><trkpt lat="52.52889960475236" lon="13.400589954053299"><time>2023-07-11T11:23:34.000Z</time></trkpt><trkpt lat="52.52890460284038" lon="13.400609929873383"><time>2023-07-11T11:23:35.000Z</time></trkpt><trkpt lat="52.52890941796279" lon="13.400629811317707"><time>2023-07-11T11:23:36.000Z</time></trkpt><trkpt lat="52.52891433320831" lon="13.400649245684503"><time>2023-07-11T11:23:37.000Z</time></trkpt><trkpt lat="52.52891944700687" lon="13.40066809243329"><time>2023-07-11T11:23:38.000Z</time></trkpt><trkpt lat="52.52892479810293" lon="13.400686336012122"><time>2023-07-11T11:23:39.000Z</time></trkpt><trkpt lat="52.52893021386442" lon="13.400703616925483"><time>2023-07-11T11:23:40.000Z</time></trkpt><trkpt lat="52.528935231872474" lon="13.400720286892918"><time>2023-07-11T11:23:41.000Z</time></trkpt><trkpt lat="52.528939826430225" lon="13.400736381602043"><time>2023-07-11T11:23:42.000Z</time></trkpt><trkpt lat="52.52894403130215" lon="13.400752397323656"><time>2023-07-11T11:23:43.000Z</time></trkpt><trkpt lat="52.52894794193015" lon="13.4007682364079"><time>2023-07-11T11:23:44.000Z</time></trkpt><trkpt lat="52.52895171433796" lon="13.400783870452011"><time>2023-07-11T11:23:45.000Z</time></trkpt><trkpt lat="52.52895533478074" lon="13.40079935699819"><time>2023-07-11T11:23:46.000Z</time></trkpt><trkpt lat="52.52895851598658" lon="13.400814978764448"><time>2023-07-11T11:23:47.000Z</time></trkpt><trkpt lat="52.528961266147626" lon="13.400830750975324"><time>2023-07-11T11:23:48.000Z</time></trkpt><trkpt lat="52.52896347323851" lon="13.400846403354363"><time>2023-07-11T11:23:49.000Z</time></trkpt><trkpt lat="52.52896513897735" lon="13.400862014316111"><time>2023-07-11T11:23:50.000Z</time></trkpt><trkpt lat="52.528966399990715" lon="13.400878007364621"><time>2023-07-11T11:23:51.000Z</time></trkpt><trkpt lat="52.52896767848392" lon="13.400894147010687"><time>2023-07-11T11:23:52.000Z</time></trkpt><trkpt lat="52.52896900528324" lon="13.400910493333935"><time>2023-07-11T11:23:53.000Z</time></trkpt><trkpt lat="52.5289705918399" lon="13.400927073345638"><time>2023-07-11T11:23:54.000Z</time></trkpt><trkpt lat="52.52897243461811" lon="13.40094390505331"><time>2023-07-11T11:23:55.000Z</time></trkpt><trkpt lat="52.528974405432386" lon="13.400961082914565"><time>2023-07-11T11:23:56.000Z</time></trkpt><trkpt lat="52.52897648027909" lon="13.40097868599877"><time>2023-07-11T11:23:57.000Z</time></trkpt><trkpt lat="52.5289786503685" lon="13.400996781997817"><time>2023-07-11T11:23:58.000Z</time></trkpt><trkpt lat="52.528980758904964" lon="13.401015480184594"><time>2023-07-11T11:23:59.000Z</time></trkpt><trkpt lat="52.52898278143666" lon="13.401035147830582"><time>2023-07-11T11:24:00.000Z</time></trkpt><trkpt lat="52.528984946521156" lon="13.401055647833102"><time>2023-07-11T11:24:01.000Z</time></trkpt><trkpt lat="52.5289872271917" lon="13.4010769067706"><time>2023-07-11T11:24:02.000Z</time></trkpt><trkpt lat="52.52898961600317" lon="13.401098368292658"><time>2023-07-11T11:24:03.000Z</time></trkpt><trkpt lat="52.52899210966877" lon="13.401120133077667"><time>2023-07-11T11:24:04.000Z</time></trkpt><trkpt lat="52.52899444210652" lon="13.401142261205251"><time>2023-07-11T11:24:05.000Z</time></trkpt><trkpt lat="52.52899636068049" lon="13.401164670168244"><time>2023-07-11T11:24:06.000Z</time></trkpt><trkpt lat="52.528997932869835" lon="13.401187218198379"><time>2023-07-11T11:24:07.000Z</time></trkpt><trkpt lat="52.52899910982064" lon="13.401209761890335"><time>2023-07-11T11:24:08.000Z</time></trkpt><trkpt lat="52.528999910083435" lon="13.401232170362215"><time>2023-07-11T11:24:09.000Z</time></trkpt><trkpt lat="52.52900048990607" lon="13.401253848465586"><time>2023-07-11T11:24:10.000Z</time></trkpt><trkpt lat="52.529000981707014" lon="13.401275008198036"><time>2023-07-11T11:24:11.000Z</time></trkpt><trkpt lat="52.52900116785981" lon="13.401295746800152"><time>2023-07-11T11:24:12.000Z</time></trkpt><trkpt lat="52.52900109303514" lon="13.401316168879237"><time>2023-07-11T11:24:13.000Z</time></trkpt><trkpt lat="52.529000729046174" lon="13.401336765303824"><time>2023-07-11T11:24:14.000Z</time></trkpt><trkpt lat="52.529000170313886" lon="13.401357423363232"><time>2023-07-11T11:24:15.000Z</time></trkpt><trkpt lat="52.5289994717429" lon="13.40137801700484"><time>2023-07-11T11:24:16.000Z</time></trkpt><trkpt lat="52.528998789755356" lon="13.401398554741291"><time>2023-07-11T11:24:17.000Z</time></trkpt><trkpt lat="52.52899787846321" lon="13.401418979767062"><time>2023-07-11T11:24:18.000Z</time></trkpt><trkpt lat="52.52899674040629" lon="13.401439296665881"><time>2023-07-11T11:24:19.000Z</time></trkpt><trkpt lat="52.52899522142837" lon="13.401459371199895"><time>2023-07-11T11:24:20.000Z</time></trkpt><trkpt lat="52.52899332812796" lon="13.401479602563011"><time>2023-07-11T11:24:21.000Z</time></trkpt><trkpt lat="52.52899109441891" lon="13.401499689129322"><time>2023-07-11T11:24:22.000Z</time></trkpt><trkpt lat="52.52898881897738" lon="13.401519430115018"><time>2023-07-11T11:24:23.000Z</time></trkpt><trkpt lat="52.52898654024905" lon="13.401538599198354"><time>2023-07-11T11:24:24.000Z</time></trkpt><trkpt lat="52.528984282337156" lon="13.401557057803307"><time>2023-07-11T11:24:25.000Z</time></trkpt><trkpt lat="52.52898202985347" lon="13.401574668745337"><time>2023-07-11T11:24:26.000Z</time></trkpt><trkpt lat="52.528979757947745" lon="13.40159129132026"><time>2023-07-11T11:24:27.000Z</time></trkpt><trkpt lat="52.52897777426014" lon="13.401606743161045"><time>2023-07-11T11:24:28.000Z</time></trkpt><trkpt lat="52.52897644663913" lon="13.401620929728226"><time>2023-07-11T11:24:29.000Z</time></trkpt><trkpt lat="52.52897587782232" lon="13.401633774817268"><time>2023-07-11T11:24:30.000Z</time></trkpt><trkpt lat="52.52897620739942" lon="13.401645309859475"><time>2023-07-11T11:24:31.000Z</time></trkpt><trkpt lat="52.52897740681006" lon="13.401655584375515"><time>2023-07-11T11:24:32.000Z</time></trkpt><trkpt lat="52.528979196551155" lon="13.401664563905548"><time>2023-07-11T11:24:33.000Z</time></trkpt><trkpt lat="52.528981410365056" lon="13.401672107990949"><time>2023-07-11T11:24:34.000Z</time></trkpt><trkpt lat="52.52898405258436" lon="13.401678110960331"><time>2023-07-11T11:24:35.000Z</time></trkpt><trkpt lat="52.528987166311076" lon="13.401682492843953"><time>2023-07-11T11:24:36.000Z</time></trkpt><trkpt lat="52.528990715390314" lon="13.401685497971073"><time>2023-07-11T11:24:37.000Z</time></trkpt><trkpt lat="52.528994853928495" lon="13.40168734161337"><time>2023-07-11T11:24:38.000Z</time></trkpt><trkpt lat="52.52899936014085" lon="13.401688219397954"><time>2023-07-11T11:24:39.000Z</time></trkpt><trkpt lat="52.5290040942883" lon="13.40168822766504"><time>2023-07-11T11:24:40.000Z</time></trkpt><trkpt lat="52.529009002063816" lon="13.40168754444349"><time>2023-07-11T11:24:41.000Z</time></trkpt><trkpt lat="52.529013898958006" lon="13.401686363150397"><time>2023-07-11T11:24:42.000Z</time></trkpt><trkpt lat="52.52901883066247" lon="13.401684531540395"><time>2023-07-11T11:24:43.000Z</time></trkpt><trkpt lat="52.52902408367722" lon="13.401682236646103"><time>2023-07-11T11:24:44.000Z</time></trkpt><trkpt lat="52.52902966910767" lon="13.401679664681609"><time>2023-07-11T11:24:45.000Z</time></trkpt><trkpt lat="52.52903568204713" lon="13.401677203463345"><time>2023-07-11T11:24:46.000Z</time></trkpt><trkpt lat="52.52904225180157" lon="13.401675017105266"><time>2023-07-11T11:24:47.000Z</time></trkpt><trkpt lat="52.52904941108966" lon="13.401672852683618"><time>2023-07-11T11:24:48.000Z</time></trkpt><trkpt lat="52.52905718807336" lon="13.401670487478157"><time>2023-07-11T11:24:49.000Z</time></trkpt><trkpt lat="52.52906558569089" lon="13.401667832924643"><time>2023-07-11T11:24:50.000Z</time></trkpt><trkpt lat="52.52907452702596" lon="13.401664789490622"><time>2023-07-11T11:24:51.000Z</time></trkpt><trkpt lat="52.52908371646516" lon="13.401661426341327"><time>2023-07-11T11:24:52.000Z</time></trkpt><trkpt lat="52.5290933930241" lon="13.40165767373856"><time>2023-07-11T11:24:53.000Z</time></trkpt><trkpt lat="52.52910354756445" lon="13.401653821194076"><time>2023-07-11T11:24:54.000Z</time></trkpt><trkpt lat="52.529114085914216" lon="13.401649891462824"><time>2023-07-11T11:24:55.000Z</time></trkpt><trkpt lat="52.529124906705285" lon="13.401646033761642"><time>2023-07-11T11:24:56.000Z</time></trkpt><trkpt lat="52.52913580747531" lon="13.401642186128297"><time>2023-07-11T11:24:57.000Z</time></trkpt><trkpt lat="52.52914617625572" lon="13.401637820942556"><time>2023-07-11T11:24:58.000Z</time></trkpt><trkpt lat="52.52915536816003" lon="13.401633050260278"><time>2023-07-11T11:24:59.000Z</time></trkpt><trkpt lat="52.52916339743108" lon="13.401628297094403"><time>2023-07-11T11:25:00.000Z</time></trkpt><trkpt lat="52.529170370167975" lon="13.401623890245816"><time>2023-07-11T11:25:01.000Z</time></trkpt><trkpt lat="52.529176541596264" lon="13.401620044495077"><time>2023-07-11T11:25:02.000Z</time></trkpt><trkpt lat="52.52918232391144" lon="13.401616708438912"><time>2023-07-11T11:25:03.000Z</time></trkpt><trkpt lat="52.52918772022599" lon="13.401614392344861"><time>2023-07-11T11:25:04.000Z</time></trkpt><trkpt lat="52.529192865747206" lon="13.401612504420443"><time>2023-07-11T11:25:05.000Z</time></trkpt><trkpt lat="52.52919791632453" lon="13.401610940958735"><time>2023-07-11T11:25:06.000Z</time></trkpt><trkpt lat="52.52920298102017" lon="13.401609587448302"><time>2023-07-11T11:25:07.000Z</time></trkpt><trkpt lat="52.529207847959604" lon="13.401608340264069"><time>2023-07-11T11:25:08.000Z</time></trkpt><trkpt lat="52.52921313424081" lon="13.401607561029714"><time>2023-07-11T11:25:09.000Z</time></trkpt><trkpt lat="52.52921944598091" lon="13.401606923154361"><time>2023-07-11T11:25:10.000Z</time></trkpt><trkpt lat="52.52922668136357" lon="13.401606163891977"><time>2023-07-11T11:25:11.000Z</time></trkpt><trkpt lat="52.52923279098993" lon="13.401604369770352"><time>2023-07-11T11:25:12.000Z</time></trkpt><trkpt lat="52.52923781273299" lon="13.40160094719625"><time>2023-07-11T11:25:13.000Z</time></trkpt><trkpt lat="52.5292416395225" lon="13.401595719777871"><time>2023-07-11T11:25:14.000Z</time></trkpt><trkpt lat="52.52924484473201" lon="13.401587917120901"><time>2023-07-11T11:25:15.000Z</time></trkpt><trkpt lat="52.52924762970333" lon="13.401577934899597"><time>2023-07-11T11:25:16.000Z</time></trkpt><trkpt lat="52.52924979433962" lon="13.401566042571892"><time>2023-07-11T11:25:17.000Z</time></trkpt><trkpt lat="52.529251517896384" lon="13.401552112775526"><time>2023-07-11T11:25:18.000Z</time></trkpt><trkpt lat="52.52925262495273" lon="13.40153596936425"><time>2023-07-11T11:25:19.000Z</time></trkpt><trkpt lat="52.52925271035992" lon="13.401517738881795"><time>2023-07-11T11:25:20.000Z</time></trkpt><trkpt lat="52.52925290485423" lon="13.40149769291425"><time>2023-07-11T11:25:21.000Z</time></trkpt><trkpt lat="52.529253620008646" lon="13.401476182935601"><time>2023-07-11T11:25:22.000Z</time></trkpt><trkpt lat="52.529257071504574" lon="13.401454195184794"><time>2023-07-11T11:25:23.000Z</time></trkpt><trkpt lat="52.529263441983886" lon="13.401432485159006"><time>2023-07-11T11:25:24.000Z</time></trkpt><trkpt lat="52.52927269623794" lon="13.401411234897859"><time>2023-07-11T11:25:25.000Z</time></trkpt><trkpt lat="52.52928476638915" lon="13.401390566361352"><time>2023-07-11T11:25:26.000Z</time></trkpt><trkpt lat="52.52929973102209" lon="13.40137053095276"><time>2023-07-11T11:25:27.000Z</time></trkpt><trkpt lat="52.52931795111286" lon="13.401350851929294"><time>2023-07-11T11:25:28.000Z</time></trkpt><trkpt lat="52.52933927230601" lon="13.40133174726376"><time>2023-07-11T11:25:29.000Z</time></trkpt><trkpt lat="52.52936412958056" lon="13.401313426661869"><time>2023-07-11T11:25:30.000Z</time></trkpt><trkpt lat="52.52939263279554" lon="13.401295709066227"><time>2023-07-11T11:25:31.000Z</time></trkpt><trkpt lat="52.52942256557237" lon="13.401278920249185"><time>2023-07-11T11:25:32.000Z</time></trkpt><trkpt lat="52.52945346922715" lon="13.401262139371822"><time>2023-07-11T11:25:33.000Z</time></trkpt><trkpt lat="52.52948410020145" lon="13.40124549666122"><time>2023-07-11T11:25:34.000Z</time></trkpt><trkpt lat="52.52951321717785" lon="13.401228342537145"><time>2023-07-11T11:25:35.000Z</time></trkpt><trkpt lat="52.52954052810362" lon="13.40121119635275"><time>2023-07-11T11:25:36.000Z</time></trkpt><trkpt lat="52.52956530029469" lon="13.401194635248942"><time>2023-07-11T11:25:37.000Z</time></trkpt><trkpt lat="52.52958699979434" lon="13.401178989909209"><time>2023-07-11T11:25:38.000Z</time></trkpt><trkpt lat="52.529605259451294" lon="13.401164461608472"><time>2023-07-11T11:25:39.000Z</time></trkpt><trkpt lat="52.529619948664774" lon="13.401151088817342"><time>2023-07-11T11:25:40.000Z</time></trkpt><trkpt lat="52.5296310816278" lon="13.401138924739842"><time>2023-07-11T11:25:41.000Z</time></trkpt><trkpt lat="52.52963882599243" lon="13.401128227620127"><time>2023-07-11T11:25:42.000Z</time></trkpt><trkpt lat="52.52964420657015" lon="13.401118672749936"><time>2023-07-11T11:25:43.000Z</time></trkpt><trkpt lat="52.52964716748523" lon="13.401110333960084"><time>2023-07-11T11:25:44.000Z</time></trkpt><trkpt lat="52.52964858828224" lon="13.401102973960617"><time>2023-07-11T11:25:45.000Z</time></trkpt><trkpt lat="52.529649185833705" lon="13.401096760712552"><time>2023-07-11T11:25:46.000Z</time></trkpt><trkpt lat="52.52964930923837" lon="13.40109126833812"><time>2023-07-11T11:25:47.000Z</time></trkpt><trkpt lat="52.52964935468096" lon="13.40108616508975"><time>2023-07-11T11:25:48.000Z</time></trkpt><trkpt lat="52.52964943744874" lon="13.401081210730801"><time>2023-07-11T11:25:49.000Z</time></trkpt><trkpt lat="52.52964962302884" lon="13.401076393638242"><time>2023-07-11T11:25:50.000Z</time></trkpt><trkpt lat="52.52964994326842" lon="13.401071646693145"><time>2023-07-11T11:25:51.000Z</time></trkpt><trkpt lat="52.52965037750044" lon="13.401066940183108"><time>2023-07-11T11:25:52.000Z</time></trkpt><trkpt lat="52.529650894425544" lon="13.401062300382735"><time>2023-07-11T11:25:53.000Z</time></trkpt><trkpt lat="52.529651461474444" lon="13.401057766990418"><time>2023-07-11T11:25:54.000Z</time></trkpt><trkpt lat="52.529652159671926" lon="13.401053823426121"><time>2023-07-11T11:25:55.000Z</time></trkpt><trkpt lat="52.52965300829064" lon="13.401050270624937"><time>2023-07-11T11:25:56.000Z</time></trkpt><trkpt lat="52.52965406948108" lon="13.401047403910137"><time>2023-07-11T11:25:57.000Z</time></trkpt><trkpt lat="52.5296552535782" lon="13.40104506178704"><time>2023-07-11T11:25:58.000Z</time></trkpt><trkpt lat="52.52965631454455" lon="13.401043176645603"><time>2023-07-11T11:25:59.000Z</time></trkpt><trkpt lat="52.529657233605505" lon="13.401041720246765"><time>2023-07-11T11:26:00.000Z</time></trkpt><trkpt lat="52.52965800461073" lon="13.40104052552989"><time>2023-07-11T11:26:01.000Z</time></trkpt><trkpt lat="52.52965862830726" lon="13.401039548867669"><time>2023-07-11T11:26:02.000Z</time></trkpt><trkpt lat="52.529659220853816" lon="13.401038494527567"><time>2023-07-11T11:26:03.000Z</time></trkpt><trkpt lat="52.52965960018121" lon="13.401037571233076"><time>2023-07-11T11:26:04.000Z</time></trkpt><trkpt lat="52.52965978952122" lon="13.401036744606209"><time>2023-07-11T11:26:05.000Z</time></trkpt><trkpt lat="52.529659806254045" lon="13.40103598763569"><time>2023-07-11T11:26:06.000Z</time></trkpt><trkpt lat="52.52965967809347" lon="13.401035212985063"><time>2023-07-11T11:26:07.000Z</time></trkpt><trkpt lat="52.529659419207626" lon="13.401034371461067"><time>2023-07-11T11:26:08.000Z</time></trkpt><trkpt lat="52.52965902827679" lon="13.401033431468699"><time>2023-07-11T11:26:09.000Z</time></trkpt><trkpt lat="52.52965850174027" lon="13.40103236526001"><time>2023-07-11T11:26:10.000Z</time></trkpt><trkpt lat="52.529657837381954" lon="13.401031170461279"><time>2023-07-11T11:26:11.000Z</time></trkpt><trkpt lat="52.52965704217387" lon="13.40102986557114"><time>2023-07-11T11:26:12.000Z</time></trkpt><trkpt lat="52.52965612448243" lon="13.401028473017135"><time>2023-07-11T11:26:13.000Z</time></trkpt><trkpt lat="52.52965501760038" lon="13.40102726135682"><time>2023-07-11T11:26:14.000Z</time></trkpt><trkpt lat="52.52965394687321" lon="13.401025999602867"><time>2023-07-11T11:26:15.000Z</time></trkpt><trkpt lat="52.52965292410354" lon="13.401024705189828"><time>2023-07-11T11:26:16.000Z</time></trkpt><trkpt lat="52.529652000411176" lon="13.401023433040628"><time>2023-07-11T11:26:17.000Z</time></trkpt><trkpt lat="52.529651162848104" lon="13.401022221380314"><time>2023-07-11T11:26:18.000Z</time></trkpt><trkpt lat="52.529650413829614" lon="13.401021110070978"><time>2023-07-11T11:26:19.000Z</time></trkpt><trkpt lat="52.52964976632864" lon="13.40102012833391"><time>2023-07-11T11:26:20.000Z</time></trkpt><trkpt lat="52.529649232098" lon="13.40101929704146"><time>2023-07-11T11:26:21.000Z</time></trkpt><trkpt lat="52.52964881332892" lon="13.401018622578109"><time>2023-07-11T11:26:22.000Z</time></trkpt><trkpt lat="52.52964850011115" lon="13.401018097986407"><time>2023-07-11T11:26:23.000Z</time></trkpt><trkpt lat="52.52964827996978" lon="13.401017710169981"><time>2023-07-11T11:26:24.000Z</time></trkpt><trkpt lat="52.52964813686918" lon="13.40101743727425"><time>2023-07-11T11:26:25.000Z</time></trkpt><trkpt lat="52.52964803923608" lon="13.401017187706442"><time>2023-07-11T11:26:26.000Z</time></trkpt><trkpt lat="52.52964799668189" lon="13.401017006485342"><time>2023-07-11T11:26:27.000Z</time></trkpt><trkpt lat="52.52964795768841" lon="13.401016840734338"><time>2023-07-11T11:26:28.000Z</time></trkpt><trkpt lat="52.529647922454835" lon="13.401016717546554"><time>2023-07-11T11:26:29.000Z</time></trkpt><trkpt lat="52.52964788634975" lon="13.401016626936006"><time>2023-07-11T11:26:30.000Z</time></trkpt><trkpt lat="52.529647840458956" lon="13.401016563254878"><time>2023-07-11T11:26:31.000Z</time></trkpt><trkpt lat="52.52964796772312" lon="13.401016648872433"><time>2023-07-11T11:26:32.000Z</time></trkpt><trkpt lat="52.5296483835042" lon="13.401016790067734"><time>2023-07-11T11:26:33.000Z</time></trkpt><trkpt lat="52.52964922012109" lon="13.401016953117612"><time>2023-07-11T11:26:34.000Z</time></trkpt><trkpt lat="52.529650626301766" lon="13.401017101106657"><time>2023-07-11T11:26:35.000Z</time></trkpt><trkpt lat="52.52965266210519" lon="13.401017236081179"><time>2023-07-11T11:26:36.000Z</time></trkpt><trkpt lat="52.529655367421235" lon="13.40101736966421"><time>2023-07-11T11:26:37.000Z</time></trkpt><trkpt lat="52.529658730148476" lon="13.401017475090036"><time>2023-07-11T11:26:38.000Z</time></trkpt><trkpt lat="52.52966257546363" lon="13.401017554323108"><time>2023-07-11T11:26:39.000Z</time></trkpt><trkpt lat="52.52966694938202" lon="13.401017836631858"><time>2023-07-11T11:26:40.000Z</time></trkpt><trkpt lat="52.52967189420881" lon="13.40101849087768"><time>2023-07-11T11:26:41.000Z</time></trkpt><trkpt lat="52.52967746865834" lon="13.401019633700168"><time>2023-07-11T11:26:42.000Z</time></trkpt><trkpt lat="52.52968359392195" lon="13.401021063087729"><time>2023-07-11T11:26:43.000Z</time></trkpt><trkpt lat="52.52969025720099" lon="13.401022711757731"><time>2023-07-11T11:26:44.000Z</time></trkpt><trkpt lat="52.52969739114083" lon="13.401024476903626"><time>2023-07-11T11:26:45.000Z</time></trkpt><trkpt lat="52.52970489888026" lon="13.401026140552608"><time>2023-07-11T11:26:46.000Z</time></trkpt><trkpt lat="52.52971272929949" lon="13.401027419577405"><time>2023-07-11T11:26:47.000Z</time></trkpt><trkpt lat="52.529720852767426" lon="13.401028208879602"><time>2023-07-11T11:26:48.000Z</time></trkpt><trkpt lat="52.52972930867597" lon="13.401028557325048"><time>2023-07-11T11:26:49.000Z</time></trkpt><trkpt lat="52.52973834361034" lon="13.40102855290502"><time>2023-07-11T11:26:50.000Z</time></trkpt><trkpt lat="52.52974771016361" lon="13.401028036171146"><time>2023-07-11T11:26:51.000Z</time></trkpt><trkpt lat="52.529757556690306" lon="13.401027019073863"><time>2023-07-11T11:26:52.000Z</time></trkpt><trkpt lat="52.529767956745175" lon="13.401025406091485"><time>2023-07-11T11:26:53.000Z</time></trkpt><trkpt lat="52.52977888602577" lon="13.401023226281593"><time>2023-07-11T11:26:54.000Z</time></trkpt><trkpt lat="52.52979027446333" lon="13.401020537186389"><time>2023-07-11T11:26:55.000Z</time></trkpt><trkpt lat="52.529802058064746" lon="13.401017432444958"><time>2023-07-11T11:26:56.000Z</time></trkpt><trkpt lat="52.52981412383355" lon="13.401014012571988"><time>2023-07-11T11:26:57.000Z</time></trkpt><trkpt lat="52.52982638222916" lon="13.401010494885462"><time>2023-07-11T11:26:58.000Z</time></trkpt><trkpt lat="52.529838775533264" lon="13.401007025737375"><time>2023-07-11T11:26:59.000Z</time></trkpt><trkpt lat="52.52985117944479" lon="13.401003440440808"><time>2023-07-11T11:27:00.000Z</time></trkpt><trkpt lat="52.52986326234483" lon="13.400999792036082"><time>2023-07-11T11:27:01.000Z</time></trkpt><trkpt lat="52.52987522637202" lon="13.400995886451273"><time>2023-07-11T11:27:02.000Z</time></trkpt><trkpt lat="52.52988687406894" lon="13.400991419031948"><time>2023-07-11T11:27:03.000Z</time></trkpt><trkpt lat="52.529898037957835" lon="13.40098625824138"><time>2023-07-11T11:27:04.000Z</time></trkpt><trkpt lat="52.5299086693342" lon="13.400980611411564"><time>2023-07-11T11:27:05.000Z</time></trkpt><trkpt lat="52.52991863478355" lon="13.400974464136493"><time>2023-07-11T11:27:06.000Z</time></trkpt><trkpt lat="52.5299277065202" lon="13.400967595905934"><time>2023-07-11T11:27:07.000Z</time></trkpt><trkpt lat="52.52993590804981" lon="13.40096017787315"><time>2023-07-11T11:27:08.000Z</time></trkpt><trkpt lat="52.529943385535674" lon="13.400952356062731"><time>2023-07-11T11:27:09.000Z</time></trkpt><trkpt lat="52.52995010232493" lon="13.40094435286751"><time>2023-07-11T11:27:10.000Z</time></trkpt><trkpt lat="52.52995611862589" lon="13.400936102396344"><time>2023-07-11T11:27:11.000Z</time></trkpt><trkpt lat="52.52996184190304" lon="13.400927437834149"><time>2023-07-11T11:27:12.000Z</time></trkpt><trkpt lat="52.5299671948168" lon="13.40091862086288"><time>2023-07-11T11:27:13.000Z</time></trkpt><trkpt lat="52.52997226999537" lon="13.400909835977728"><time>2023-07-11T11:27:14.000Z</time></trkpt><trkpt lat="52.52997719726762" lon="13.40090101835164"><time>2023-07-11T11:27:15.000Z</time></trkpt><trkpt lat="52.52998189097738" lon="13.400891714850012"><time>2023-07-11T11:27:16.000Z</time></trkpt><trkpt lat="52.52998624061821" lon="13.400881727390157"><time>2023-07-11T11:27:17.000Z</time></trkpt><trkpt lat="52.529989985984564" lon="13.400871213455998"><time>2023-07-11T11:27:18.000Z</time></trkpt><trkpt lat="52.52999281612456" lon="13.400860267996261"><time>2023-07-11T11:27:19.000Z</time></trkpt><trkpt lat="52.529994493939924" lon="13.400848891256498"><time>2023-07-11T11:27:20.000Z</time></trkpt><trkpt lat="52.52999526833157" lon="13.400837139223716"><time>2023-07-11T11:27:21.000Z</time></trkpt><trkpt lat="52.52999506325473" lon="13.400825139423876"><time>2023-07-11T11:27:22.000Z</time></trkpt><trkpt lat="52.52999384185734" lon="13.400812787167824"><time>2023-07-11T11:27:23.000Z</time></trkpt><trkpt lat="52.52999199636502" lon="13.400799784922272"><time>2023-07-11T11:27:24.000Z</time></trkpt><trkpt lat="52.5299898220924" lon="13.400786087668433"><time>2023-07-11T11:27:25.000Z</time></trkpt><trkpt lat="52.529987843335" lon="13.400772448775315"><time>2023-07-11T11:27:26.000Z</time></trkpt><trkpt lat="52.52998621297914" lon="13.400759441946034"><time>2023-07-11T11:27:27.000Z</time></trkpt><trkpt lat="52.529985266129735" lon="13.400747952331882"><time>2023-07-11T11:27:28.000Z</time></trkpt><trkpt lat="52.529985534402904" lon="13.400738350805852"><time>2023-07-11T11:27:29.000Z</time></trkpt><trkpt lat="52.52998720962865" lon="13.400730442231945"><time>2023-07-11T11:27:30.000Z</time></trkpt><trkpt lat="52.529990560279366" lon="13.400724475523152"><time>2023-07-11T11:27:31.000Z</time></trkpt><trkpt lat="52.52999555313836" lon="13.400720285583287"><time>2023-07-11T11:27:32.000Z</time></trkpt><trkpt lat="52.53000236658963" lon="13.400717886982067"><time>2023-07-11T11:27:33.000Z</time></trkpt><trkpt lat="52.530010903971146" lon="13.400717433438201"><time>2023-07-11T11:27:34.000Z</time></trkpt><trkpt lat="52.53002084775744" lon="13.400718920204257"><time>2023-07-11T11:27:35.000Z</time></trkpt><trkpt lat="52.530031800643286" lon="13.400722214433872"><time>2023-07-11T11:27:36.000Z</time></trkpt><trkpt lat="52.530043076383215" lon="13.400726670393869"><time>2023-07-11T11:27:37.000Z</time></trkpt><trkpt lat="52.530054478715016" lon="13.400731974589752"><time>2023-07-11T11:27:38.000Z</time></trkpt><trkpt lat="52.53006490675755" lon="13.400738335417602"><time>2023-07-11T11:27:39.000Z</time></trkpt><trkpt lat="52.53007434039157" lon="13.4007451510171"><time>2023-07-11T11:27:40.000Z</time></trkpt><trkpt lat="52.53008230337867" lon="13.40075169232938"><time>2023-07-11T11:27:41.000Z</time></trkpt><trkpt lat="52.53008856917816" lon="13.400757598467434"><time>2023-07-11T11:27:42.000Z</time></trkpt><trkpt lat="52.5300929710095" lon="13.400762854943396"><time>2023-07-11T11:27:43.000Z</time></trkpt><trkpt lat="52.53009538302783" lon="13.40076741485588"><time>2023-07-11T11:27:44.000Z</time></trkpt><trkpt lat="52.53009604566803" lon="13.400771551591719"><time>2023-07-11T11:27:45.000Z</time></trkpt><trkpt lat="52.53009599133612" lon="13.400775092606166"><time>2023-07-11T11:27:46.000Z</time></trkpt><trkpt lat="52.53009533133532" lon="13.40077816820816"><time>2023-07-11T11:27:47.000Z</time></trkpt><trkpt lat="52.53009393359575" lon="13.400780530794345"><time>2023-07-11T11:27:48.000Z</time></trkpt><trkpt lat="52.53009204308414" lon="13.400782259106682"><time>2023-07-11T11:27:49.000Z</time></trkpt><trkpt lat="52.53009071790332" lon="13.400782561714813"><time>2023-07-11T11:27:50.000Z</time></trkpt><trkpt lat="52.530090030412865" lon="13.400781791238659"><time>2023-07-11T11:27:51.000Z</time></trkpt><trkpt lat="52.530090725472945" lon="13.400780849281832"><time>2023-07-11T11:27:52.000Z</time></trkpt><trkpt lat="52.530092963141094" lon="13.400779609300606"><time>2023-07-11T11:27:53.000Z</time></trkpt><trkpt lat="52.530095894972916" lon="13.400776866346558"><time>2023-07-11T11:27:54.000Z</time></trkpt><trkpt lat="52.53009878960405" lon="13.400773352343384"><time>2023-07-11T11:27:55.000Z</time></trkpt><trkpt lat="52.53010119519816" lon="13.40076903070309"><time>2023-07-11T11:27:56.000Z</time></trkpt><trkpt lat="52.53010193622374" lon="13.400764359062157"><time>2023-07-11T11:27:57.000Z</time></trkpt><trkpt lat="52.53010078788309" lon="13.400759293302166"><time>2023-07-11T11:27:58.000Z</time></trkpt><trkpt lat="52.53009816102713" lon="13.400754119005956"><time>2023-07-11T11:27:59.000Z</time></trkpt><trkpt lat="52.53009389654448" lon="13.400748521778667"><time>2023-07-11T11:28:00.000Z</time></trkpt><trkpt lat="52.530087961816086" lon="13.400742270796668"><time>2023-07-11T11:28:01.000Z</time></trkpt><trkpt lat="52.53008083980337" lon="13.400734582160021"><time>2023-07-11T11:28:02.000Z</time></trkpt><trkpt lat="52.53007344448767" lon="13.400725120928916"><time>2023-07-11T11:28:03.000Z</time></trkpt><trkpt lat="52.53006558588159" lon="13.400714397452743"><time>2023-07-11T11:28:04.000Z</time></trkpt><trkpt lat="52.53005867701333" lon="13.400703984196975"><time>2023-07-11T11:28:05.000Z</time></trkpt><trkpt lat="52.53005369127575" lon="13.400693219385367"><time>2023-07-11T11:28:06.000Z</time></trkpt><trkpt lat="52.53005071786083" lon="13.400681908782301"><time>2023-07-11T11:28:07.000Z</time></trkpt><trkpt lat="52.53005018146389" lon="13.400669981503643"><time>2023-07-11T11:28:08.000Z</time></trkpt><trkpt lat="52.530052414849244" lon="13.400657409064774"><time>2023-07-11T11:28:09.000Z</time></trkpt><trkpt lat="52.530057381712574" lon="13.400644248271222"><time>2023-07-11T11:28:10.000Z</time></trkpt><trkpt lat="52.530065201225575" lon="13.400630726672519"><time>2023-07-11T11:28:11.000Z</time></trkpt><trkpt lat="52.530075927321725" lon="13.40061709882947"><time>2023-07-11T11:28:12.000Z</time></trkpt><trkpt lat="52.53008909910108" lon="13.400604272157205"><time>2023-07-11T11:28:13.000Z</time></trkpt><trkpt lat="52.53010379879748" lon="13.400592544434573"><time>2023-07-11T11:28:14.000Z</time></trkpt><trkpt lat="52.530119916651486" lon="13.400581666175613"><time>2023-07-11T11:28:15.000Z</time></trkpt><trkpt lat="52.530137324029425" lon="13.400571619945776"><time>2023-07-11T11:28:16.000Z</time></trkpt><trkpt lat="52.53015604802256" lon="13.400562508879018"><time>2023-07-11T11:28:17.000Z</time></trkpt><trkpt lat="52.53017635401566" lon="13.400554118112927"><time>2023-07-11T11:28:18.000Z</time></trkpt><trkpt lat="52.530198086980974" lon="13.400546294911017"><time>2023-07-11T11:28:19.000Z</time></trkpt><trkpt lat="52.53022116639175" lon="13.400538983531845"><time>2023-07-11T11:28:20.000Z</time></trkpt><trkpt lat="52.5302454590825" lon="13.400531827426578"><time>2023-07-11T11:28:21.000Z</time></trkpt><trkpt lat="52.53027083263475" lon="13.400524702507056"><time>2023-07-11T11:28:22.000Z</time></trkpt><trkpt lat="52.530296684068816" lon="13.400517708469437"><time>2023-07-11T11:28:23.000Z</time></trkpt><trkpt lat="52.530323222345935" lon="13.400510820512464"><time>2023-07-11T11:28:24.000Z</time></trkpt><trkpt lat="52.530350308922216" lon="13.400504008350763"><time>2023-07-11T11:28:25.000Z</time></trkpt><trkpt lat="52.530378107092204" lon="13.400497151497682"><time>2023-07-11T11:28:26.000Z</time></trkpt><trkpt lat="52.53040604201329" lon="13.40048972446114"><time>2023-07-11T11:28:27.000Z</time></trkpt><trkpt lat="52.53043363660046" lon="13.40048154782079"><time>2023-07-11T11:28:28.000Z</time></trkpt><trkpt lat="52.530460384137626" lon="13.400472475633897"><time>2023-07-11T11:28:29.000Z</time></trkpt><trkpt lat="52.53048585624428" lon="13.400462410209682"><time>2023-07-11T11:28:30.000Z</time></trkpt><trkpt lat="52.53050963494814" lon="13.400451751478716"><time>2023-07-11T11:28:31.000Z</time></trkpt><trkpt lat="52.530531425432585" lon="13.400440509099584"><time>2023-07-11T11:28:32.000Z</time></trkpt><trkpt lat="52.53055121963" lon="13.400428873911029"><time>2023-07-11T11:28:33.000Z</time></trkpt><trkpt lat="52.53056960662582" lon="13.4004169354186"><time>2023-07-11T11:28:34.000Z</time></trkpt><trkpt lat="52.53058635056675" lon="13.400404750305045"><time>2023-07-11T11:28:35.000Z</time></trkpt><trkpt lat="52.53060149099408" lon="13.40039221952902"><time>2023-07-11T11:28:36.000Z</time></trkpt><trkpt lat="52.530615193841754" lon="13.40037940104199"><time>2023-07-11T11:28:37.000Z</time></trkpt><trkpt lat="52.53062774187478" lon="13.400366534712264"><time>2023-07-11T11:28:38.000Z</time></trkpt><trkpt lat="52.53063950824534" lon="13.400353993909327"><time>2023-07-11T11:28:39.000Z</time></trkpt><trkpt lat="52.53065094533761" lon="13.400342493940855"><time>2023-07-11T11:28:40.000Z</time></trkpt><trkpt lat="52.5306621975719" lon="13.400332229451728"><time>2023-07-11T11:28:41.000Z</time></trkpt><trkpt lat="52.530673613499125" lon="13.400323908464765"><time>2023-07-11T11:28:42.000Z</time></trkpt><trkpt lat="52.530685647395856" lon="13.400317296513908"><time>2023-07-11T11:28:43.000Z</time></trkpt><trkpt lat="52.53069794692636" lon="13.400309991314588"><time>2023-07-11T11:28:44.000Z</time></trkpt><trkpt lat="52.530710344612864" lon="13.400301302974281"><time>2023-07-11T11:28:45.000Z</time></trkpt><trkpt lat="52.530722690955464" lon="13.400290646494255"><time>2023-07-11T11:28:46.000Z</time></trkpt><trkpt lat="52.53073492534743" lon="13.400277781924354"><time>2023-07-11T11:28:47.000Z</time></trkpt><trkpt lat="52.53074705476078" lon="13.400262464853462"><time>2023-07-11T11:28:48.000Z</time></trkpt><trkpt lat="52.53075919044893" lon="13.400244787078991"><time>2023-07-11T11:28:49.000Z</time></trkpt><trkpt lat="52.530770996410595" lon="13.4002249311726"><time>2023-07-11T11:28:50.000Z</time></trkpt><trkpt lat="52.53078326262482" lon="13.400203183126393"><time>2023-07-11T11:28:51.000Z</time></trkpt><trkpt lat="52.53079634685559" lon="13.400179787351487"><time>2023-07-11T11:28:52.000Z</time></trkpt><trkpt lat="52.53081033112366" lon="13.400153893197349"><time>2023-07-11T11:28:53.000Z</time></trkpt><trkpt lat="52.530825224990664" lon="13.400126290252661"><time>2023-07-11T11:28:54.000Z</time></trkpt><trkpt lat="52.53084157805058" lon="13.400099623944397"><time>2023-07-11T11:28:55.000Z</time></trkpt><trkpt lat="52.53085957107776" lon="13.400074546512995"><time>2023-07-11T11:28:56.000Z</time></trkpt><trkpt lat="52.53087935103235" lon="13.400051567734879"><time>2023-07-11T11:28:57.000Z</time></trkpt><trkpt lat="52.530900624342685" lon="13.400031211751564"><time>2023-07-11T11:28:58.000Z</time></trkpt><trkpt lat="52.5309236279577" lon="13.400013766396832"><time>2023-07-11T11:28:59.000Z</time></trkpt><trkpt lat="52.530948226072496" lon="13.399999122766138"><time>2023-07-11T11:29:00.000Z</time></trkpt><trkpt lat="52.53097458975044" lon="13.399986833822878"><time>2023-07-11T11:29:01.000Z</time></trkpt><trkpt lat="52.53100176556852" lon="13.399976354635042"><time>2023-07-11T11:29:02.000Z</time></trkpt><trkpt lat="52.53102943605104" lon="13.399967311914994"><time>2023-07-11T11:29:03.000Z</time></trkpt><trkpt lat="52.53105731614221" lon="13.399959408415931"><time>2023-07-11T11:29:04.000Z</time></trkpt><trkpt lat="52.531084725373375" lon="13.399952553731936"><time>2023-07-11T11:29:05.000Z</time></trkpt><trkpt lat="52.531111564592536" lon="13.399946685778001"><time>2023-07-11T11:29:06.000Z</time></trkpt><trkpt lat="52.53113765725831" lon="13.399941612855928"><time>2023-07-11T11:29:07.000Z</time></trkpt><trkpt lat="52.53116258878481" lon="13.399937308486479"><time>2023-07-11T11:29:08.000Z</time></trkpt><trkpt lat="52.531186731278446" lon="13.399933889718517"><time>2023-07-11T11:29:09.000Z</time></trkpt><trkpt lat="52.531209731507055" lon="13.39993136531024"><time>2023-07-11T11:29:10.000Z</time></trkpt><trkpt lat="52.531231470149585" lon="13.399929797633137"><time>2023-07-11T11:29:11.000Z</time></trkpt><trkpt lat="52.53125206578009" lon="13.399928619614137"><time>2023-07-11T11:29:12.000Z</time></trkpt><trkpt lat="52.53127161745098" lon="13.399927284029367"><time>2023-07-11T11:29:13.000Z</time></trkpt><trkpt lat="52.53129008233416" lon="13.39992601924688"><time>2023-07-11T11:29:14.000Z</time></trkpt><trkpt lat="52.53130756645407" lon="13.399923555941381"><time>2023-07-11T11:29:15.000Z</time></trkpt><trkpt lat="52.53132464574892" lon="13.39991953392161"><time>2023-07-11T11:29:16.000Z</time></trkpt><trkpt lat="52.53134122664431" lon="13.399913479548951"><time>2023-07-11T11:29:17.000Z</time></trkpt><trkpt lat="52.53135747472559" lon="13.399905348336658"><time>2023-07-11T11:29:18.000Z</time></trkpt><trkpt lat="52.53137382713808" lon="13.399895465197623"><time>2023-07-11T11:29:19.000Z</time></trkpt><trkpt lat="52.53139001670424" lon="13.399883222460012"><time>2023-07-11T11:29:20.000Z</time></trkpt><trkpt lat="52.531405828984795" lon="13.399868268076876"><time>2023-07-11T11:29:21.000Z</time></trkpt><trkpt lat="52.53142137732479" lon="13.39985056820227"><time>2023-07-11T11:29:22.000Z</time></trkpt><trkpt lat="52.53143633374073" lon="13.399831102158613"><time>2023-07-11T11:29:23.000Z</time></trkpt><trkpt lat="52.53145085410694" lon="13.399810395110576"><time>2023-07-11T11:29:24.000Z</time></trkpt><trkpt lat="52.53146518553156" lon="13.399788563902383"><time>2023-07-11T11:29:25.000Z</time></trkpt><trkpt lat="52.53147942288377" lon="13.399767286998298"><time>2023-07-11T11:29:26.000Z</time></trkpt><trkpt lat="52.53149349992944" lon="13.399747324151814"><time>2023-07-11T11:29:27.000Z</time></trkpt><trkpt lat="52.531507376280686" lon="13.399729348925906"><time>2023-07-11T11:29:28.000Z</time></trkpt><trkpt lat="52.53152085806569" lon="13.39971347104365"><time>2023-07-11T11:29:29.000Z</time></trkpt><trkpt lat="52.53153354314861" lon="13.39969935433745"><time>2023-07-11T11:29:30.000Z</time></trkpt><trkpt lat="52.531545462604704" lon="13.399688344705469"><time>2023-07-11T11:29:31.000Z</time></trkpt><trkpt lat="52.53155625443701" lon="13.399678326469132"><time>2023-07-11T11:29:32.000Z</time></trkpt><trkpt lat="52.5315658627698" lon="13.399669574856961"><time>2023-07-11T11:29:33.000Z</time></trkpt><trkpt lat="52.53158600930298" lon="13.399658161242737"><time>2023-07-11T11:29:34.000Z</time></trkpt><trkpt lat="52.53159512854893" lon="13.399656807077486"><time>2023-07-11T11:29:35.000Z</time></trkpt><trkpt lat="52.531601950864605" lon="13.399667186610088"><time>2023-07-11T11:29:36.000Z</time></trkpt><trkpt lat="52.531601889510874" lon="13.39965146694842"><time>2023-07-11T11:29:37.000Z</time></trkpt><trkpt lat="52.531616596775514" lon="13.399649040387123"><time>2023-07-11T11:29:39.000Z</time></trkpt><trkpt lat="52.531616596775514" lon="13.399649040387123"><time>2023-07-11T11:29:40.000Z</time></trkpt></trkseg></trk></gpx>