<?xml version="1.0" encoding="UTF-8"?><gpx creator="Health" xsi:schemaLocation="http://www.topografix.com/GPX/1/0 http://www.topografix.com/GPX/1/0/gpx.xsd" version="1.0" xmlns="http://www.topografix.com/GPX/1/0" xmlns:xsi="http://www.w3.org/2001/XMLSchema-instance"><metadata><time>2023-07-13T14:50:32.000Z</time></metadata><trk><type>Ходьба на улице</type><extensions><totalTime>4504.0</totalTime><cumulativeDecrease>-0.10000000149011612</cumulativeDecrease><cumulativeClimb>-0.10000000149011612</cumulativeClimb><totalDistance>3070.0</totalDistance></extensions><trkseg><trkpt lat="52.542490393994576" lon="13.426489244911734"><time>2023-07-13T14:50:32.000Z</time></trkpt><trkpt lat="52.54250403862258" lon="13.426491751119118"><time>2023-07-13T14:50:33.000Z</time></trkpt><trkpt lat="52.5425191528322" lon="13.426503419655367"><time>2023-07-13T14:50:34.000Z</time></trkpt><trkpt lat="52.54253411132827" lon="13.426515104753133"><time>2023-07-13T14:50:35.000Z</time></trkpt><trkpt lat="52.542548536298106" lon="13.426523104732388"><time>2023-07-13T14:50:36.000Z</time></trkpt><trkpt lat="52.54256390798109" lon="13.426524165362235"><time>2023-07-13T14:50:37.000Z</time></trkpt><trkpt lat="52.542578538796334" lon="13.42653072736644"><time>2023-07-13T14:50:38.000Z</time></trkpt><trkpt lat="52.54259325865292" lon="13.42653757007134"><time>2023-07-13T14:50:39.000Z</time></trkpt><trkpt lat="52.54260790114358" lon="13.42654389322149"><time>2023-07-13T14:50:40.000Z</time></trkpt><trkpt lat="52.54262240162322" lon="13.42654964115667"><time>2023-07-13T14:50:41.000Z</time></trkpt><trkpt lat="52.54263674023733" lon="13.426555113849929"><time>2023-07-13T14:50:42.000Z</time></trkpt><trkpt lat="52.54265069638157" lon="13.426560622212003"><time>2023-07-13T14:50:43.000Z</time></trkpt><trkpt lat="52.54266416954183" lon="13.426566344171476"><time>2023-07-13T14:50:44.000Z</time></trkpt><trkpt lat="52.542677162405745" lon="13.426572372428955"><time>2023-07-13T14:50:45.000Z</time></trkpt><trkpt lat="52.54268972447463" lon="13.426578758700115"><time>2023-07-13T14:50:46.000Z</time></trkpt><trkpt lat="52.54270186354997" lon="13.426585296843223"><time>2023-07-13T14:50:47.000Z</time></trkpt><trkpt lat="52.54271361779733" lon="13.426591919273276"><time>2023-07-13T14:50:48.000Z</time></trkpt><trkpt lat="52.542724979878194" lon="13.42659869611819"><time>2023-07-13T14:50:49.000Z</time></trkpt><trkpt lat="52.54273590951828" lon="13.426605766220634"><time>2023-07-13T14:50:50.000Z</time></trkpt><trkpt lat="52.54274647297041" lon="13.426613157058075"><time>2023-07-13T14:50:51.000Z</time></trkpt><trkpt lat="52.542756835762354" lon="13.426620933225443"><time>2023-07-13T14:50:52.000Z</time></trkpt><trkpt lat="52.54276717163734" lon="13.426629119347028"><time>2023-07-13T14:50:53.000Z</time></trkpt><trkpt lat="52.54277745794099" lon="13.426637513393894"><time>2023-07-13T14:50:54.000Z</time></trkpt><trkpt lat="52.54278795987287" lon="13.42664591429733"><time>2023-07-13T14:50:55.000Z</time></trkpt><trkpt lat="52.542798797575735" lon="13.42665424565884"><time>2023-07-13T14:50:56.000Z</time></trkpt><trkpt lat="52.54281002474343" lon="13.426662440155063"><time>2023-07-13T14:50:57.000Z</time></trkpt><trkpt lat="52.54282168116938" lon="13.426670470051368"><time>2023-07-13T14:50:58.000Z</time></trkpt><trkpt lat="52.54283383629358" lon="13.426678294255673"><time>2023-07-13T14:50:59.000Z</time></trkpt><trkpt lat="52.54284651669529" lon="13.426685910647928"><time>2023-07-13T14:51:00.000Z</time></trkpt><trkpt lat="52.54285973292435" lon="13.426693290339442"><time>2023-07-13T14:51:01.000Z</time></trkpt><trkpt lat="52.54287346270766" lon="13.426700376311539"><time>2023-07-13T14:51:02.000Z</time></trkpt><trkpt lat="52.54288762066605" lon="13.426707115280264"><time>2023-07-13T14:51:03.000Z</time></trkpt><trkpt lat="52.54290177908199" lon="13.426713397495702"><time>2023-07-13T14:51:04.000Z</time></trkpt><trkpt lat="52.5429160838542" lon="13.426719351267462"><time>2023-07-13T14:51:05.000Z</time></trkpt><trkpt lat="52.542930288553116" lon="13.42672489598126"><time>2023-07-13T14:51:06.000Z</time></trkpt><trkpt lat="52.54294414336271" lon="13.42673003406805"><time>2023-07-13T14:51:07.000Z</time></trkpt><trkpt lat="52.54295743727994" lon="13.42673477216434"><time>2023-07-13T14:51:08.000Z</time></trkpt><trkpt lat="52.54297011771589" lon="13.42673904432857"><time>2023-07-13T14:51:09.000Z</time></trkpt><trkpt lat="52.54298194539349" lon="13.426742825736863"><time>2023-07-13T14:51:10.000Z</time></trkpt><trkpt lat="52.5429927839881" lon="13.426746221872161"><time>2023-07-13T14:51:11.000Z</time></trkpt><trkpt lat="52.54300253158688" lon="13.426749192183587"><time>2023-07-13T14:51:12.000Z</time></trkpt><trkpt lat="52.54301110139138" lon="13.42675182813644"><time>2023-07-13T14:51:13.000Z</time></trkpt><trkpt lat="52.54301834809423" lon="13.426754020363365"><time>2023-07-13T14:51:14.000Z</time></trkpt><trkpt lat="52.5430245170761" lon="13.426755754524288"><time>2023-07-13T14:51:15.000Z</time></trkpt><trkpt lat="52.54302956543731" lon="13.426756999019364"><time>2023-07-13T14:51:16.000Z</time></trkpt><trkpt lat="52.54303353964759" lon="13.426757872888585"><time>2023-07-13T14:51:17.000Z</time></trkpt><trkpt lat="52.54303658514504" lon="13.426758418571296"><time>2023-07-13T14:51:18.000Z</time></trkpt><trkpt lat="52.54303884606984" lon="13.426758729930482"><time>2023-07-13T14:51:19.000Z</time></trkpt><trkpt lat="52.54304040643165" lon="13.426758819415191"><time>2023-07-13T14:51:20.000Z</time></trkpt><trkpt lat="52.543041375532376" lon="13.426758541861624"><time>2023-07-13T14:51:21.000Z</time></trkpt><trkpt lat="52.54304186683221" lon="13.42675776619784"><time>2023-07-13T14:51:22.000Z</time></trkpt><trkpt lat="52.54304195642883" lon="13.426756577747774"><time>2023-07-13T14:51:23.000Z</time></trkpt><trkpt lat="52.54304174888689" lon="13.426754911924816"><time>2023-07-13T14:51:24.000Z</time></trkpt><trkpt lat="52.54304138858313" lon="13.426752895138584"><time>2023-07-13T14:51:25.000Z</time></trkpt><trkpt lat="52.54304095305318" lon="13.426750720527123"><time>2023-07-13T14:51:26.000Z</time></trkpt><trkpt lat="52.54304050759747" lon="13.426748478370955"><time>2023-07-13T14:51:27.000Z</time></trkpt><trkpt lat="52.54304010858034" lon="13.426746195065128"><time>2023-07-13T14:51:28.000Z</time></trkpt><trkpt lat="52.5430397724452" lon="13.42674389412337"><time>2023-07-13T14:51:29.000Z</time></trkpt><trkpt lat="52.54303949920447" lon="13.426741572226781"><time>2023-07-13T14:51:30.000Z</time></trkpt><trkpt lat="52.54303922455999" lon="13.426739308593774"><time>2023-07-13T14:51:31.000Z</time></trkpt><trkpt lat="52.543039044769166" lon="13.426737242779033"><time>2023-07-13T14:51:32.000Z</time></trkpt><trkpt lat="52.54303895466521" lon="13.42673539409713"><time>2023-07-13T14:51:33.000Z</time></trkpt><trkpt lat="52.54303898431806" lon="13.42673366823472"><time>2023-07-13T14:51:34.000Z</time></trkpt><trkpt lat="52.54303910499616" lon="13.426732034799748"><time>2023-07-13T14:51:35.000Z</time></trkpt><trkpt lat="52.54303928788394" lon="13.426730550088003"><time>2023-07-13T14:51:36.000Z</time></trkpt><trkpt lat="52.54303955726828" lon="13.42672918711845"><time>2023-07-13T14:51:37.000Z</time></trkpt><trkpt lat="52.543039878064995" lon="13.426727926397394"><time>2023-07-13T14:51:38.000Z</time></trkpt><trkpt lat="52.54304020605161" lon="13.426726788076168"><time>2023-07-13T14:51:39.000Z</time></trkpt><trkpt lat="52.54304053264693" lon="13.426725770332835"><time>2023-07-13T14:51:40.000Z</time></trkpt><trkpt lat="52.54304084860992" lon="13.426724831795111"><time>2023-07-13T14:51:41.000Z</time></trkpt><trkpt lat="52.54304113911262" lon="13.426723946559258"><time>2023-07-13T14:51:42.000Z</time></trkpt><trkpt lat="52.543041452551364" lon="13.426723089092581"><time>2023-07-13T14:51:43.000Z</time></trkpt><trkpt lat="52.54304197062498" lon="13.426721926292924"><time>2023-07-13T14:51:44.000Z</time></trkpt><trkpt lat="52.54304284157279" lon="13.426720100124216"><time>2023-07-13T14:51:45.000Z</time></trkpt><trkpt lat="52.543044170827876" lon="13.426717245519818"><time>2023-07-13T14:51:46.000Z</time></trkpt><trkpt lat="52.5430460134847" lon="13.42671308340489"><time>2023-07-13T14:51:47.000Z</time></trkpt><trkpt lat="52.543048320076196" lon="13.426707348532888"><time>2023-07-13T14:51:48.000Z</time></trkpt><trkpt lat="52.54305101035882" lon="13.426699844262645"><time>2023-07-13T14:51:49.000Z</time></trkpt><trkpt lat="52.54305400559553" lon="13.426690900688321"><time>2023-07-13T14:51:50.000Z</time></trkpt><trkpt lat="52.54305726551045" lon="13.426680289260553"><time>2023-07-13T14:51:51.000Z</time></trkpt><trkpt lat="52.54306073170674" lon="13.426667961559206"><time>2023-07-13T14:51:52.000Z</time></trkpt><trkpt lat="52.54306445402187" lon="13.426653947953936"><time>2023-07-13T14:51:53.000Z</time></trkpt><trkpt lat="52.54306843425797" lon="13.42663833080548"><time>2023-07-13T14:51:54.000Z</time></trkpt><trkpt lat="52.543072486679314" lon="13.426621483739996"><time>2023-07-13T14:51:55.000Z</time></trkpt><trkpt lat="52.54307639959813" lon="13.426603780956206"><time>2023-07-13T14:51:56.000Z</time></trkpt><trkpt lat="52.54308006609356" lon="13.426585566515707"><time>2023-07-13T14:51:57.000Z</time></trkpt><trkpt lat="52.54308340029467" lon="13.426567076929944"><time>2023-07-13T14:51:58.000Z</time></trkpt><trkpt lat="52.54308642502235" lon="13.426548500064222"><time>2023-07-13T14:51:59.000Z</time></trkpt><trkpt lat="52.54308925079863" lon="13.42653002171612"><time>2023-07-13T14:52:00.000Z</time></trkpt><trkpt lat="52.54309204064412" lon="13.42651133592861"><time>2023-07-13T14:52:01.000Z</time></trkpt><trkpt lat="52.54309493240553" lon="13.426492645800568"><time>2023-07-13T14:52:02.000Z</time></trkpt><trkpt lat="52.543098126073865" lon="13.426473974483635"><time>2023-07-13T14:52:03.000Z</time></trkpt><trkpt lat="52.543101603621466" lon="13.42645547464174"><time>2023-07-13T14:52:04.000Z</time></trkpt><trkpt lat="52.54310541020459" lon="13.426437164824987"><time>2023-07-13T14:52:05.000Z</time></trkpt><trkpt lat="52.54310960896355" lon="13.426419251137355"><time>2023-07-13T14:52:06.000Z</time></trkpt><trkpt lat="52.54311426704756" lon="13.426402176176943"><time>2023-07-13T14:52:07.000Z</time></trkpt><trkpt lat="52.543119443033994" lon="13.426386337069884"><time>2023-07-13T14:52:08.000Z</time></trkpt><trkpt lat="52.54312520755186" lon="13.42637198237735"><time>2023-07-13T14:52:09.000Z</time></trkpt><trkpt lat="52.54313167498576" lon="13.426359536899787"><time>2023-07-13T14:52:10.000Z</time></trkpt><trkpt lat="52.54313892436846" lon="13.426349093699493"><time>2023-07-13T14:52:11.000Z</time></trkpt><trkpt lat="52.54314694898319" lon="13.42634057322253"><time>2023-07-13T14:52:12.000Z</time></trkpt><trkpt lat="52.54315570319438" lon="13.426334091394398"><time>2023-07-13T14:52:13.000Z</time></trkpt><trkpt lat="52.54316491264699" lon="13.426329658320823"><time>2023-07-13T14:52:14.000Z</time></trkpt><trkpt lat="52.54317459513215" lon="13.426327175354324"><time>2023-07-13T14:52:15.000Z</time></trkpt><trkpt lat="52.543184632965946" lon="13.426326621541989"><time>2023-07-13T14:52:16.000Z</time></trkpt><trkpt lat="52.54319492207863" lon="13.426327900487525"><time>2023-07-13T14:52:17.000Z</time></trkpt><trkpt lat="52.54320539426272" lon="13.426330588534453"><time>2023-07-13T14:52:18.000Z</time></trkpt><trkpt lat="52.54321593035281" lon="13.426334372352587"><time>2023-07-13T14:52:19.000Z</time></trkpt><trkpt lat="52.543226484289995" lon="13.426339012466064"><time>2023-07-13T14:52:20.000Z</time></trkpt><trkpt lat="52.54323694185777" lon="13.426344067711689"><time>2023-07-13T14:52:21.000Z</time></trkpt><trkpt lat="52.54324725381002" lon="13.42634927207525"><time>2023-07-13T14:52:22.000Z</time></trkpt><trkpt lat="52.54325730332195" lon="13.426354707012269"><time>2023-07-13T14:52:23.000Z</time></trkpt><trkpt lat="52.543267043139465" lon="13.42636029281623"><time>2023-07-13T14:52:24.000Z</time></trkpt><trkpt lat="52.54327666700367" lon="13.426365971141676"><time>2023-07-13T14:52:25.000Z</time></trkpt><trkpt lat="52.54328609823483" lon="13.426371742488227"><time>2023-07-13T14:52:26.000Z</time></trkpt><trkpt lat="52.543295358153635" lon="13.426377599608442"><time>2023-07-13T14:52:27.000Z</time></trkpt><trkpt lat="52.54330454077645" lon="13.42638332550766"><time>2023-07-13T14:52:28.000Z</time></trkpt><trkpt lat="52.54331368609276" lon="13.426388916024477"><time>2023-07-13T14:52:29.000Z</time></trkpt><trkpt lat="52.54332276650086" lon="13.426394618162398"><time>2023-07-13T14:52:30.000Z</time></trkpt><trkpt lat="52.543331758881045" lon="13.426400415158714"><time>2023-07-13T14:52:31.000Z</time></trkpt><trkpt lat="52.54334064914611" lon="13.426406275794857"><time>2023-07-13T14:52:32.000Z</time></trkpt><trkpt lat="52.54334947823176" lon="13.426412350060387"><time>2023-07-13T14:52:33.000Z</time></trkpt><trkpt lat="52.54335838742709" lon="13.426418654639646"><time>2023-07-13T14:52:34.000Z</time></trkpt><trkpt lat="52.54336748096996" lon="13.42642508058046"><time>2023-07-13T14:52:35.000Z</time></trkpt><trkpt lat="52.54337682594112" lon="13.42643155692831"><time>2023-07-13T14:52:36.000Z</time></trkpt><trkpt lat="52.54338649532883" lon="13.426438120336114"><time>2023-07-13T14:52:37.000Z</time></trkpt><trkpt lat="52.54339647184003" lon="13.426444995593851"><time>2023-07-13T14:52:38.000Z</time></trkpt><trkpt lat="52.5434067196622" lon="13.426452337045175"><time>2023-07-13T14:52:39.000Z</time></trkpt><trkpt lat="52.543417270430865" lon="13.426460158739841"><time>2023-07-13T14:52:40.000Z</time></trkpt><trkpt lat="52.54342805316842" lon="13.426468042086384"><time>2023-07-13T14:52:41.000Z</time></trkpt><trkpt lat="52.54343914613573" lon="13.426476228729344"><time>2023-07-13T14:52:42.000Z</time></trkpt><trkpt lat="52.54345065024649" lon="13.426484701008798"><time>2023-07-13T14:52:43.000Z</time></trkpt><trkpt lat="52.543462530092825" lon="13.42649345128419"><time>2023-07-13T14:52:44.000Z</time></trkpt><trkpt lat="52.54347479255337" lon="13.426502374490633"><time>2023-07-13T14:52:45.000Z</time></trkpt><trkpt lat="52.54348740083208" lon="13.426511544356417"><time>2023-07-13T14:52:46.000Z</time></trkpt><trkpt lat="52.54350027516162" lon="13.426521259814791"><time>2023-07-13T14:52:47.000Z</time></trkpt><trkpt lat="52.54351341844909" lon="13.426531532583716"><time>2023-07-13T14:52:48.000Z</time></trkpt><trkpt lat="52.54352691699183" lon="13.426542162260155"><time>2023-07-13T14:52:49.000Z</time></trkpt><trkpt lat="52.54354072560871" lon="13.426553269042206"><time>2023-07-13T14:52:50.000Z</time></trkpt><trkpt lat="52.54355459692392" lon="13.426564649966172"><time>2023-07-13T14:52:51.000Z</time></trkpt><trkpt lat="52.54356882778343" lon="13.426576392862756"><time>2023-07-13T14:52:52.000Z</time></trkpt><trkpt lat="52.54358345682593" lon="13.426588165463363"><time>2023-07-13T14:52:53.000Z</time></trkpt><trkpt lat="52.54359842567323" lon="13.426599810326275"><time>2023-07-13T14:52:54.000Z</time></trkpt><trkpt lat="52.54361370080362" lon="13.426610870237608"><time>2023-07-13T14:52:55.000Z</time></trkpt><trkpt lat="52.543629139359275" lon="13.426621234644596"><time>2023-07-13T14:52:56.000Z</time></trkpt><trkpt lat="52.543644626949366" lon="13.426630675769376"><time>2023-07-13T14:52:57.000Z</time></trkpt><trkpt lat="52.54366006371845" lon="13.426639087244904"><time>2023-07-13T14:52:58.000Z</time></trkpt><trkpt lat="52.54367533287282" lon="13.426646690650745"><time>2023-07-13T14:52:59.000Z</time></trkpt><trkpt lat="52.54369016734699" lon="13.426653600672932"><time>2023-07-13T14:53:00.000Z</time></trkpt><trkpt lat="52.54370458475771" lon="13.42665993289694"><time>2023-07-13T14:53:01.000Z</time></trkpt><trkpt lat="52.54371873794775" lon="13.426666019560015"><time>2023-07-13T14:53:02.000Z</time></trkpt><trkpt lat="52.54373251336663" lon="13.426671869744974"><time>2023-07-13T14:53:03.000Z</time></trkpt><trkpt lat="52.543745878992894" lon="13.426677558151203"><time>2023-07-13T14:53:04.000Z</time></trkpt><trkpt lat="52.54375885631528" lon="13.426683234096869"><time>2023-07-13T14:53:05.000Z</time></trkpt><trkpt lat="52.54377144661615" lon="13.426689387795431"><time>2023-07-13T14:53:06.000Z</time></trkpt><trkpt lat="52.54378375130097" lon="13.426696273220195"><time>2023-07-13T14:53:07.000Z</time></trkpt><trkpt lat="52.54379571801737" lon="13.426704124543715"><time>2023-07-13T14:53:08.000Z</time></trkpt><trkpt lat="52.5438073445368" lon="13.42671284988743"><time>2023-07-13T14:53:09.000Z</time></trkpt><trkpt lat="52.54381866920534" lon="13.42672209201749"><time>2023-07-13T14:53:10.000Z</time></trkpt><trkpt lat="52.54382979721325" lon="13.4267318006963"><time>2023-07-13T14:53:11.000Z</time></trkpt><trkpt lat="52.54384075054729" lon="13.426741672815844"><time>2023-07-13T14:53:12.000Z</time></trkpt><trkpt lat="52.54385141292421" lon="13.426751373710482"><time>2023-07-13T14:53:13.000Z</time></trkpt><trkpt lat="52.54386184668131" lon="13.426760925793614"><time>2023-07-13T14:53:14.000Z</time></trkpt><trkpt lat="52.54387205918898" lon="13.426770355002237"><time>2023-07-13T14:53:15.000Z</time></trkpt><trkpt lat="52.54388201867476" lon="13.426779738805754"><time>2023-07-13T14:53:16.000Z</time></trkpt><trkpt lat="52.543891730280514" lon="13.426789076830563"><time>2023-07-13T14:53:17.000Z</time></trkpt><trkpt lat="52.54390121349054" lon="13.42679814416477"><time>2023-07-13T14:53:18.000Z</time></trkpt><trkpt lat="52.54391043597211" lon="13.426807124171425"><time>2023-07-13T14:53:19.000Z</time></trkpt><trkpt lat="52.54391940032728" lon="13.42681605162852"><time>2023-07-13T14:53:20.000Z</time></trkpt><trkpt lat="52.54392814347038" lon="13.426824979042117"><time>2023-07-13T14:53:21.000Z</time></trkpt><trkpt lat="52.54393653898385" lon="13.426833537329372"><time>2023-07-13T14:53:22.000Z</time></trkpt><trkpt lat="52.5439444760749" lon="13.42684120867399"><time>2023-07-13T14:53:23.000Z</time></trkpt><trkpt lat="52.54395197624472" lon="13.426848112328354"><time>2023-07-13T14:53:24.000Z</time></trkpt><trkpt lat="52.54395887848957" lon="13.426854268436118"><time>2023-07-13T14:53:25.000Z</time></trkpt><trkpt lat="52.54396508545024" lon="13.4268596708636"><time>2023-07-13T14:53:26.000Z</time></trkpt><trkpt lat="52.54397053085525" lon="13.426864356548514"><time>2023-07-13T14:53:27.000Z</time></trkpt><trkpt lat="52.54397509982819" lon="13.42686824955296"><time>2023-07-13T14:53:28.000Z</time></trkpt><trkpt lat="52.54397874827109" lon="13.426871490846702"><time>2023-07-13T14:53:29.000Z</time></trkpt><trkpt lat="52.54398132181605" lon="13.42687396068605"><time>2023-07-13T14:53:30.000Z</time></trkpt><trkpt lat="52.54398257593211" lon="13.426875879878423"><time>2023-07-13T14:53:31.000Z</time></trkpt><trkpt lat="52.54398238934357" lon="13.426877231023303"><time>2023-07-13T14:53:32.000Z</time></trkpt><trkpt lat="52.543981202171295" lon="13.426878197232964"><time>2023-07-13T14:53:33.000Z</time></trkpt><trkpt lat="52.543978856760624" lon="13.426879408843627"><time>2023-07-13T14:53:34.000Z</time></trkpt><trkpt lat="52.54397573098229" lon="13.426880841745339"><time>2023-07-13T14:53:35.000Z</time></trkpt><trkpt lat="52.543971913306194" lon="13.426882304836942"><time>2023-07-13T14:53:36.000Z</time></trkpt><trkpt lat="52.54396762130899" lon="13.426883792066644"><time>2023-07-13T14:53:37.000Z</time></trkpt><trkpt lat="52.543963127185606" lon="13.426884386202113"><time>2023-07-13T14:53:38.000Z</time></trkpt><trkpt lat="52.543958578257204" lon="13.42688440039377"><time>2023-07-13T14:53:39.000Z</time></trkpt><trkpt lat="52.54395338139207" lon="13.426883243387463"><time>2023-07-13T14:53:40.000Z</time></trkpt><trkpt lat="52.543948022440055" lon="13.426881198668287"><time>2023-07-13T14:53:42.000Z</time></trkpt><trkpt lat="52.54394264788816" lon="13.426878139043597"><time>2023-07-13T14:53:43.000Z</time></trkpt><trkpt lat="52.543938313423844" lon="13.426883387607019"><time>2023-07-13T14:53:44.000Z</time></trkpt><trkpt lat="52.54393724644413" lon="13.426876682666535"><time>2023-07-13T14:53:45.000Z</time></trkpt><trkpt lat="52.54392987550558" lon="13.426863796026739"><time>2023-07-13T14:53:46.000Z</time></trkpt><trkpt lat="52.54392471576644" lon="13.426854775387326"><time>2023-07-13T14:53:47.000Z</time></trkpt><trkpt lat="52.54391787934488" lon="13.426846461794812"><time>2023-07-13T14:53:48.000Z</time></trkpt><trkpt lat="52.54409328451319" lon="13.427039154661703"><time>2023-07-13T15:15:52.000Z</time></trkpt><trkpt lat="52.54410191448069" lon="13.427046124979869"><time>2023-07-13T15:15:53.000Z</time></trkpt><trkpt lat="52.544114133305456" lon="13.427039943515716"><time>2023-07-13T15:15:54.000Z</time></trkpt><trkpt lat="52.544128782535665" lon="13.427037949414867"><time>2023-07-13T15:15:55.000Z</time></trkpt><trkpt lat="52.544145637855316" lon="13.427036946583693"><time>2023-07-13T15:15:56.000Z</time></trkpt><trkpt lat="52.54415976543473" lon="13.42704455536765"><time>2023-07-13T15:15:57.000Z</time></trkpt><trkpt lat="52.54417331015481" lon="13.427046161320417"><time>2023-07-13T15:15:58.000Z</time></trkpt><trkpt lat="52.544187158103654" lon="13.4270467252051"><time>2023-07-13T15:15:59.000Z</time></trkpt><trkpt lat="52.54420095224659" lon="13.427047560849182"><time>2023-07-13T15:16:00.000Z</time></trkpt><trkpt lat="52.54421441597829" lon="13.427048634233616"><time>2023-07-13T15:16:01.000Z</time></trkpt><trkpt lat="52.544227239896124" lon="13.427050380825248"><time>2023-07-13T15:16:02.000Z</time></trkpt><trkpt lat="52.544239665037274" lon="13.427052565756856"><time>2023-07-13T15:16:03.000Z</time></trkpt><trkpt lat="52.544251692721446" lon="13.427054733787662"><time>2023-07-13T15:16:04.000Z</time></trkpt><trkpt lat="52.54426306710215" lon="13.427056584476441"><time>2023-07-13T15:16:05.000Z</time></trkpt><trkpt lat="52.5442738479722" lon="13.427058033820764"><time>2023-07-13T15:16:06.000Z</time></trkpt><trkpt lat="52.54428399598251" lon="13.427058888058314"><time>2023-07-13T15:16:07.000Z</time></trkpt><trkpt lat="52.544293622674424" lon="13.427059362644451"><time>2023-07-13T15:16:08.000Z</time></trkpt><trkpt lat="52.54430276194625" lon="13.427060012192635"><time>2023-07-13T15:16:09.000Z</time></trkpt><trkpt lat="52.54431154856484" lon="13.427061200590417"><time>2023-07-13T15:16:10.000Z</time></trkpt><trkpt lat="52.54432007246454" lon="13.427062926004679"><time>2023-07-13T15:16:11.000Z</time></trkpt><trkpt lat="52.54432844326314" lon="13.427064846853794"><time>2023-07-13T15:16:12.000Z</time></trkpt><trkpt lat="52.54433656949498" lon="13.427066373167763"><time>2023-07-13T15:16:13.000Z</time></trkpt><trkpt lat="52.54434447237647" lon="13.4270679820874"><time>2023-07-13T15:16:14.000Z</time></trkpt><trkpt lat="52.544352192241014" lon="13.42706966132667"><time>2023-07-13T15:16:15.000Z</time></trkpt><trkpt lat="52.54436013109375" lon="13.427071343685668"><time>2023-07-13T15:16:16.000Z</time></trkpt><trkpt lat="52.54436833855268" lon="13.427072896405228"><time>2023-07-13T15:16:17.000Z</time></trkpt><trkpt lat="52.54437682229014" lon="13.42707489351467"><time>2023-07-13T15:16:18.000Z</time></trkpt><trkpt lat="52.544385497115286" lon="13.427077225979552"><time>2023-07-13T15:16:19.000Z</time></trkpt><trkpt lat="52.544394327252945" lon="13.427079491520743"><time>2023-07-13T15:16:20.000Z</time></trkpt><trkpt lat="52.54440325488677" lon="13.427081620778397"><time>2023-07-13T15:16:21.000Z</time></trkpt><trkpt lat="52.54441222538292" lon="13.427083733181895"><time>2023-07-13T15:16:22.000Z</time></trkpt><trkpt lat="52.544421196657204" lon="13.42708585885792"><time>2023-07-13T15:16:23.000Z</time></trkpt><trkpt lat="52.54443038205637" lon="13.427088110117067"><time>2023-07-13T15:16:24.000Z</time></trkpt><trkpt lat="52.54443980239376" lon="13.42709027074571"><time>2023-07-13T15:16:25.000Z</time></trkpt><trkpt lat="52.54444944074668" lon="13.427092152305198"><time>2023-07-13T15:16:26.000Z</time></trkpt><trkpt lat="52.54445914622702" lon="13.427093765057084"><time>2023-07-13T15:16:27.000Z</time></trkpt><trkpt lat="52.544468859610014" lon="13.42709510027553"><time>2023-07-13T15:16:28.000Z</time></trkpt><trkpt lat="52.54447842195864" lon="13.427096237240953"><time>2023-07-13T15:16:29.000Z</time></trkpt><trkpt lat="52.544488126436754" lon="13.427097177537688"><time>2023-07-13T15:16:30.000Z</time></trkpt><trkpt lat="52.54449795553653" lon="13.42709812996276"><time>2023-07-13T15:16:31.000Z</time></trkpt><trkpt lat="52.54450793442568" lon="13.427099308206946"><time>2023-07-13T15:16:32.000Z</time></trkpt><trkpt lat="52.544518078417745" lon="13.427100565290761"><time>2023-07-13T15:16:33.000Z</time></trkpt><trkpt lat="52.544528426493756" lon="13.427101826723584"><time>2023-07-13T15:16:34.000Z</time></trkpt><trkpt lat="52.54453899739723" lon="13.427103036352195"><time>2023-07-13T15:16:35.000Z</time></trkpt><trkpt lat="52.544549846770444" lon="13.427104138748208"><time>2023-07-13T15:16:36.000Z</time></trkpt><trkpt lat="52.54456092395735" lon="13.42710527049265"><time>2023-07-13T15:16:37.000Z</time></trkpt><trkpt lat="52.54457200700511" lon="13.427106540488495"><time>2023-07-13T15:16:38.000Z</time></trkpt><trkpt lat="52.54458307942987" lon="13.42710808992103"><time>2023-07-13T15:16:39.000Z</time></trkpt><trkpt lat="52.544594184405234" lon="13.427109903651905"><time>2023-07-13T15:16:40.000Z</time></trkpt><trkpt lat="52.54460522305931" lon="13.42711210792062"><time>2023-07-13T15:16:41.000Z</time></trkpt><trkpt lat="52.54461612749588" lon="13.427114724103063"><time>2023-07-13T15:16:42.000Z</time></trkpt><trkpt lat="52.54462671732338" lon="13.427117512148618"><time>2023-07-13T15:16:43.000Z</time></trkpt><trkpt lat="52.54463699042533" lon="13.427120558043855"><time>2023-07-13T15:16:44.000Z</time></trkpt><trkpt lat="52.54464690841518" lon="13.427123918970066"><time>2023-07-13T15:16:45.000Z</time></trkpt><trkpt lat="52.5446564439122" lon="13.427127601493622"><time>2023-07-13T15:16:46.000Z</time></trkpt><trkpt lat="52.54466553248751" lon="13.427131554118029"><time>2023-07-13T15:16:47.000Z</time></trkpt><trkpt lat="52.54467432846541" lon="13.427135710787416"><time>2023-07-13T15:16:48.000Z</time></trkpt><trkpt lat="52.54468320253921" lon="13.427139956286418"><time>2023-07-13T15:16:49.000Z</time></trkpt><trkpt lat="52.544692098244944" lon="13.427144200446424"><time>2023-07-13T15:16:50.000Z</time></trkpt><trkpt lat="52.5447013023814" lon="13.427148180935683"><time>2023-07-13T15:16:51.000Z</time></trkpt><trkpt lat="52.54471094912874" lon="13.427151720471784"><time>2023-07-13T15:16:52.000Z</time></trkpt><trkpt lat="52.544720866215954" lon="13.427154696194373"><time>2023-07-13T15:16:53.000Z</time></trkpt><trkpt lat="52.54473127332376" lon="13.427156919565954"><time>2023-07-13T15:16:54.000Z</time></trkpt><trkpt lat="52.544741900772145" lon="13.427158319809319"><time>2023-07-13T15:16:55.000Z</time></trkpt><trkpt lat="52.54475270124477" lon="13.427159282619415"><time>2023-07-13T15:16:56.000Z</time></trkpt><trkpt lat="52.54476353253744" lon="13.427160158889558"><time>2023-07-13T15:16:57.000Z</time></trkpt><trkpt lat="52.54477428279288" lon="13.42716137401232"><time>2023-07-13T15:16:58.000Z</time></trkpt><trkpt lat="52.54478467072142" lon="13.427162923042454"><time>2023-07-13T15:16:59.000Z</time></trkpt><trkpt lat="52.54479456183788" lon="13.427164851696334"><time>2023-07-13T15:17:00.000Z</time></trkpt><trkpt lat="52.54480419581151" lon="13.427166924807807"><time>2023-07-13T15:17:01.000Z</time></trkpt><trkpt lat="52.54481345245596" lon="13.42716904755091"><time>2023-07-13T15:17:02.000Z</time></trkpt><trkpt lat="52.54482233896735" lon="13.427171181443537"><time>2023-07-13T15:17:03.000Z</time></trkpt><trkpt lat="52.54483096504286" lon="13.427173350497975"><time>2023-07-13T15:17:04.000Z</time></trkpt><trkpt lat="52.54483936164571" lon="13.427175886864854"><time>2023-07-13T15:17:05.000Z</time></trkpt><trkpt lat="52.544847780042325" lon="13.427178796363318"><time>2023-07-13T15:17:06.000Z</time></trkpt><trkpt lat="52.54485621444344" lon="13.427181769415597"><time>2023-07-13T15:17:07.000Z</time></trkpt><trkpt lat="52.544864782906444" lon="13.427184492812726"><time>2023-07-13T15:17:08.000Z</time></trkpt><trkpt lat="52.54487355689449" lon="13.427186747308035"><time>2023-07-13T15:17:09.000Z</time></trkpt><trkpt lat="52.54488268135078" lon="13.427188810659516"><time>2023-07-13T15:17:10.000Z</time></trkpt><trkpt lat="52.5448921513451" lon="13.427190940690622"><time>2023-07-13T15:17:11.000Z</time></trkpt><trkpt lat="52.54490163007934" lon="13.427193307267174"><time>2023-07-13T15:17:12.000Z</time></trkpt><trkpt lat="52.544911100154586" lon="13.427196466996564"><time>2023-07-13T15:17:13.000Z</time></trkpt><trkpt lat="52.544920520442176" lon="13.427200498681636"><time>2023-07-13T15:17:14.000Z</time></trkpt><trkpt lat="52.54493001078607" lon="13.427205264812459"><time>2023-07-13T15:17:15.000Z</time></trkpt><trkpt lat="52.54493946322586" lon="13.42721057560914"><time>2023-07-13T15:17:16.000Z</time></trkpt><trkpt lat="52.54494891132058" lon="13.427216174745242"><time>2023-07-13T15:17:17.000Z</time></trkpt><trkpt lat="52.544958401714275" lon="13.427221949316806"><time>2023-07-13T15:17:18.000Z</time></trkpt><trkpt lat="52.54496776377932" lon="13.42722778239074"><time>2023-07-13T15:17:19.000Z</time></trkpt><trkpt lat="52.54497704166351" lon="13.427233613884498"><time>2023-07-13T15:17:20.000Z</time></trkpt><trkpt lat="52.54498624329751" lon="13.427239286427813"><time>2023-07-13T15:17:21.000Z</time></trkpt><trkpt lat="52.54499535867772" lon="13.427244673684585"><time>2023-07-13T15:17:22.000Z</time></trkpt><trkpt lat="52.545004581900066" lon="13.427249877580703"><time>2023-07-13T15:17:23.000Z</time></trkpt><trkpt lat="52.54501375220357" lon="13.427254608607285"><time>2023-07-13T15:17:24.000Z</time></trkpt><trkpt lat="52.545022888586985" lon="13.427258992603992"><time>2023-07-13T15:17:25.000Z</time></trkpt><trkpt lat="52.545031979826604" lon="13.427263196589763"><time>2023-07-13T15:17:26.000Z</time></trkpt><trkpt lat="52.545041009805864" lon="13.427267336462574"><time>2023-07-13T15:17:27.000Z</time></trkpt><trkpt lat="52.54504993079137" lon="13.427271580290551"><time>2023-07-13T15:17:28.000Z</time></trkpt><trkpt lat="52.54505868124886" lon="13.427275976067573"><time>2023-07-13T15:17:29.000Z</time></trkpt><trkpt lat="52.54506743016256" lon="13.427280579095987"><time>2023-07-13T15:17:30.000Z</time></trkpt><trkpt lat="52.54507606598644" lon="13.4272852852914"><time>2023-07-13T15:17:31.000Z</time></trkpt><trkpt lat="52.545084577627534" lon="13.427290159263215"><time>2023-07-13T15:17:32.000Z</time></trkpt><trkpt lat="52.54509291923861" lon="13.427295179059128"><time>2023-07-13T15:17:33.000Z</time></trkpt><trkpt lat="52.54510111176062" lon="13.4273003405694"><time>2023-07-13T15:17:34.000Z</time></trkpt><trkpt lat="52.54510930499851" lon="13.427305789984059"><time>2023-07-13T15:17:35.000Z</time></trkpt><trkpt lat="52.545117512939875" lon="13.427311414303192"><time>2023-07-13T15:17:36.000Z</time></trkpt><trkpt lat="52.54512566290146" lon="13.42731706482639"><time>2023-07-13T15:17:37.000Z</time></trkpt><trkpt lat="52.54513393228372" lon="13.427322405483938"><time>2023-07-13T15:17:38.000Z</time></trkpt><trkpt lat="52.54514242280334" lon="13.42732747465814"><time>2023-07-13T15:17:39.000Z</time></trkpt><trkpt lat="52.545151275052255" lon="13.427332255221666"><time>2023-07-13T15:17:40.000Z</time></trkpt><trkpt lat="52.54516057567019" lon="13.427336884216164"><time>2023-07-13T15:17:41.000Z</time></trkpt><trkpt lat="52.545170457859975" lon="13.427341541748525"><time>2023-07-13T15:17:42.000Z</time></trkpt><trkpt lat="52.545180752263924" lon="13.427346111845287"><time>2023-07-13T15:17:43.000Z</time></trkpt><trkpt lat="52.5451915781844" lon="13.427350782039538"><time>2023-07-13T15:17:44.000Z</time></trkpt><trkpt lat="52.54520296279981" lon="13.427355472728747"><time>2023-07-13T15:17:45.000Z</time></trkpt><trkpt lat="52.545214932485536" lon="13.427359898769675"><time>2023-07-13T15:17:46.000Z</time></trkpt><trkpt lat="52.54522742897546" lon="13.427363990698511"><time>2023-07-13T15:17:47.000Z</time></trkpt><trkpt lat="52.54524052535123" lon="13.427367778688318"><time>2023-07-13T15:17:48.000Z</time></trkpt><trkpt lat="52.54525382765666" lon="13.427371510011831"><time>2023-07-13T15:17:49.000Z</time></trkpt><trkpt lat="52.545267288482044" lon="13.427375070944935"><time>2023-07-13T15:17:50.000Z</time></trkpt><trkpt lat="52.545280790342716" lon="13.427378660369842"><time>2023-07-13T15:17:51.000Z</time></trkpt><trkpt lat="52.54529416887965" lon="13.42738235199573"><time>2023-07-13T15:17:52.000Z</time></trkpt><trkpt lat="52.54530721084259" lon="13.427386081863176"><time>2023-07-13T15:17:53.000Z</time></trkpt><trkpt lat="52.5453200378558" lon="13.427390064487275"><time>2023-07-13T15:17:54.000Z</time></trkpt><trkpt lat="52.545332691950605" lon="13.427394227878493"><time>2023-07-13T15:17:55.000Z</time></trkpt><trkpt lat="52.545345030872994" lon="13.42739860362501"><time>2023-07-13T15:17:56.000Z</time></trkpt><trkpt lat="52.54535713348142" lon="13.427403398879704"><time>2023-07-13T15:17:57.000Z</time></trkpt><trkpt lat="52.54536901177773" lon="13.427408701566945"><time>2023-07-13T15:17:58.000Z</time></trkpt><trkpt lat="52.54538066672057" lon="13.427414464237922"><time>2023-07-13T15:17:59.000Z</time></trkpt><trkpt lat="52.54539229688783" lon="13.427420626613042"><time>2023-07-13T15:18:00.000Z</time></trkpt><trkpt lat="52.545403788436516" lon="13.427427243040158"><time>2023-07-13T15:18:01.000Z</time></trkpt><trkpt lat="52.54541496496219" lon="13.427433985564107"><time>2023-07-13T15:18:02.000Z</time></trkpt><trkpt lat="52.54542589408094" lon="13.427440540818544"><time>2023-07-13T15:18:03.000Z</time></trkpt><trkpt lat="52.545436672915415" lon="13.427446840823876"><time>2023-07-13T15:18:04.000Z</time></trkpt><trkpt lat="52.545447338056256" lon="13.427452742929148"><time>2023-07-13T15:18:05.000Z</time></trkpt><trkpt lat="52.545457935829994" lon="13.427458105092455"><time>2023-07-13T15:18:06.000Z</time></trkpt><trkpt lat="52.54546848811133" lon="13.427462970604246"><time>2023-07-13T15:18:07.000Z</time></trkpt><trkpt lat="52.54547898771661" lon="13.42746744120488"><time>2023-07-13T15:18:08.000Z</time></trkpt><trkpt lat="52.5454894895629" lon="13.427471582918885"><time>2023-07-13T15:18:09.000Z</time></trkpt><trkpt lat="52.54550004861705" lon="13.42747549013464"><time>2023-07-13T15:18:10.000Z</time></trkpt><trkpt lat="52.54551076929745" lon="13.42747914655905"><time>2023-07-13T15:18:11.000Z</time></trkpt><trkpt lat="52.54552181701515" lon="13.427482314034505"><time>2023-07-13T15:18:12.000Z</time></trkpt><trkpt lat="52.545533213980995" lon="13.427485096568633"><time>2023-07-13T15:18:13.000Z</time></trkpt><trkpt lat="52.54554513308849" lon="13.427487254844605"><time>2023-07-13T15:18:14.000Z</time></trkpt><trkpt lat="52.54555772615326" lon="13.42748865655235"><time>2023-07-13T15:18:15.000Z</time></trkpt><trkpt lat="52.545571085554506" lon="13.427489292479505"><time>2023-07-13T15:18:16.000Z</time></trkpt><trkpt lat="52.54558509471019" lon="13.427489236493903"><time>2023-07-13T15:18:17.000Z</time></trkpt><trkpt lat="52.54559982291715" lon="13.427488643391461"><time>2023-07-13T15:18:18.000Z</time></trkpt><trkpt lat="52.54561513056078" lon="13.427487515905181"><time>2023-07-13T15:18:19.000Z</time></trkpt><trkpt lat="52.54563088919418" lon="13.427485941795657"><time>2023-07-13T15:18:20.000Z</time></trkpt><trkpt lat="52.54564696570165" lon="13.42748405368771"><time>2023-07-13T15:18:21.000Z</time></trkpt><trkpt lat="52.545662948273666" lon="13.427481976081369"><time>2023-07-13T15:18:22.000Z</time></trkpt><trkpt lat="52.54567871085373" lon="13.427480164223676"><time>2023-07-13T15:18:23.000Z</time></trkpt><trkpt lat="52.545694307375314" lon="13.427478699416328"><time>2023-07-13T15:18:24.000Z</time></trkpt><trkpt lat="52.54570946392542" lon="13.42747787010367"><time>2023-07-13T15:18:25.000Z</time></trkpt><trkpt lat="52.54572393251198" lon="13.42747769042924"><time>2023-07-13T15:18:26.000Z</time></trkpt><trkpt lat="52.545737485424" lon="13.42747799875438"><time>2023-07-13T15:18:27.000Z</time></trkpt><trkpt lat="52.545750067657245" lon="13.427478570297325"><time>2023-07-13T15:18:28.000Z</time></trkpt><trkpt lat="52.545761612280394" lon="13.427479296165332"><time>2023-07-13T15:18:29.000Z</time></trkpt><trkpt lat="52.54577216520914" lon="13.427480256349906"><time>2023-07-13T15:18:30.000Z</time></trkpt><trkpt lat="52.54578183041365" lon="13.427481437723417"><time>2023-07-13T15:18:31.000Z</time></trkpt><trkpt lat="52.54579077257043" lon="13.427483048260177"><time>2023-07-13T15:18:32.000Z</time></trkpt><trkpt lat="52.54579918149258" lon="13.427485000263568"><time>2023-07-13T15:18:33.000Z</time></trkpt><trkpt lat="52.54580702945388" lon="13.42748724932486"><time>2023-07-13T15:18:34.000Z</time></trkpt><trkpt lat="52.54581434664566" lon="13.427489599599362"><time>2023-07-13T15:18:35.000Z</time></trkpt><trkpt lat="52.5458212925154" lon="13.427492020591576"><time>2023-07-13T15:18:36.000Z</time></trkpt><trkpt lat="52.54582792484368" lon="13.42749453881265"><time>2023-07-13T15:18:37.000Z</time></trkpt><trkpt lat="52.54583429531055" lon="13.427497226835566"><time>2023-07-13T15:18:38.000Z</time></trkpt><trkpt lat="52.54584032439769" lon="13.427500199881448"><time>2023-07-13T15:18:39.000Z</time></trkpt><trkpt lat="52.54584596508136" lon="13.427503380691805"><time>2023-07-13T15:18:40.000Z</time></trkpt><trkpt lat="52.545851073626004" lon="13.427506556228082"><time>2023-07-13T15:18:41.000Z</time></trkpt><trkpt lat="52.54585551569584" lon="13.4275095754919"><time>2023-07-13T15:18:42.000Z</time></trkpt><trkpt lat="52.54585921164803" lon="13.427512124259648"><time>2023-07-13T15:18:43.000Z</time></trkpt><trkpt lat="52.54586230408518" lon="13.427514307478104"><time>2023-07-13T15:18:44.000Z</time></trkpt><trkpt lat="52.54586485388795" lon="13.42751595395589"><time>2023-07-13T15:18:45.000Z</time></trkpt><trkpt lat="52.54586693584361" lon="13.427517165699506"><time>2023-07-13T15:18:46.000Z</time></trkpt><trkpt lat="52.54586852425534" lon="13.427518078957302"><time>2023-07-13T15:18:47.000Z</time></trkpt><trkpt lat="52.54586973767227" lon="13.427518789379242"><time>2023-07-13T15:18:48.000Z</time></trkpt><trkpt lat="52.54587064409643" lon="13.427519385905617"><time>2023-07-13T15:18:49.000Z</time></trkpt><trkpt lat="52.545871310907394" lon="13.427519925407438"><time>2023-07-13T15:18:50.000Z</time></trkpt><trkpt lat="52.54587181891827" lon="13.427520447636068"><time>2023-07-13T15:18:51.000Z</time></trkpt><trkpt lat="52.545872268936925" lon="13.427520971748118"><time>2023-07-13T15:18:52.000Z</time></trkpt><trkpt lat="52.54587272965014" lon="13.427521509612182"><time>2023-07-13T15:18:53.000Z</time></trkpt><trkpt lat="52.545873219234984" lon="13.427521996235015"><time>2023-07-13T15:18:54.000Z</time></trkpt><trkpt lat="52.54587376427225" lon="13.42752238937279"><time>2023-07-13T15:18:55.000Z</time></trkpt><trkpt lat="52.545874368970026" lon="13.42752269206047"><time>2023-07-13T15:18:56.000Z</time></trkpt><trkpt lat="52.54587506607191" lon="13.427522904513014"><time>2023-07-13T15:18:57.000Z</time></trkpt><trkpt lat="52.545875881374336" lon="13.427523026382397"><time>2023-07-13T15:18:58.000Z</time></trkpt><trkpt lat="52.54587679015156" lon="13.427523086702932"><time>2023-07-13T15:18:59.000Z</time></trkpt><trkpt lat="52.54587771806404" lon="13.427523083719812"><time>2023-07-13T15:19:00.000Z</time></trkpt><trkpt lat="52.545878740876354" lon="13.4275229958508"><time>2023-07-13T15:19:01.000Z</time></trkpt><trkpt lat="52.545879897880994" lon="13.427522835322678"><time>2023-07-13T15:19:02.000Z</time></trkpt><trkpt lat="52.5458812319481" lon="13.427522635721376"><time>2023-07-13T15:19:03.000Z</time></trkpt><trkpt lat="52.5458827922663" lon="13.427522418001589"><time>2023-07-13T15:19:04.000Z</time></trkpt><trkpt lat="52.54588350107185" lon="13.427522148921954"><time>2023-07-13T15:19:05.000Z</time></trkpt><trkpt lat="52.54588487844414" lon="13.42752187707036"><time>2023-07-13T15:19:06.000Z</time></trkpt><trkpt lat="52.54588668762283" lon="13.427521701430898"><time>2023-07-13T15:19:07.000Z</time></trkpt><trkpt lat="52.54588897837041" lon="13.427521632382213"><time>2023-07-13T15:19:08.000Z</time></trkpt><trkpt lat="52.54589188305047" lon="13.427521709726262"><time>2023-07-13T15:19:09.000Z</time></trkpt><trkpt lat="52.545895523838155" lon="13.427521946304534"><time>2023-07-13T15:19:11.000Z</time></trkpt><trkpt lat="52.54590001665934" lon="13.427522453703727"><time>2023-07-13T15:19:12.000Z</time></trkpt><trkpt lat="52.54590537900012" lon="13.427523308341772"><time>2023-07-13T15:19:13.000Z</time></trkpt><trkpt lat="52.545911403778774" lon="13.427524441373832"><time>2023-07-13T15:19:14.000Z</time></trkpt><trkpt lat="52.5459184706013" lon="13.427526049813025"><time>2023-07-13T15:19:15.000Z</time></trkpt><trkpt lat="52.54592953089735" lon="13.427529252804373"><time>2023-07-13T15:19:16.000Z</time></trkpt><trkpt lat="52.5459377402014" lon="13.42753174275609"><time>2023-07-13T15:19:17.000Z</time></trkpt><trkpt lat="52.5459465241656" lon="13.427534690096941"><time>2023-07-13T15:19:18.000Z</time></trkpt><trkpt lat="52.545955791098145" lon="13.427538042749712"><time>2023-07-13T15:19:19.000Z</time></trkpt><trkpt lat="52.54596543471778" lon="13.427541782493591"><time>2023-07-13T15:19:20.000Z</time></trkpt><trkpt lat="52.54597527781336" lon="13.427545855470946"><time>2023-07-13T15:19:21.000Z</time></trkpt><trkpt lat="52.54598546386629" lon="13.427550429060263"><time>2023-07-13T15:19:22.000Z</time></trkpt><trkpt lat="52.54599548238816" lon="13.427555137480788"><time>2023-07-13T15:19:23.000Z</time></trkpt><trkpt lat="52.546005254954686" lon="13.427559939298732"><time>2023-07-13T15:19:24.000Z</time></trkpt><trkpt lat="52.546015006670544" lon="13.427564891338893"><time>2023-07-13T15:19:25.000Z</time></trkpt><trkpt lat="52.54602447080635" lon="13.427569761775997"><time>2023-07-13T15:19:26.000Z</time></trkpt><trkpt lat="52.54603392253103" lon="13.427574657963055"><time>2023-07-13T15:19:27.000Z</time></trkpt><trkpt lat="52.54604334845771" lon="13.42757948815563"><time>2023-07-13T15:19:28.000Z</time></trkpt><trkpt lat="52.54605280282413" lon="13.427584126851743"><time>2023-07-13T15:19:29.000Z</time></trkpt><trkpt lat="52.54606225119353" lon="13.427588479451964"><time>2023-07-13T15:19:30.000Z</time></trkpt><trkpt lat="52.546071803500425" lon="13.427592553081775"><time>2023-07-13T15:19:31.000Z</time></trkpt><trkpt lat="52.546081578838645" lon="13.427596330171054"><time>2023-07-13T15:19:32.000Z</time></trkpt><trkpt lat="52.54609169368052" lon="13.427599843436267"><time>2023-07-13T15:19:33.000Z</time></trkpt><trkpt lat="52.546102135947216" lon="13.427603103505659"><time>2023-07-13T15:19:34.000Z</time></trkpt><trkpt lat="52.54611296780635" lon="13.427606233217825"><time>2023-07-13T15:19:35.000Z</time></trkpt><trkpt lat="52.54612405468094" lon="13.427609197308406"><time>2023-07-13T15:19:36.000Z</time></trkpt><trkpt lat="52.54613530764666" lon="13.427612100174498"><time>2023-07-13T15:19:37.000Z</time></trkpt><trkpt lat="52.54614665800738" lon="13.42761506468861"><time>2023-07-13T15:19:38.000Z</time></trkpt><trkpt lat="52.54615800531162" lon="13.427618119530543"><time>2023-07-13T15:19:39.000Z</time></trkpt><trkpt lat="52.54616930995429" lon="13.427621255928353"><time>2023-07-13T15:19:40.000Z</time></trkpt><trkpt lat="52.54618065302707" lon="13.427624528013984"><time>2023-07-13T15:19:41.000Z</time></trkpt><trkpt lat="52.546191988402626" lon="13.42762783501914"><time>2023-07-13T15:19:42.000Z</time></trkpt><trkpt lat="52.5462033221768" lon="13.427631137034695"><time>2023-07-13T15:19:43.000Z</time></trkpt><trkpt lat="52.54621467814937" lon="13.427634468202848"><time>2023-07-13T15:19:44.000Z</time></trkpt><trkpt lat="52.546225987202455" lon="13.427637738146514"><time>2023-07-13T15:19:45.000Z</time></trkpt><trkpt lat="52.54623717795072" lon="13.427640727976495"><time>2023-07-13T15:19:46.000Z</time></trkpt><trkpt lat="52.54624843454872" lon="13.427643449909924"><time>2023-07-13T15:19:47.000Z</time></trkpt><trkpt lat="52.54625969064873" lon="13.427645787814317"><time>2023-07-13T15:19:48.000Z</time></trkpt><trkpt lat="52.546271006175836" lon="13.42764757482181"><time>2023-07-13T15:19:49.000Z</time></trkpt><trkpt lat="52.546282441749206" lon="13.427648786135386"><time>2023-07-13T15:19:50.000Z</time></trkpt><trkpt lat="52.54629396769731" lon="13.427649693723122"><time>2023-07-13T15:19:51.000Z</time></trkpt><trkpt lat="52.54630553623074" lon="13.427650429233308"><time>2023-07-13T15:19:52.000Z</time></trkpt><trkpt lat="52.54631692202269" lon="13.427651084955956"><time>2023-07-13T15:19:53.000Z</time></trkpt><trkpt lat="52.54632814282065" lon="13.427651774440779"><time>2023-07-13T15:19:54.000Z</time></trkpt><trkpt lat="52.54633919253345" lon="13.42765253486378"><time>2023-07-13T15:19:55.000Z</time></trkpt><trkpt lat="52.546350179239795" lon="13.427653204409397"><time>2023-07-13T15:19:56.000Z</time></trkpt><trkpt lat="52.54636116779497" lon="13.427653838780218"><time>2023-07-13T15:19:57.000Z</time></trkpt><trkpt lat="52.5463721139827" lon="13.427654642687402"><time>2023-07-13T15:19:58.000Z</time></trkpt><trkpt lat="52.54638310789139" lon="13.42765562858864"><time>2023-07-13T15:19:59.000Z</time></trkpt><trkpt lat="52.5463938962937" lon="13.427656806534786"><time>2023-07-13T15:20:00.000Z</time></trkpt><trkpt lat="52.54640456793345" lon="13.427658109169114"><time>2023-07-13T15:20:01.000Z</time></trkpt><trkpt lat="52.54641501505564" lon="13.427660339115421"><time>2023-07-13T15:20:02.000Z</time></trkpt><trkpt lat="52.546425310617444" lon="13.427663441204693"><time>2023-07-13T15:20:03.000Z</time></trkpt><trkpt lat="52.546435662665004" lon="13.427667399374748"><time>2023-07-13T15:20:04.000Z</time></trkpt><trkpt lat="52.54644619332066" lon="13.4276717161652"><time>2023-07-13T15:20:05.000Z</time></trkpt><trkpt lat="52.54645659797271" lon="13.427676226912205"><time>2023-07-13T15:20:06.000Z</time></trkpt><trkpt lat="52.54646691804238" lon="13.427681274359514"><time>2023-07-13T15:20:07.000Z</time></trkpt><trkpt lat="52.54647718347512" lon="13.427686861769985"><time>2023-07-13T15:20:08.000Z</time></trkpt><trkpt lat="52.54648740636923" lon="13.42769303028494"><time>2023-07-13T15:20:09.000Z</time></trkpt><trkpt lat="52.5464975984931" lon="13.427699777061228"><time>2023-07-13T15:20:10.000Z</time></trkpt><trkpt lat="52.546508078100516" lon="13.427707148669299"><time>2023-07-13T15:20:11.000Z</time></trkpt><trkpt lat="52.54651855521172" lon="13.427715073369978"><time>2023-07-13T15:20:12.000Z</time></trkpt><trkpt lat="52.546529255909824" lon="13.427722459417758"><time>2023-07-13T15:20:13.000Z</time></trkpt><trkpt lat="52.54654027765676" lon="13.427729116021686"><time>2023-07-13T15:20:14.000Z</time></trkpt><trkpt lat="52.546551661139226" lon="13.42773482751767"><time>2023-07-13T15:20:15.000Z</time></trkpt><trkpt lat="52.54656320494067" lon="13.42774011580292"><time>2023-07-13T15:20:16.000Z</time></trkpt><trkpt lat="52.54657514563651" lon="13.427745107326274"><time>2023-07-13T15:20:18.000Z</time></trkpt><trkpt lat="52.54658735597503" lon="13.427749884532897"><time>2023-07-13T15:20:19.000Z</time></trkpt><trkpt lat="52.54659973644937" lon="13.427754441096699"><time>2023-07-13T15:20:20.000Z</time></trkpt><trkpt lat="52.54661221458795" lon="13.42775854279629"><time>2023-07-13T15:20:21.000Z</time></trkpt><trkpt lat="52.54662448393959" lon="13.427762120918624"><time>2023-07-13T15:20:22.000Z</time></trkpt><trkpt lat="52.54663652772165" lon="13.427765226314248"><time>2023-07-13T15:20:23.000Z</time></trkpt><trkpt lat="52.54664843599139" lon="13.427768928886769"><time>2023-07-13T15:20:24.000Z</time></trkpt><trkpt lat="52.546660114184654" lon="13.427773391625102"><time>2023-07-13T15:20:25.000Z</time></trkpt><trkpt lat="52.54667148835449" lon="13.427778755639162"><time>2023-07-13T15:20:26.000Z</time></trkpt><trkpt lat="52.54668273735799" lon="13.427784992886357"><time>2023-07-13T15:20:27.000Z</time></trkpt><trkpt lat="52.54669368788455" lon="13.427791824007937"><time>2023-07-13T15:20:28.000Z</time></trkpt><trkpt lat="52.54670450488458" lon="13.427799182779575"><time>2023-07-13T15:20:29.000Z</time></trkpt><trkpt lat="52.54671523486514" lon="13.427806836594675"><time>2023-07-13T15:20:30.000Z</time></trkpt><trkpt lat="52.546725861385994" lon="13.427814769783879"><time>2023-07-13T15:20:31.000Z</time></trkpt><trkpt lat="52.54673643625791" lon="13.42782299476649"><time>2023-07-13T15:20:32.000Z</time></trkpt><trkpt lat="52.54674709186202" lon="13.427831499512193"><time>2023-07-13T15:20:33.000Z</time></trkpt><trkpt lat="52.54675767946408" lon="13.427840182053744"><time>2023-07-13T15:20:34.000Z</time></trkpt><trkpt lat="52.546768223852105" lon="13.427848136862202"><time>2023-07-13T15:20:35.000Z</time></trkpt><trkpt lat="52.5467786831442" lon="13.427855237477212"><time>2023-07-13T15:20:36.000Z</time></trkpt><trkpt lat="52.546788855905156" lon="13.427861538486882"><time>2023-07-13T15:20:37.000Z</time></trkpt><trkpt lat="52.54679849823897" lon="13.427867335328767"><time>2023-07-13T15:20:38.000Z</time></trkpt><trkpt lat="52.54680771447063" lon="13.427872785750749"><time>2023-07-13T15:20:39.000Z</time></trkpt><trkpt lat="52.54681636860227" lon="13.427878049100151"><time>2023-07-13T15:20:40.000Z</time></trkpt><trkpt lat="52.54682444485348" lon="13.427883179450703"><time>2023-07-13T15:20:41.000Z</time></trkpt><trkpt lat="52.54683197840182" lon="13.427888232334817"><time>2023-07-13T15:20:42.000Z</time></trkpt><trkpt lat="52.546838862314004" lon="13.427893247224011"><time>2023-07-13T15:20:43.000Z</time></trkpt><trkpt lat="52.546845179021666" lon="13.427898405471284"><time>2023-07-13T15:20:44.000Z</time></trkpt><trkpt lat="52.5468509433092" lon="13.427903799682694"><time>2023-07-13T15:20:45.000Z</time></trkpt><trkpt lat="52.54685615672663" lon="13.427909494375644"><time>2023-07-13T15:20:46.000Z</time></trkpt><trkpt lat="52.54686083818557" lon="13.427915533075266"><time>2023-07-13T15:20:47.000Z</time></trkpt><trkpt lat="52.54686522764781" lon="13.427921902932331"><time>2023-07-13T15:20:48.000Z</time></trkpt><trkpt lat="52.5468695008766" lon="13.42792850039296"><time>2023-07-13T15:20:49.000Z</time></trkpt><trkpt lat="52.546873941987776" lon="13.427935242232747"><time>2023-07-13T15:20:50.000Z</time></trkpt><trkpt lat="52.546878715707635" lon="13.427941870968107"><time>2023-07-13T15:20:51.000Z</time></trkpt><trkpt lat="52.54688370440833" lon="13.427948311512562"><time>2023-07-13T15:20:52.000Z</time></trkpt><trkpt lat="52.5468890946037" lon="13.427954374372622"><time>2023-07-13T15:20:53.000Z</time></trkpt><trkpt lat="52.546895065051224" lon="13.427960025422726"><time>2023-07-13T15:20:54.000Z</time></trkpt><trkpt lat="52.54690174144014" lon="13.427965159852478"><time>2023-07-13T15:20:55.000Z</time></trkpt><trkpt lat="52.546909226925145" lon="13.427969835031728"><time>2023-07-13T15:20:56.000Z</time></trkpt><trkpt lat="52.54691738263866" lon="13.42797398498438"><time>2023-07-13T15:20:57.000Z</time></trkpt><trkpt lat="52.54692628930041" lon="13.427977763079703"><time>2023-07-13T15:20:58.000Z</time></trkpt><trkpt lat="52.54693586776559" lon="13.4279812054368"><time>2023-07-13T15:20:59.000Z</time></trkpt><trkpt lat="52.54694597430486" lon="13.427984421288187"><time>2023-07-13T15:21:00.000Z</time></trkpt><trkpt lat="52.546956421813" lon="13.427987600549598"><time>2023-07-13T15:21:01.000Z</time></trkpt><trkpt lat="52.5469668821509" lon="13.427990866083302"><time>2023-07-13T15:21:02.000Z</time></trkpt><trkpt lat="52.546977559804006" lon="13.427994343113612"><time>2023-07-13T15:21:03.000Z</time></trkpt><trkpt lat="52.546988315294676" lon="13.427998254305036"><time>2023-07-13T15:21:04.000Z</time></trkpt><trkpt lat="52.54699901506526" lon="13.428002735678717"><time>2023-07-13T15:21:05.000Z</time></trkpt><trkpt lat="52.54700961183055" lon="13.428007731303024"><time>2023-07-13T15:21:06.000Z</time></trkpt><trkpt lat="52.547020004322036" lon="13.428013197151246"><time>2023-07-13T15:21:07.000Z</time></trkpt><trkpt lat="52.54703024933672" lon="13.428019112545881"><time>2023-07-13T15:21:08.000Z</time></trkpt><trkpt lat="52.5470402946281" lon="13.428025231091901"><time>2023-07-13T15:21:09.000Z</time></trkpt><trkpt lat="52.54705009378867" lon="13.428031404858125"><time>2023-07-13T15:21:10.000Z</time></trkpt><trkpt lat="52.547059667877654" lon="13.428037495044226"><time>2023-07-13T15:21:11.000Z</time></trkpt><trkpt lat="52.54706904373734" lon="13.42804329197824"><time>2023-07-13T15:21:12.000Z</time></trkpt><trkpt lat="52.54707839598553" lon="13.428048750686578"><time>2023-07-13T15:21:13.000Z</time></trkpt><trkpt lat="52.54708764904437" lon="13.428053881467058"><time>2023-07-13T15:21:14.000Z</time></trkpt><trkpt lat="52.54709667726818" lon="13.428058965190854"><time>2023-07-13T15:21:15.000Z</time></trkpt><trkpt lat="52.5471052875695" lon="13.428064922216883"><time>2023-07-13T15:21:16.000Z</time></trkpt><trkpt lat="52.547113008689934" lon="13.428072431586287"><time>2023-07-13T15:21:17.000Z</time></trkpt><trkpt lat="52.54711989514815" lon="13.428081168866932"><time>2023-07-13T15:21:18.000Z</time></trkpt><trkpt lat="52.54712552198739" lon="13.428091560875323"><time>2023-07-13T15:21:19.000Z</time></trkpt><trkpt lat="52.54712990607744" lon="13.428103425096635"><time>2023-07-13T15:21:20.000Z</time></trkpt><trkpt lat="52.547133084257936" lon="13.428116732633537"><time>2023-07-13T15:21:21.000Z</time></trkpt><trkpt lat="52.54713505781123" lon="13.428131448892147"><time>2023-07-13T15:21:22.000Z</time></trkpt><trkpt lat="52.547135568797664" lon="13.428147973240094"><time>2023-07-13T15:21:23.000Z</time></trkpt><trkpt lat="52.547134551393945" lon="13.428166671270036"><time>2023-07-13T15:21:24.000Z</time></trkpt><trkpt lat="52.54713216713919" lon="13.428186924586315"><time>2023-07-13T15:21:25.000Z</time></trkpt><trkpt lat="52.54712885975232" lon="13.428208725122659"><time>2023-07-13T15:21:26.000Z</time></trkpt><trkpt lat="52.54712532743083" lon="13.428230782971127"><time>2023-07-13T15:21:27.000Z</time></trkpt><trkpt lat="52.54712240460037" lon="13.428251868362578"><time>2023-07-13T15:21:28.000Z</time></trkpt><trkpt lat="52.54712024641319" lon="13.428271733310233"><time>2023-07-13T15:21:29.000Z</time></trkpt><trkpt lat="52.547119438630574" lon="13.428289888847347"><time>2023-07-13T15:21:30.000Z</time></trkpt><trkpt lat="52.54711972874109" lon="13.428306416015419"><time>2023-07-13T15:21:31.000Z</time></trkpt><trkpt lat="52.547121151318464" lon="13.42832119110256"><time>2023-07-13T15:21:32.000Z</time></trkpt><trkpt lat="52.54712367520026" lon="13.428334309870197"><time>2023-07-13T15:21:33.000Z</time></trkpt><trkpt lat="52.54712756506161" lon="13.428345224835265"><time>2023-07-13T15:21:34.000Z</time></trkpt><trkpt lat="52.54713267842442" lon="13.428353657537253"><time>2023-07-13T15:21:35.000Z</time></trkpt><trkpt lat="52.54713878246071" lon="13.428359808194829"><time>2023-07-13T15:21:36.000Z</time></trkpt><trkpt lat="52.54714542553336" lon="13.42836343999423"><time>2023-07-13T15:21:37.000Z</time></trkpt><trkpt lat="52.54715210273152" lon="13.428364687354614"><time>2023-07-13T15:21:38.000Z</time></trkpt><trkpt lat="52.54715815890993" lon="13.42836441148903"><time>2023-07-13T15:21:39.000Z</time></trkpt><trkpt lat="52.547163427412514" lon="13.42836320137887"><time>2023-07-13T15:21:40.000Z</time></trkpt><trkpt lat="52.54716784153204" lon="13.428361301858104"><time>2023-07-13T15:21:41.000Z</time></trkpt><trkpt lat="52.547171603954915" lon="13.428358979164985"><time>2023-07-13T15:21:42.000Z</time></trkpt><trkpt lat="52.54717464753817" lon="13.428356525185052"><time>2023-07-13T15:21:43.000Z</time></trkpt><trkpt lat="52.54717698771984" lon="13.428353960948964"><time>2023-07-13T15:21:44.000Z</time></trkpt><trkpt lat="52.54717856182647" lon="13.428351559788803"><time>2023-07-13T15:21:45.000Z</time></trkpt><trkpt lat="52.54717958414794" lon="13.42834940005389"><time>2023-07-13T15:21:46.000Z</time></trkpt><trkpt lat="52.5471800830454" lon="13.42834815798572"><time>2023-07-13T15:21:47.000Z</time></trkpt><trkpt lat="52.54718021581248" lon="13.42834764164175"><time>2023-07-13T15:21:48.000Z</time></trkpt><trkpt lat="52.547180249365304" lon="13.428348151700574"><time>2023-07-13T15:21:49.000Z</time></trkpt><trkpt lat="52.54718043052563" lon="13.428349383670547"><time>2023-07-13T15:21:50.000Z</time></trkpt><trkpt lat="52.54718089695343" lon="13.428351385125284"><time>2023-07-13T15:21:51.000Z</time></trkpt><trkpt lat="52.547181641103954" lon="13.42835392605311"><time>2023-07-13T15:21:52.000Z</time></trkpt><trkpt lat="52.5471828607459" lon="13.42835699692395"><time>2023-07-13T15:21:53.000Z</time></trkpt><trkpt lat="52.547184672150046" lon="13.428360605471395"><time>2023-07-13T15:21:54.000Z</time></trkpt><trkpt lat="52.54718716960045" lon="13.428364670285436"><time>2023-07-13T15:21:55.000Z</time></trkpt><trkpt lat="52.54719028576737" lon="13.42836913149343"><time>2023-07-13T15:21:56.000Z</time></trkpt><trkpt lat="52.54719420786184" lon="13.428373617959716"><time>2023-07-13T15:21:57.000Z</time></trkpt><trkpt lat="52.5471988488333" lon="13.42837778727706"><time>2023-07-13T15:21:58.000Z</time></trkpt><trkpt lat="52.547204316872445" lon="13.42838155322947"><time>2023-07-13T15:21:59.000Z</time></trkpt><trkpt lat="52.547210478813824" lon="13.428384645995948"><time>2023-07-13T15:22:00.000Z</time></trkpt><trkpt lat="52.547217168349974" lon="13.428387179799246"><time>2023-07-13T15:22:01.000Z</time></trkpt><trkpt lat="52.54722434911435" lon="13.428389098513247"><time>2023-07-13T15:22:02.000Z</time></trkpt><trkpt lat="52.547232116461736" lon="13.428390496307612"><time>2023-07-13T15:22:03.000Z</time></trkpt><trkpt lat="52.547240296017044" lon="13.428391237166316"><time>2023-07-13T15:22:04.000Z</time></trkpt><trkpt lat="52.547248623702764" lon="13.42839129218179"><time>2023-07-13T15:22:05.000Z</time></trkpt><trkpt lat="52.54725709389149" lon="13.428390579984978"><time>2023-07-13T15:22:06.000Z</time></trkpt><trkpt lat="52.54726582575486" lon="13.428389012660647"><time>2023-07-13T15:22:07.000Z</time></trkpt><trkpt lat="52.547274635032515" lon="13.428386900617074"><time>2023-07-13T15:22:08.000Z</time></trkpt><trkpt lat="52.54728366142616" lon="13.428384208257215"><time>2023-07-13T15:22:09.000Z</time></trkpt><trkpt lat="52.54729275823717" lon="13.4283811216684"><time>2023-07-13T15:22:10.000Z</time></trkpt><trkpt lat="52.54730183186623" lon="13.428377714946732"><time>2023-07-13T15:22:11.000Z</time></trkpt><trkpt lat="52.54731083573778" lon="13.428374084826096"><time>2023-07-13T15:22:12.000Z</time></trkpt><trkpt lat="52.54731970369241" lon="13.42837023945466"><time>2023-07-13T15:22:13.000Z</time></trkpt><trkpt lat="52.5473282801421" lon="13.428366353690429"><time>2023-07-13T15:22:14.000Z</time></trkpt><trkpt lat="52.54733645470495" lon="13.4283626261296"><time>2023-07-13T15:22:15.000Z</time></trkpt><trkpt lat="52.54734429609264" lon="13.428359228927775"><time>2023-07-13T15:22:16.000Z</time></trkpt><trkpt lat="52.547351696849" lon="13.428356250117906"><time>2023-07-13T15:22:17.000Z</time></trkpt><trkpt lat="52.547358645507536" lon="13.428353700151346"><time>2023-07-13T15:22:18.000Z</time></trkpt><trkpt lat="52.54736502206247" lon="13.428351599869382"><time>2023-07-13T15:22:19.000Z</time></trkpt><trkpt lat="52.54737075463979" lon="13.428349647088679"><time>2023-07-13T15:22:20.000Z</time></trkpt><trkpt lat="52.54737580032425" lon="13.428347926059836"><time>2023-07-13T15:22:21.000Z</time></trkpt><trkpt lat="52.547380084639784" lon="13.428346393769546"><time>2023-07-13T15:22:22.000Z</time></trkpt><trkpt lat="52.54738379830837" lon="13.428344985145083"><time>2023-07-13T15:22:23.000Z</time></trkpt><trkpt lat="52.547386882752605" lon="13.428343689453586"><time>2023-07-13T15:22:24.000Z</time></trkpt><trkpt lat="52.54738945299832" lon="13.428342362868666"><time>2023-07-13T15:22:25.000Z</time></trkpt><trkpt lat="52.54739162409617" lon="13.428340872783012"><time>2023-07-13T15:22:26.000Z</time></trkpt><trkpt lat="52.54739350883097" lon="13.428338990326303"><time>2023-07-13T15:22:27.000Z</time></trkpt><trkpt lat="52.54739513877598" lon="13.428336777705084"><time>2023-07-13T15:22:28.000Z</time></trkpt><trkpt lat="52.54739652624428" lon="13.428334314553346"><time>2023-07-13T15:22:29.000Z</time></trkpt><trkpt lat="52.54739779952092" lon="13.428331479482862"><time>2023-07-13T15:22:30.000Z</time></trkpt><trkpt lat="52.54739900321437" lon="13.428328599812426"><time>2023-07-13T15:22:31.000Z</time></trkpt><trkpt lat="52.547400167055294" lon="13.428325568735552"><time>2023-07-13T15:22:32.000Z</time></trkpt><trkpt lat="52.54740132732306" lon="13.428322499932461"><time>2023-07-13T15:22:33.000Z</time></trkpt><trkpt lat="52.54740247099494" lon="13.42831942291467"><time>2023-07-13T15:22:34.000Z</time></trkpt><trkpt lat="52.547403581350544" lon="13.42831637891947"><time>2023-07-13T15:22:35.000Z</time></trkpt><trkpt lat="52.54740462364186" lon="13.428313409250698"><time>2023-07-13T15:22:36.000Z</time></trkpt><trkpt lat="52.547405508776485" lon="13.428310613922996"><time>2023-07-13T15:22:37.000Z</time></trkpt><trkpt lat="52.54740624248145" lon="13.428308009242933"><time>2023-07-13T15:22:38.000Z</time></trkpt><trkpt lat="52.54740680955525" lon="13.428305665222297"><time>2023-07-13T15:22:39.000Z</time></trkpt><trkpt lat="52.54740721950972" lon="13.428303645464894"><time>2023-07-13T15:22:40.000Z</time></trkpt><trkpt lat="52.54740742239535" lon="13.428302019552586"><time>2023-07-13T15:22:41.000Z</time></trkpt><trkpt lat="52.547407357617864" lon="13.428300716045607"><time>2023-07-13T15:22:42.000Z</time></trkpt><trkpt lat="52.54740713959301" lon="13.42829984740605"><time>2023-07-13T15:22:43.000Z</time></trkpt><trkpt lat="52.54740684721659" lon="13.428299388524056"><time>2023-07-13T15:22:44.000Z</time></trkpt><trkpt lat="52.547406547619154" lon="13.428299247041798"><time>2023-07-13T15:22:45.000Z</time></trkpt><trkpt lat="52.54740630667379" lon="13.42829931134168"><time>2023-07-13T15:22:46.000Z</time></trkpt><trkpt lat="52.54740615442242" lon="13.428299540590745"><time>2023-07-13T15:22:47.000Z</time></trkpt><trkpt lat="52.54740613821248" lon="13.428299851910065"><time>2023-07-13T15:22:48.000Z</time></trkpt><trkpt lat="52.54740620313937" lon="13.428300312568071"><time>2023-07-13T15:22:49.000Z</time></trkpt><trkpt lat="52.54740634091136" lon="13.428300925717577"><time>2023-07-13T15:22:50.000Z</time></trkpt><trkpt lat="52.54740649881505" lon="13.428301710741183"><time>2023-07-13T15:22:51.000Z</time></trkpt><trkpt lat="52.54740669530136" lon="13.42830273157026"><time>2023-07-13T15:22:52.000Z</time></trkpt><trkpt lat="52.54740701250314" lon="13.428304057413042"><time>2023-07-13T15:22:53.000Z</time></trkpt><trkpt lat="52.54740737451255" lon="13.428305557596895"><time>2023-07-13T15:22:54.000Z</time></trkpt><trkpt lat="52.54740776535623" lon="13.428307106843762"><time>2023-07-13T15:22:55.000Z</time></trkpt><trkpt lat="52.54740820516587" lon="13.428308687286028"><time>2023-07-13T15:22:56.000Z</time></trkpt><trkpt lat="52.54740875072603" lon="13.428310200859078"><time>2023-07-13T15:22:57.000Z</time></trkpt><trkpt lat="52.54740943024847" lon="13.428311647255823"><time>2023-07-13T15:22:58.000Z</time></trkpt><trkpt lat="52.547410287582196" lon="13.42831302010411"><time>2023-07-13T15:22:59.000Z</time></trkpt><trkpt lat="52.54741135959173" lon="13.428314256332419"><time>2023-07-13T15:23:00.000Z</time></trkpt><trkpt lat="52.547412642865744" lon="13.428315313004218"><time>2023-07-13T15:23:01.000Z</time></trkpt><trkpt lat="52.54741411280302" lon="13.428316221284193"><time>2023-07-13T15:23:02.000Z</time></trkpt><trkpt lat="52.54741572260389" lon="13.428316907634121"><time>2023-07-13T15:23:03.000Z</time></trkpt><trkpt lat="52.54741741235882" lon="13.428317382561657"><time>2023-07-13T15:23:04.000Z</time></trkpt><trkpt lat="52.547419144618146" lon="13.42831772964692"><time>2023-07-13T15:23:05.000Z</time></trkpt><trkpt lat="52.54742092508397" lon="13.428318062539432"><time>2023-07-13T15:23:06.000Z</time></trkpt><trkpt lat="52.5474227355917" lon="13.428318344536613"><time>2023-07-13T15:23:07.000Z</time></trkpt><trkpt lat="52.54742453016342" lon="13.42831869507666"><time>2023-07-13T15:23:08.000Z</time></trkpt><trkpt lat="52.54742628633924" lon="13.428319135241416"><time>2023-07-13T15:23:09.000Z</time></trkpt><trkpt lat="52.54742795346003" lon="13.428319595331304"><time>2023-07-13T15:23:10.000Z</time></trkpt><trkpt lat="52.547429478164965" lon="13.42832010005697"><time>2023-07-13T15:23:11.000Z</time></trkpt><trkpt lat="52.5474308111395" lon="13.428320615459189"><time>2023-07-13T15:23:12.000Z</time></trkpt><trkpt lat="52.54743198367053" lon="13.428321062676817"><time>2023-07-13T15:23:13.000Z</time></trkpt><trkpt lat="52.54743303894722" lon="13.428321472204061"><time>2023-07-13T15:23:14.000Z</time></trkpt><trkpt lat="52.547434028114274" lon="13.428321848903202"><time>2023-07-13T15:23:15.000Z</time></trkpt><trkpt lat="52.54743497380583" lon="13.428322128356639"><time>2023-07-13T15:23:16.000Z</time></trkpt><trkpt lat="52.54743589066313" lon="13.428322281278064"><time>2023-07-13T15:23:17.000Z</time></trkpt><trkpt lat="52.54743680098417" lon="13.428322299657502"><time>2023-07-13T15:23:18.000Z</time></trkpt><trkpt lat="52.54743791181288" lon="13.42832211409223"><time>2023-07-13T15:23:19.000Z</time></trkpt><trkpt lat="52.54743913078251" lon="13.428321741334099"><time>2023-07-13T15:23:20.000Z</time></trkpt><trkpt lat="52.547440526281065" lon="13.42832130486468"><time>2023-07-13T15:23:21.000Z</time></trkpt><trkpt lat="52.54744204766184" lon="13.428320766056954"><time>2023-07-13T15:23:22.000Z</time></trkpt><trkpt lat="52.547443695435284" lon="13.428320076938082"><time>2023-07-13T15:23:23.000Z</time></trkpt><trkpt lat="52.547445394079546" lon="13.428319241674274"><time>2023-07-13T15:23:24.000Z</time></trkpt><trkpt lat="52.54744715511088" lon="13.428318287724649"><time>2023-07-13T15:23:25.000Z</time></trkpt><trkpt lat="52.54744895295694" lon="13.428317215278577"><time>2023-07-13T15:23:26.000Z</time></trkpt><trkpt lat="52.54745077306366" lon="13.42831606501547"><time>2023-07-13T15:23:27.000Z</time></trkpt><trkpt lat="52.547452586783514" lon="13.428314865546037"><time>2023-07-13T15:23:28.000Z</time></trkpt><trkpt lat="52.547454396046255" lon="13.428313697415312"><time>2023-07-13T15:23:29.000Z</time></trkpt><trkpt lat="52.54745598653712" lon="13.42831261427221"><time>2023-07-13T15:23:30.000Z</time></trkpt><trkpt lat="52.54745747003247" lon="13.428311537746936"><time>2023-07-13T15:23:31.000Z</time></trkpt><trkpt lat="52.54745900468499" lon="13.428310520188383"><time>2023-07-13T15:23:32.000Z</time></trkpt><trkpt lat="52.54746060298203" lon="13.428309634013893"><time>2023-07-13T15:23:33.000Z</time></trkpt><trkpt lat="52.54746241480947" lon="13.428309075884982"><time>2023-07-13T15:23:34.000Z</time></trkpt><trkpt lat="52.547464447475484" lon="13.428308917758352"><time>2023-07-13T15:23:35.000Z</time></trkpt><trkpt lat="52.54746663717368" lon="13.42830916753138"><time>2023-07-13T15:23:36.000Z</time></trkpt><trkpt lat="52.54746897394404" lon="13.42830983971926"><time>2023-07-13T15:23:37.000Z</time></trkpt><trkpt lat="52.547471420150124" lon="13.428310963050427"><time>2023-07-13T15:23:38.000Z</time></trkpt><trkpt lat="52.54747393316305" lon="13.428312595846707"><time>2023-07-13T15:23:39.000Z</time></trkpt><trkpt lat="52.547476445914526" lon="13.428314715843953"><time>2023-07-13T15:23:40.000Z</time></trkpt><trkpt lat="52.54747894472198" lon="13.428317295598406"><time>2023-07-13T15:23:41.000Z</time></trkpt><trkpt lat="52.54748139695389" lon="13.428320321720868"><time>2023-07-13T15:23:42.000Z</time></trkpt><trkpt lat="52.54748362398971" lon="13.428323491894924"><time>2023-07-13T15:23:43.000Z</time></trkpt><trkpt lat="52.54748572638834" lon="13.428326702512953"><time>2023-07-13T15:23:44.000Z</time></trkpt><trkpt lat="52.54748765225802" lon="13.428329787970648"><time>2023-07-13T15:23:45.000Z</time></trkpt><trkpt lat="52.54748943822676" lon="13.428332839817159"><time>2023-07-13T15:23:46.000Z</time></trkpt><trkpt lat="52.547491130172915" lon="13.428335830537065"><time>2023-07-13T15:23:47.000Z</time></trkpt><trkpt lat="52.54749276276978" lon="13.428338741305652"><time>2023-07-13T15:23:48.000Z</time></trkpt><trkpt lat="52.547494376343" lon="13.428341515822774"><time>2023-07-13T15:23:49.000Z</time></trkpt><trkpt lat="52.547496001905614" lon="13.428344057886841"><time>2023-07-13T15:23:50.000Z</time></trkpt><trkpt lat="52.54749767625987" lon="13.428346351523968"><time>2023-07-13T15:23:51.000Z</time></trkpt><trkpt lat="52.54749940960235" lon="13.42834842742285"><time>2023-07-13T15:23:52.000Z</time></trkpt><trkpt lat="52.54750122906166" lon="13.428350334436656"><time>2023-07-13T15:23:53.000Z</time></trkpt><trkpt lat="52.5475031376009" lon="13.428352301425468"><time>2023-07-13T15:23:54.000Z</time></trkpt><trkpt lat="52.54750513188348" lon="13.428354435728073"><time>2023-07-13T15:23:55.000Z</time></trkpt><trkpt lat="52.547507186598494" lon="13.428356817592642"><time>2023-07-13T15:23:56.000Z</time></trkpt><trkpt lat="52.547509363709715" lon="13.428359373777807"><time>2023-07-13T15:23:57.000Z</time></trkpt><trkpt lat="52.5475116920763" lon="13.428362071972408"><time>2023-07-13T15:23:58.000Z</time></trkpt><trkpt lat="52.547514158874726" lon="13.428364742876795"><time>2023-07-13T15:23:59.000Z</time></trkpt><trkpt lat="52.54751669880463" lon="13.42836734902578"><time>2023-07-13T15:24:00.000Z</time></trkpt><trkpt lat="52.54751924190927" lon="13.428369852339994"><time>2023-07-13T15:24:01.000Z</time></trkpt><trkpt lat="52.547521718132366" lon="13.42837221380344"><time>2023-07-13T15:24:02.000Z</time></trkpt><trkpt lat="52.54752410328353" lon="13.428374410281872"><time>2023-07-13T15:24:03.000Z</time></trkpt><trkpt lat="52.54752638136446" lon="13.42837641899933"><time>2023-07-13T15:24:04.000Z</time></trkpt><trkpt lat="52.5475285176147" lon="13.428378195304676"><time>2023-07-13T15:24:05.000Z</time></trkpt><trkpt lat="52.547530469704135" lon="13.428379688814402"><time>2023-07-13T15:24:06.000Z</time></trkpt><trkpt lat="52.54753221268293" lon="13.428380858849096"><time>2023-07-13T15:24:07.000Z</time></trkpt><trkpt lat="52.54753370133258" lon="13.428381649963354"><time>2023-07-13T15:24:08.000Z</time></trkpt><trkpt lat="52.54753488983701" lon="13.428382091371832"><time>2023-07-13T15:24:09.000Z</time></trkpt><trkpt lat="52.54753578220511" lon="13.428382345444142"><time>2023-07-13T15:24:10.000Z</time></trkpt><trkpt lat="52.54753650111943" lon="13.428382269331467"><time>2023-07-13T15:24:11.000Z</time></trkpt><trkpt lat="52.54753713112812" lon="13.428381829284431"><time>2023-07-13T15:24:12.000Z</time></trkpt><trkpt lat="52.54753771778581" lon="13.42838104793057"><time>2023-07-13T15:24:13.000Z</time></trkpt><trkpt lat="52.54753820976105" lon="13.428379936785824"><time>2023-07-13T15:24:14.000Z</time></trkpt><trkpt lat="52.54753854532662" lon="13.428378501597926"><time>2023-07-13T15:24:15.000Z</time></trkpt><trkpt lat="52.54753867221728" lon="13.428376754143843"><time>2023-07-13T15:24:16.000Z</time></trkpt><trkpt lat="52.547538565757115" lon="13.428374702085513"><time>2023-07-13T15:24:17.000Z</time></trkpt><trkpt lat="52.54753814997603" lon="13.428372478634195"><time>2023-07-13T15:24:18.000Z</time></trkpt><trkpt lat="52.54753782440784" lon="13.428370361661798"><time>2023-07-13T15:24:19.000Z</time></trkpt><trkpt lat="52.54753748442251" lon="13.428368019115204"><time>2023-07-13T15:24:20.000Z</time></trkpt><trkpt lat="52.54753713453942" lon="13.428365281162467"><time>2023-07-13T15:24:21.000Z</time></trkpt><trkpt lat="52.54753673165656" lon="13.428362355320797"><time>2023-07-13T15:24:22.000Z</time></trkpt><trkpt lat="52.54753627360764" lon="13.428359450284587"><time>2023-07-13T15:24:23.000Z</time></trkpt><trkpt lat="52.54753578493165" lon="13.428356743491419"><time>2023-07-13T15:24:24.000Z</time></trkpt><trkpt lat="52.54753529440061" lon="13.428354347306142"><time>2023-07-13T15:24:25.000Z</time></trkpt><trkpt lat="52.547534896149166" lon="13.428352351348348"><time>2023-07-13T15:24:26.000Z</time></trkpt><trkpt lat="52.54753469301454" lon="13.42835085338579"><time>2023-07-13T15:24:27.000Z</time></trkpt><trkpt lat="52.54753475636027" lon="13.428350066908616"><time>2023-07-13T15:24:28.000Z</time></trkpt><trkpt lat="52.54753517134455" lon="13.428350049552819"><time>2023-07-13T15:24:29.000Z</time></trkpt><trkpt lat="52.54753553508453" lon="13.428348673751337"><time>2023-07-13T15:24:30.000Z</time></trkpt><trkpt lat="52.54753597532991" lon="13.42834859171179"><time>2023-07-13T15:24:31.000Z</time></trkpt><trkpt lat="52.54753638675348" lon="13.428348972223985"><time>2023-07-13T15:24:32.000Z</time></trkpt><trkpt lat="52.547536744467635" lon="13.428349928568927"><time>2023-07-13T15:24:33.000Z</time></trkpt><trkpt lat="52.547536817536844" lon="13.428350790677666"><time>2023-07-13T15:24:34.000Z</time></trkpt><trkpt lat="52.547536865531704" lon="13.4283518691888"><time>2023-07-13T15:24:35.000Z</time></trkpt><trkpt lat="52.54753697839119" lon="13.428353017358567"><time>2023-07-13T15:24:36.000Z</time></trkpt><trkpt lat="52.54753713287112" lon="13.428354102712728"><time>2023-07-13T15:24:37.000Z</time></trkpt><trkpt lat="52.54753729463432" lon="13.42835496081392"><time>2023-07-13T15:24:38.000Z</time></trkpt><trkpt lat="52.54753753902833" lon="13.42835517688875"><time>2023-07-13T15:24:39.000Z</time></trkpt><trkpt lat="52.54753815246604" lon="13.428354433348117"><time>2023-07-13T15:24:40.000Z</time></trkpt><trkpt lat="52.54753942261773" lon="13.428354759177518"><time>2023-07-13T15:24:41.000Z</time></trkpt><trkpt lat="52.54754153726717" lon="13.4283540125199"><time>2023-07-13T15:24:42.000Z</time></trkpt><trkpt lat="52.54754442844966" lon="13.428353305523176"><time>2023-07-13T15:24:43.000Z</time></trkpt><trkpt lat="52.547548245490816" lon="13.42835271091177"><time>2023-07-13T15:24:44.000Z</time></trkpt><trkpt lat="52.54755329245763" lon="13.42835281119256"><time>2023-07-13T15:24:45.000Z</time></trkpt><trkpt lat="52.54755934709223" lon="13.428353153748224"><time>2023-07-13T15:24:46.000Z</time></trkpt><trkpt lat="52.54756639972095" lon="13.428353866129292"><time>2023-07-13T15:24:47.000Z</time></trkpt><trkpt lat="52.54757425232611" lon="13.428354913317072"><time>2023-07-13T15:24:48.000Z</time></trkpt><trkpt lat="52.54758292827642" lon="13.428356427770455"><time>2023-07-13T15:24:49.000Z</time></trkpt><trkpt lat="52.54759233445814" lon="13.428358392645453"><time>2023-07-13T15:24:50.000Z</time></trkpt><trkpt lat="52.54760212520871" lon="13.428360806785356"><time>2023-07-13T15:24:51.000Z</time></trkpt><trkpt lat="52.54761197375231" lon="13.42836350327048"><time>2023-07-13T15:24:52.000Z</time></trkpt><trkpt lat="52.54762172324351" lon="13.428366318758753"><time>2023-07-13T15:24:53.000Z</time></trkpt><trkpt lat="52.547631603883275" lon="13.428369120970427"><time>2023-07-13T15:24:54.000Z</time></trkpt><trkpt lat="52.54764148208283" lon="13.428371783854601"><time>2023-07-13T15:24:55.000Z</time></trkpt><trkpt lat="52.54765133886835" lon="13.428374259213236"><time>2023-07-13T15:24:56.000Z</time></trkpt><trkpt lat="52.54766107623322" lon="13.428376449421881"><time>2023-07-13T15:24:57.000Z</time></trkpt><trkpt lat="52.54767057688573" lon="13.42837821752276"><time>2023-07-13T15:24:58.000Z</time></trkpt><trkpt lat="52.54767986585045" lon="13.42837961084894"><time>2023-07-13T15:24:59.000Z</time></trkpt><trkpt lat="52.54768878238507" lon="13.428380458437362"><time>2023-07-13T15:25:00.000Z</time></trkpt><trkpt lat="52.547697156496945" lon="13.428380982284603"><time>2023-07-13T15:25:01.000Z</time></trkpt><trkpt lat="52.54770496572621" lon="13.428381310453021"><time>2023-07-13T15:25:02.000Z</time></trkpt><trkpt lat="52.547712251033474" lon="13.428381438433485"><time>2023-07-13T15:25:03.000Z</time></trkpt><trkpt lat="52.54771897850485" lon="13.42838136750554"><time>2023-07-13T15:25:04.000Z</time></trkpt><trkpt lat="52.547725109196655" lon="13.428381122978664"><time>2023-07-13T15:25:05.000Z</time></trkpt><trkpt lat="52.547730634481034" lon="13.428380606051222"><time>2023-07-13T15:25:06.000Z</time></trkpt><trkpt lat="52.547735437551836" lon="13.428379822972529"><time>2023-07-13T15:25:07.000Z</time></trkpt><trkpt lat="52.54773947640265" lon="13.428378878082107"><time>2023-07-13T15:25:08.000Z</time></trkpt><trkpt lat="52.54774281299728" lon="13.428377793751586"><time>2023-07-13T15:25:09.000Z</time></trkpt><trkpt lat="52.54774548905575" lon="13.428376683968281"><time>2023-07-13T15:25:10.000Z</time></trkpt><trkpt lat="52.547747520788" lon="13.428375713630196"><time>2023-07-13T15:25:11.000Z</time></trkpt><trkpt lat="52.54774913307888" lon="13.428374877189203"><time>2023-07-13T15:25:12.000Z</time></trkpt><trkpt lat="52.54775073183657" lon="13.428374105145338"><time>2023-07-13T15:25:13.000Z</time></trkpt><trkpt lat="52.5477524416983" lon="13.428373374891537"><time>2023-07-13T15:25:14.000Z</time></trkpt><trkpt lat="52.54775242237586" lon="13.428373078010646"><time>2023-07-13T15:25:15.000Z</time></trkpt><trkpt lat="52.54775278744798" lon="13.428372720837418"><time>2023-07-13T15:25:16.000Z</time></trkpt><trkpt lat="52.54775294390747" lon="13.428372540303332"><time>2023-07-13T15:25:17.000Z</time></trkpt><trkpt lat="52.54775305519825" lon="13.42837265187998"><time>2023-07-13T15:25:18.000Z</time></trkpt><trkpt lat="52.54775335042573" lon="13.428373062231248"><time>2023-07-13T15:25:19.000Z</time></trkpt><trkpt lat="52.54775385405419" lon="13.428373883184584"><time>2023-07-13T15:25:20.000Z</time></trkpt><trkpt lat="52.547754750107494" lon="13.428375001919612"><time>2023-07-13T15:25:21.000Z</time></trkpt><trkpt lat="52.54775615042422" lon="13.428376272173677"><time>2023-07-13T15:25:22.000Z</time></trkpt><trkpt lat="52.54775788776316" lon="13.42837758077838"><time>2023-07-13T15:25:23.000Z</time></trkpt><trkpt lat="52.54775956739623" lon="13.428378972569105"><time>2023-07-13T15:25:24.000Z</time></trkpt><trkpt lat="52.547761049410035" lon="13.428380575398354"><time>2023-07-13T15:25:25.000Z</time></trkpt><trkpt lat="52.54776414422515" lon="13.428381994208026"><time>2023-07-13T15:25:26.000Z</time></trkpt><trkpt lat="52.5477667622416" lon="13.428383905152607"><time>2023-07-13T15:25:27.000Z</time></trkpt><trkpt lat="52.547769454534915" lon="13.428386055986978"><time>2023-07-13T15:25:28.000Z</time></trkpt><trkpt lat="52.54777211724697" lon="13.428388449434022"><time>2023-07-13T15:25:29.000Z</time></trkpt><trkpt lat="52.54777460970491" lon="13.428390889559005"><time>2023-07-13T15:25:30.000Z</time></trkpt><trkpt lat="52.54777690736974" lon="13.428393181256332"><time>2023-07-13T15:25:31.000Z</time></trkpt><trkpt lat="52.54777895175123" lon="13.428395340223517"><time>2023-07-13T15:25:32.000Z</time></trkpt><trkpt lat="52.547780734532765" lon="13.428397348188598"><time>2023-07-13T15:25:33.000Z</time></trkpt><trkpt lat="52.54778230077099" lon="13.428399284647378"><time>2023-07-13T15:25:34.000Z</time></trkpt><trkpt lat="52.5477836720667" lon="13.42840115673974"><time>2023-07-13T15:25:35.000Z</time></trkpt><trkpt lat="52.54778484418689" lon="13.428402820014872"><time>2023-07-13T15:25:36.000Z</time></trkpt><trkpt lat="52.54778585841586" lon="13.42840428788756"><time>2023-07-13T15:25:37.000Z</time></trkpt><trkpt lat="52.54778665943811" lon="13.428405383882447"><time>2023-07-13T15:25:38.000Z</time></trkpt><trkpt lat="52.547787355021086" lon="13.428406229177915"><time>2023-07-13T15:25:39.000Z</time></trkpt><trkpt lat="52.54778766256163" lon="13.428406402577236"><time>2023-07-13T15:25:40.000Z</time></trkpt><trkpt lat="52.547787803981485" lon="13.428406300141686"><time>2023-07-13T15:25:41.000Z</time></trkpt><trkpt lat="52.54778772324307" lon="13.428405965805844"><time>2023-07-13T15:25:42.000Z</time></trkpt><trkpt lat="52.54778752232453" lon="13.428405465026305"><time>2023-07-13T15:25:43.000Z</time></trkpt><trkpt lat="52.5477872694894" lon="13.428404925200061"><time>2023-07-13T15:25:44.000Z</time></trkpt><trkpt lat="52.54778704027196" lon="13.428404401311871"><time>2023-07-13T15:25:45.000Z</time></trkpt><trkpt lat="52.547786936799795" lon="13.428403945715758"><time>2023-07-13T15:25:46.000Z</time></trkpt><trkpt lat="52.5477869847324" lon="13.42840360810427"><time>2023-07-13T15:25:47.000Z</time></trkpt><trkpt lat="52.547787121645335" lon="13.428403365445535"><time>2023-07-13T15:25:48.000Z</time></trkpt><trkpt lat="52.54778734570846" lon="13.428403225299123"><time>2023-07-13T15:25:49.000Z</time></trkpt><trkpt lat="52.54778756409437" lon="13.428403074378913"><time>2023-07-13T15:25:50.000Z</time></trkpt><trkpt lat="52.54778802011394" lon="13.428403197578984"><time>2023-07-13T15:25:51.000Z</time></trkpt><trkpt lat="52.547788487226484" lon="13.428403328471699"><time>2023-07-13T15:25:52.000Z</time></trkpt><trkpt lat="52.547789044738664" lon="13.42840348959247"><time>2023-07-13T15:25:53.000Z</time></trkpt><trkpt lat="52.54778958429791" lon="13.4284035973663"><time>2023-07-13T15:25:54.000Z</time></trkpt><trkpt lat="52.54779008370583" lon="13.428403628536104"><time>2023-07-13T15:25:55.000Z</time></trkpt><trkpt lat="52.54779053162042" lon="13.428403523439094"><time>2023-07-13T15:25:56.000Z</time></trkpt><trkpt lat="52.54779092397055" lon="13.428403279306316"><time>2023-07-13T15:25:57.000Z</time></trkpt><trkpt lat="52.547791243027376" lon="13.428402941193248"><time>2023-07-13T15:25:58.000Z</time></trkpt><trkpt lat="52.54779154001031" lon="13.42840255751289"><time>2023-07-13T15:25:59.000Z</time></trkpt><trkpt lat="52.54779194830892" lon="13.428402261614691"><time>2023-07-13T15:26:00.000Z</time></trkpt><trkpt lat="52.5477925980758" lon="13.428402232123652"><time>2023-07-13T15:26:01.000Z</time></trkpt><trkpt lat="52.547793462991585" lon="13.428402467683451"><time>2023-07-13T15:26:02.000Z</time></trkpt><trkpt lat="52.54779455868106" lon="13.428403281353594"><time>2023-07-13T15:26:03.000Z</time></trkpt><trkpt lat="52.54779594353486" lon="13.428404716045026"><time>2023-07-13T15:26:04.000Z</time></trkpt><trkpt lat="52.5477975674665" lon="13.42840687764808"><time>2023-07-13T15:26:05.000Z</time></trkpt><trkpt lat="52.54779934820623" lon="13.428409751898347"><time>2023-07-13T15:26:06.000Z</time></trkpt><trkpt lat="52.547801123268755" lon="13.428413600913938"><time>2023-07-13T15:26:07.000Z</time></trkpt><trkpt lat="52.54780280461992" lon="13.428418604077347"><time>2023-07-13T15:26:08.000Z</time></trkpt><trkpt lat="52.54780433267392" lon="13.428424584595888"><time>2023-07-13T15:26:09.000Z</time></trkpt><trkpt lat="52.54780562788751" lon="13.42843184191467"><time>2023-07-13T15:26:10.000Z</time></trkpt><trkpt lat="52.54780657496103" lon="13.428440450979416"><time>2023-07-13T15:26:11.000Z</time></trkpt><trkpt lat="52.54780704067916" lon="13.428450358043966"><time>2023-07-13T15:26:12.000Z</time></trkpt><trkpt lat="52.54780701945186" lon="13.428461569920636"><time>2023-07-13T15:26:13.000Z</time></trkpt><trkpt lat="52.54780654762076" lon="13.428473709070898"><time>2023-07-13T15:26:14.000Z</time></trkpt><trkpt lat="52.54780561664513" lon="13.428486637293263"><time>2023-07-13T15:26:15.000Z</time></trkpt><trkpt lat="52.54780433785311" lon="13.428499830085354"><time>2023-07-13T15:26:16.000Z</time></trkpt><trkpt lat="52.54780259008105" lon="13.42851333655625"><time>2023-07-13T15:26:17.000Z</time></trkpt><trkpt lat="52.547800606953686" lon="13.428526693473493"><time>2023-07-13T15:26:18.000Z</time></trkpt><trkpt lat="52.54779833916893" lon="13.428539649487657"><time>2023-07-13T15:26:19.000Z</time></trkpt><trkpt lat="52.54779590653336" lon="13.428552283639016"><time>2023-07-13T15:26:20.000Z</time></trkpt><trkpt lat="52.54779331664151" lon="13.42856443557453"><time>2023-07-13T15:26:21.000Z</time></trkpt><trkpt lat="52.547790529478995" lon="13.428576153261924"><time>2023-07-13T15:26:22.000Z</time></trkpt><trkpt lat="52.54778756419396" lon="13.42858743262711"><time>2023-07-13T15:26:23.000Z</time></trkpt><trkpt lat="52.547784529412866" lon="13.428598358161251"><time>2023-07-13T15:26:24.000Z</time></trkpt><trkpt lat="52.54778145751825" lon="13.428609100576613"><time>2023-07-13T15:26:25.000Z</time></trkpt><trkpt lat="52.547778344314445" lon="13.428619625591534"><time>2023-07-13T15:26:26.000Z</time></trkpt><trkpt lat="52.54777525401868" lon="13.428630582592335"><time>2023-07-13T15:26:27.000Z</time></trkpt><trkpt lat="52.547772367853554" lon="13.428642019853832"><time>2023-07-13T15:26:28.000Z</time></trkpt><trkpt lat="52.54776950206912" lon="13.428654297533159"><time>2023-07-13T15:26:29.000Z</time></trkpt><trkpt lat="52.54776670406263" lon="13.428667271522416"><time>2023-07-13T15:26:30.000Z</time></trkpt><trkpt lat="52.54776392505489" lon="13.428681087526384"><time>2023-07-13T15:26:31.000Z</time></trkpt><trkpt lat="52.54776114457804" lon="13.428695528953286"><time>2023-07-13T15:26:32.000Z</time></trkpt><trkpt lat="52.54775834481609" lon="13.42871033902329"><time>2023-07-13T15:26:33.000Z</time></trkpt><trkpt lat="52.54775553712348" lon="13.42872542529156"><time>2023-07-13T15:26:34.000Z</time></trkpt><trkpt lat="52.54775258177356" lon="13.428740741417961"><time>2023-07-13T15:26:35.000Z</time></trkpt><trkpt lat="52.54774930419205" lon="13.428756266591915"><time>2023-07-13T15:26:36.000Z</time></trkpt><trkpt lat="52.54774567857007" lon="13.428772022586218"><time>2023-07-13T15:26:37.000Z</time></trkpt><trkpt lat="52.547741457139615" lon="13.428787992224208"><time>2023-07-13T15:26:38.000Z</time></trkpt><trkpt lat="52.54773668986265" lon="13.42880391431417"><time>2023-07-13T15:26:39.000Z</time></trkpt><trkpt lat="52.547731408710845" lon="13.428819685519745"><time>2023-07-13T15:26:40.000Z</time></trkpt><trkpt lat="52.5477255922826" lon="13.428835519525574"><time>2023-07-13T15:26:41.000Z</time></trkpt><trkpt lat="52.54771919506063" lon="13.428851297292676"><time>2023-07-13T15:26:42.000Z</time></trkpt><trkpt lat="52.54771223573241" lon="13.428867035792988"><time>2023-07-13T15:26:43.000Z</time></trkpt><trkpt lat="52.54770482406984" lon="13.428882799976401"><time>2023-07-13T15:26:44.000Z</time></trkpt><trkpt lat="52.54769696828991" lon="13.428898567916569"><time>2023-07-13T15:26:45.000Z</time></trkpt><trkpt lat="52.547688806289145" lon="13.42891427882981"><time>2023-07-13T15:26:46.000Z</time></trkpt><trkpt lat="52.54768053513899" lon="13.428929932316906"><time>2023-07-13T15:26:47.000Z</time></trkpt><trkpt lat="52.54767217203293" lon="13.428945644591586"><time>2023-07-13T15:26:48.000Z</time></trkpt><trkpt lat="52.54766378106373" lon="13.428961251748785"><time>2023-07-13T15:26:49.000Z</time></trkpt><trkpt lat="52.54765532067317" lon="13.428977035227792"><time>2023-07-13T15:26:50.000Z</time></trkpt><trkpt lat="52.547646801879544" lon="13.42899306804478"><time>2023-07-13T15:26:51.000Z</time></trkpt><trkpt lat="52.54763821824618" lon="13.429009379731731"><time>2023-07-13T15:26:52.000Z</time></trkpt><trkpt lat="52.54762958355525" lon="13.429026056427865"><time>2023-07-13T15:26:53.000Z</time></trkpt><trkpt lat="52.54762105241119" lon="13.429042941168383"><time>2023-07-13T15:26:54.000Z</time></trkpt><trkpt lat="52.54761249199712" lon="13.429059971501074"><time>2023-07-13T15:26:55.000Z</time></trkpt><trkpt lat="52.547603977274655" lon="13.429077147947991"><time>2023-07-13T15:26:56.000Z</time></trkpt><trkpt lat="52.54759555520528" lon="13.429094446914252"><time>2023-07-13T15:26:57.000Z</time></trkpt><trkpt lat="52.547587173249894" lon="13.429111811475302"><time>2023-07-13T15:26:58.000Z</time></trkpt><trkpt lat="52.54757884825338" lon="13.429129246391057"><time>2023-07-13T15:26:59.000Z</time></trkpt><trkpt lat="52.54757076254637" lon="13.429146748570128"><time>2023-07-13T15:27:00.000Z</time></trkpt><trkpt lat="52.54756286400061" lon="13.429164209168983"><time>2023-07-13T15:27:01.000Z</time></trkpt><trkpt lat="52.547555178736246" lon="13.42918164966357"><time>2023-07-13T15:27:02.000Z</time></trkpt><trkpt lat="52.54754780284259" lon="13.42919902785949"><time>2023-07-13T15:27:03.000Z</time></trkpt><trkpt lat="52.54754072786607" lon="13.42921633888422"><time>2023-07-13T15:27:04.000Z</time></trkpt><trkpt lat="52.547533874823735" lon="13.429233787015153"><time>2023-07-13T15:27:05.000Z</time></trkpt><trkpt lat="52.54752738288196" lon="13.429251273164038"><time>2023-07-13T15:27:06.000Z</time></trkpt><trkpt lat="52.54752123011626" lon="13.429268693595303"><time>2023-07-13T15:27:07.000Z</time></trkpt><trkpt lat="52.547515295412765" lon="13.429285980400733"><time>2023-07-13T15:27:08.000Z</time></trkpt><trkpt lat="52.54750953664059" lon="13.4293031126981"><time>2023-07-13T15:27:09.000Z</time></trkpt><trkpt lat="52.54750378776619" lon="13.429320012588477"><time>2023-07-13T15:27:10.000Z</time></trkpt><trkpt lat="52.54749785300044" lon="13.429336664266874"><time>2023-07-13T15:27:11.000Z</time></trkpt><trkpt lat="52.54749168296655" lon="13.429353121873561"><time>2023-07-13T15:27:12.000Z</time></trkpt><trkpt lat="52.547485420130165" lon="13.429369260422218"><time>2023-07-13T15:27:13.000Z</time></trkpt><trkpt lat="52.54747915496562" lon="13.429384914032152"><time>2023-07-13T15:27:14.000Z</time></trkpt><trkpt lat="52.54747306863326" lon="13.429400158360517"><time>2023-07-13T15:27:15.000Z</time></trkpt><trkpt lat="52.54746725226726" lon="13.429415010891065"><time>2023-07-13T15:27:16.000Z</time></trkpt><trkpt lat="52.547461767731825" lon="13.429429621330998"><time>2023-07-13T15:27:17.000Z</time></trkpt><trkpt lat="52.547456522921635" lon="13.429444215484835"><time>2023-07-13T15:27:18.000Z</time></trkpt><trkpt lat="52.54745152879274" lon="13.429458982899805"><time>2023-07-13T15:27:19.000Z</time></trkpt><trkpt lat="52.547446720953594" lon="13.429474083468312"><time>2023-07-13T15:27:20.000Z</time></trkpt><trkpt lat="52.547442087402366" lon="13.429489682610416"><time>2023-07-13T15:27:21.000Z</time></trkpt><trkpt lat="52.54743760982506" lon="13.429505773703172"><time>2023-07-13T15:27:22.000Z</time></trkpt><trkpt lat="52.547433339005345" lon="13.429522297836156"><time>2023-07-13T15:27:23.000Z</time></trkpt><trkpt lat="52.547429136187674" lon="13.429539239613838"><time>2023-07-13T15:27:24.000Z</time></trkpt><trkpt lat="52.54742484824917" lon="13.42955668014937"><time>2023-07-13T15:27:25.000Z</time></trkpt><trkpt lat="52.547420369215224" lon="13.429574370698482"><time>2023-07-13T15:27:26.000Z</time></trkpt><trkpt lat="52.54741560943318" lon="13.429592198742785"><time>2023-07-13T15:27:27.000Z</time></trkpt><trkpt lat="52.547410373786214" lon="13.429610020809035"><time>2023-07-13T15:27:28.000Z</time></trkpt><trkpt lat="52.54740462709057" lon="13.429627761475512"><time>2023-07-13T15:27:29.000Z</time></trkpt><trkpt lat="52.547398418150344" lon="13.429645388292863"><time>2023-07-13T15:27:30.000Z</time></trkpt><trkpt lat="52.547391790341415" lon="13.429662823362163"><time>2023-07-13T15:27:31.000Z</time></trkpt><trkpt lat="52.547384855539754" lon="13.429679974228339"><time>2023-07-13T15:27:32.000Z</time></trkpt><trkpt lat="52.54737776923371" lon="13.429696815914603"><time>2023-07-13T15:27:33.000Z</time></trkpt><trkpt lat="52.54737068002682" lon="13.4297133346223"><time>2023-07-13T15:27:34.000Z</time></trkpt><trkpt lat="52.54736370961809" lon="13.429729544682374"><time>2023-07-13T15:27:35.000Z</time></trkpt><trkpt lat="52.547357005615005" lon="13.429745556729728"><time>2023-07-13T15:27:36.000Z</time></trkpt><trkpt lat="52.547350592569046" lon="13.429761515036034"><time>2023-07-13T15:27:37.000Z</time></trkpt><trkpt lat="52.54734453178413" lon="13.429777537524503"><time>2023-07-13T15:27:38.000Z</time></trkpt><trkpt lat="52.54733889156111" lon="13.42979374613101"><time>2023-07-13T15:27:39.000Z</time></trkpt><trkpt lat="52.54733373690157" lon="13.429810106768377"><time>2023-07-13T15:27:40.000Z</time></trkpt><trkpt lat="52.5473290350744" lon="13.429826617409798"><time>2023-07-13T15:27:41.000Z</time></trkpt><trkpt lat="52.54732486330709" lon="13.42984289615605"><time>2023-07-13T15:27:42.000Z</time></trkpt><trkpt lat="52.54732123502079" lon="13.429859110924864"><time>2023-07-13T15:27:43.000Z</time></trkpt><trkpt lat="52.54731778545461" lon="13.429875231539365"><time>2023-07-13T15:27:44.000Z</time></trkpt><trkpt lat="52.547314379189636" lon="13.429891344926977"><time>2023-07-13T15:27:45.000Z</time></trkpt><trkpt lat="52.54731080213519" lon="13.429907406149944"><time>2023-07-13T15:27:46.000Z</time></trkpt><trkpt lat="52.5473069152743" lon="13.429923434452684"><time>2023-07-13T15:27:47.000Z</time></trkpt><trkpt lat="52.54730280402657" lon="13.429939532977057"><time>2023-07-13T15:27:48.000Z</time></trkpt><trkpt lat="52.54729849388968" lon="13.42995576924229"><time>2023-07-13T15:27:49.000Z</time></trkpt><trkpt lat="52.547294077790596" lon="13.42997179283629"><time>2023-07-13T15:27:50.000Z</time></trkpt><trkpt lat="52.54728956908823" lon="13.429987744529889"><time>2023-07-13T15:27:51.000Z</time></trkpt><trkpt lat="52.547284955481935" lon="13.430003704678747"><time>2023-07-13T15:27:52.000Z</time></trkpt><trkpt lat="52.547280001305175" lon="13.4300199340856"><time>2023-07-13T15:27:53.000Z</time></trkpt><trkpt lat="52.5472746892026" lon="13.430036351064057"><time>2023-07-13T15:27:54.000Z</time></trkpt><trkpt lat="52.54726934007365" lon="13.430053079105924"><time>2023-07-13T15:27:55.000Z</time></trkpt><trkpt lat="52.54726406784851" lon="13.430069776581929"><time>2023-07-13T15:27:56.000Z</time></trkpt><trkpt lat="52.54725896201797" lon="13.430086656245201"><time>2023-07-13T15:27:57.000Z</time></trkpt><trkpt lat="52.54725411122622" lon="13.430103817265877"><time>2023-07-13T15:27:58.000Z</time></trkpt><trkpt lat="52.547249412984655" lon="13.43012117934972"><time>2023-07-13T15:27:59.000Z</time></trkpt><trkpt lat="52.54724477812617" lon="13.430138701448806"><time>2023-07-13T15:28:00.000Z</time></trkpt><trkpt lat="52.547240084391504" lon="13.430156717105659"><time>2023-07-13T15:28:01.000Z</time></trkpt><trkpt lat="52.54723540925718" lon="13.430175136240042"><time>2023-07-13T15:28:02.000Z</time></trkpt><trkpt lat="52.54723082602896" lon="13.430193560881605"><time>2023-07-13T15:28:03.000Z</time></trkpt><trkpt lat="52.54722634796611" lon="13.430212133705146"><time>2023-07-13T15:28:04.000Z</time></trkpt><trkpt lat="52.54722192806978" lon="13.430230819006136"><time>2023-07-13T15:28:05.000Z</time></trkpt><trkpt lat="52.547217499035135" lon="13.430249566523901"><time>2023-07-13T15:28:06.000Z</time></trkpt><trkpt lat="52.54721295151359" lon="13.430268738585694"><time>2023-07-13T15:28:07.000Z</time></trkpt><trkpt lat="52.547208128248855" lon="13.430288059975938"><time>2023-07-13T15:28:08.000Z</time></trkpt><trkpt lat="52.54720288356318" lon="13.430307304777516"><time>2023-07-13T15:28:09.000Z</time></trkpt><trkpt lat="52.547197339715815" lon="13.430326158426169"><time>2023-07-13T15:28:10.000Z</time></trkpt><trkpt lat="52.54719148184143" lon="13.430344742714466"><time>2023-07-13T15:28:11.000Z</time></trkpt><trkpt lat="52.54718544781163" lon="13.430362953026503"><time>2023-07-13T15:28:12.000Z</time></trkpt><trkpt lat="52.54717931509047" lon="13.430380771530487"><time>2023-07-13T15:28:13.000Z</time></trkpt><trkpt lat="52.54717316446616" lon="13.430398560041851"><time>2023-07-13T15:28:14.000Z</time></trkpt><trkpt lat="52.54716711066571" lon="13.430416364460564"><time>2023-07-13T15:28:15.000Z</time></trkpt><trkpt lat="52.54716098424426" lon="13.43043437383227"><time>2023-07-13T15:28:16.000Z</time></trkpt><trkpt lat="52.54715476296605" lon="13.430452560334464"><time>2023-07-13T15:28:17.000Z</time></trkpt><trkpt lat="52.547148436298365" lon="13.430470600783849"><time>2023-07-13T15:28:18.000Z</time></trkpt><trkpt lat="52.54714211849511" lon="13.430488718108522"><time>2023-07-13T15:28:19.000Z</time></trkpt><trkpt lat="52.54713583586317" lon="13.430506938902623"><time>2023-07-13T15:28:20.000Z</time></trkpt><trkpt lat="52.54712955059183" lon="13.430525361947309"><time>2023-07-13T15:28:21.000Z</time></trkpt><trkpt lat="52.54712332417177" lon="13.430543751928457"><time>2023-07-13T15:28:23.000Z</time></trkpt><trkpt lat="52.54711703999603" lon="13.430562178658244"><time>2023-07-13T15:28:24.000Z</time></trkpt><trkpt lat="52.54711043782172" lon="13.430580614170855"><time>2023-07-13T15:28:25.000Z</time></trkpt><trkpt lat="52.547103392140116" lon="13.430598903221203"><time>2023-07-13T15:28:26.000Z</time></trkpt><trkpt lat="52.547095953573034" lon="13.43061702146715"><time>2023-07-13T15:28:27.000Z</time></trkpt><trkpt lat="52.54708840369026" lon="13.430634730155147"><time>2023-07-13T15:28:28.000Z</time></trkpt><trkpt lat="52.54708081501321" lon="13.430651955603661"><time>2023-07-13T15:28:29.000Z</time></trkpt><trkpt lat="52.54707320988345" lon="13.430668872281716"><time>2023-07-13T15:28:30.000Z</time></trkpt><trkpt lat="52.54706572490889" lon="13.43068550281173"><time>2023-07-13T15:28:31.000Z</time></trkpt><trkpt lat="52.54705846907707" lon="13.43070185845374"><time>2023-07-13T15:28:32.000Z</time></trkpt><trkpt lat="52.54705139631044" lon="13.4307181297479"><time>2023-07-13T15:28:33.000Z</time></trkpt><trkpt lat="52.547044461894714" lon="13.430734358356313"><time>2023-07-13T15:28:34.000Z</time></trkpt><trkpt lat="52.54703764993124" lon="13.43075055398308"><time>2023-07-13T15:28:35.000Z</time></trkpt><trkpt lat="52.547031024761736" lon="13.430766620508496"><time>2023-07-13T15:28:36.000Z</time></trkpt><trkpt lat="52.54702451313025" lon="13.430782576521853"><time>2023-07-13T15:28:37.000Z</time></trkpt><trkpt lat="52.54701802924364" lon="13.43079826839541"><time>2023-07-13T15:28:38.000Z</time></trkpt><trkpt lat="52.547011519218195" lon="13.430813769421718"><time>2023-07-13T15:28:39.000Z</time></trkpt><trkpt lat="52.54700510049502" lon="13.430829269670058"><time>2023-07-13T15:28:40.000Z</time></trkpt><trkpt lat="52.546998894119504" lon="13.430844950406424"><time>2023-07-13T15:28:41.000Z</time></trkpt><trkpt lat="52.546992990186254" lon="13.430860782825613"><time>2023-07-13T15:28:42.000Z</time></trkpt><trkpt lat="52.54698747984191" lon="13.430876796449372"><time>2023-07-13T15:28:43.000Z</time></trkpt><trkpt lat="52.54698236305535" lon="13.43089293221373"><time>2023-07-13T15:28:44.000Z</time></trkpt><trkpt lat="52.546977669725315" lon="13.430909191039966"><time>2023-07-13T15:28:45.000Z</time></trkpt><trkpt lat="52.54697340106568" lon="13.4309254466315"><time>2023-07-13T15:28:46.000Z</time></trkpt><trkpt lat="52.5469695259327" lon="13.430941702714385"><time>2023-07-13T15:28:47.000Z</time></trkpt><trkpt lat="52.54696601346277" lon="13.430958023532195"><time>2023-07-13T15:28:48.000Z</time></trkpt><trkpt lat="52.54696292315457" lon="13.430974542772184"><time>2023-07-13T15:28:49.000Z</time></trkpt><trkpt lat="52.5469601919985" lon="13.43099131120684"><time>2023-07-13T15:28:50.000Z</time></trkpt><trkpt lat="52.54695770183137" lon="13.431008388493849"><time>2023-07-13T15:28:51.000Z</time></trkpt><trkpt lat="52.5469553282276" lon="13.43102578865706"><time>2023-07-13T15:28:52.000Z</time></trkpt><trkpt lat="52.54695289515628" lon="13.431043473658052"><time>2023-07-13T15:28:53.000Z</time></trkpt><trkpt lat="52.54695021878033" lon="13.431061475639085"><time>2023-07-13T15:28:54.000Z</time></trkpt><trkpt lat="52.546947120902516" lon="13.43107980620823"><time>2023-07-13T15:28:55.000Z</time></trkpt><trkpt lat="52.54694364254565" lon="13.431098170475565"><time>2023-07-13T15:28:56.000Z</time></trkpt><trkpt lat="52.546939680411896" lon="13.431116714944306"><time>2023-07-13T15:28:57.000Z</time></trkpt><trkpt lat="52.54693526162362" lon="13.43113547990488"><time>2023-07-13T15:28:58.000Z</time></trkpt><trkpt lat="52.546930478821466" lon="13.431154426008607"><time>2023-07-13T15:28:59.000Z</time></trkpt><trkpt lat="52.54692545732741" lon="13.431173502953868"><time>2023-07-13T15:29:00.000Z</time></trkpt><trkpt lat="52.546920223628874" lon="13.431192645063986"><time>2023-07-13T15:29:01.000Z</time></trkpt><trkpt lat="52.546914810917634" lon="13.431211684687367"><time>2023-07-13T15:29:02.000Z</time></trkpt><trkpt lat="52.54690922147827" lon="13.431230492313215"><time>2023-07-13T15:29:03.000Z</time></trkpt><trkpt lat="52.54690348085824" lon="13.431249011559492"><time>2023-07-13T15:29:04.000Z</time></trkpt><trkpt lat="52.54689765611338" lon="13.43126707469272"><time>2023-07-13T15:29:05.000Z</time></trkpt><trkpt lat="52.54689192258363" lon="13.431284584303409"><time>2023-07-13T15:29:06.000Z</time></trkpt><trkpt lat="52.54688625934052" lon="13.431301713263712"><time>2023-07-13T15:29:07.000Z</time></trkpt><trkpt lat="52.546880809285426" lon="13.431318392416584"><time>2023-07-13T15:29:08.000Z</time></trkpt><trkpt lat="52.546875639088256" lon="13.431334483857375"><time>2023-07-13T15:29:09.000Z</time></trkpt><trkpt lat="52.54687067231207" lon="13.431350084893209"><time>2023-07-13T15:29:10.000Z</time></trkpt><trkpt lat="52.54686579542506" lon="13.431365289125635"><time>2023-07-13T15:29:11.000Z</time></trkpt><trkpt lat="52.54686095421362" lon="13.431380143826296"><time>2023-07-13T15:29:12.000Z</time></trkpt><trkpt lat="52.5468561727374" lon="13.431394668526229"><time>2023-07-13T15:29:13.000Z</time></trkpt><trkpt lat="52.546851480303765" lon="13.431408834461177"><time>2023-07-13T15:29:14.000Z</time></trkpt><trkpt lat="52.54684687030176" lon="13.431422655593575"><time>2023-07-13T15:29:15.000Z</time></trkpt><trkpt lat="52.54684232977713" lon="13.43143613515812"><time>2023-07-13T15:29:16.000Z</time></trkpt><trkpt lat="52.546837839320276" lon="13.431449403853039"><time>2023-07-13T15:29:17.000Z</time></trkpt><trkpt lat="52.546833237821645" lon="13.431462611825696"><time>2023-07-13T15:29:18.000Z</time></trkpt><trkpt lat="52.54682854251205" lon="13.431475882731673"><time>2023-07-13T15:29:19.000Z</time></trkpt><trkpt lat="52.5468236990098" lon="13.431489463227022"><time>2023-07-13T15:29:20.000Z</time></trkpt><trkpt lat="52.546818715345154" lon="13.43150339388879"><time>2023-07-13T15:29:21.000Z</time></trkpt><trkpt lat="52.54681366534676" lon="13.431517418684399"><time>2023-07-13T15:29:22.000Z</time></trkpt><trkpt lat="52.54680861174408" lon="13.431531602635392"><time>2023-07-13T15:29:23.000Z</time></trkpt><trkpt lat="52.546803400580096" lon="13.431545952661573"><time>2023-07-13T15:29:24.000Z</time></trkpt><trkpt lat="52.546797940838886" lon="13.431560524367008"><time>2023-07-13T15:29:25.000Z</time></trkpt><trkpt lat="52.54679217491418" lon="13.431575310586226"><time>2023-07-13T15:29:26.000Z</time></trkpt><trkpt lat="52.5467859888322" lon="13.431590439274096"><time>2023-07-13T15:29:27.000Z</time></trkpt><trkpt lat="52.546779457193516" lon="13.431605689037982"><time>2023-07-13T15:29:28.000Z</time></trkpt><trkpt lat="52.546772642316725" lon="13.431621149302988"><time>2023-07-13T15:29:29.000Z</time></trkpt><trkpt lat="52.5467655060176" lon="13.43163682354948"><time>2023-07-13T15:29:30.000Z</time></trkpt><trkpt lat="52.54675808945594" lon="13.431652699821363"><time>2023-07-13T15:29:31.000Z</time></trkpt><trkpt lat="52.54675050706614" lon="13.431668705194589"><time>2023-07-13T15:29:32.000Z</time></trkpt><trkpt lat="52.54674273231722" lon="13.431684960663288"><time>2023-07-13T15:29:33.000Z</time></trkpt><trkpt lat="52.546734841428226" lon="13.431701353053937"><time>2023-07-13T15:29:34.000Z</time></trkpt><trkpt lat="52.54672703434658" lon="13.43171762977338"><time>2023-07-13T15:29:35.000Z</time></trkpt><trkpt lat="52.546719358861715" lon="13.431733802695833"><time>2023-07-13T15:29:36.000Z</time></trkpt><trkpt lat="52.54671190229189" lon="13.431749847827195"><time>2023-07-13T15:29:37.000Z</time></trkpt><trkpt lat="52.54670475901453" lon="13.43176576103197"><time>2023-07-13T15:29:38.000Z</time></trkpt><trkpt lat="52.54669783077402" lon="13.431781784585025"><time>2023-07-13T15:29:39.000Z</time></trkpt><trkpt lat="52.546691179334964" lon="13.431797712980602"><time>2023-07-13T15:29:40.000Z</time></trkpt><trkpt lat="52.54668481681744" lon="13.431813541141452"><time>2023-07-13T15:29:41.000Z</time></trkpt><trkpt lat="52.54667875356742" lon="13.431829261451698"><time>2023-07-13T15:29:42.000Z</time></trkpt><trkpt lat="52.546672961236204" lon="13.431844889429714"><time>2023-07-13T15:29:43.000Z</time></trkpt><trkpt lat="52.54666734700261" lon="13.431860519045546"><time>2023-07-13T15:29:44.000Z</time></trkpt><trkpt lat="52.54666179412276" lon="13.431876258886826"><time>2023-07-13T15:29:45.000Z</time></trkpt><trkpt lat="52.546656273743686" lon="13.431892137328822"><time>2023-07-13T15:29:46.000Z</time></trkpt><trkpt lat="52.54665081460008" lon="13.431908326670442"><time>2023-07-13T15:29:47.000Z</time></trkpt><trkpt lat="52.54664537609861" lon="13.431924964980118"><time>2023-07-13T15:29:48.000Z</time></trkpt><trkpt lat="52.54664000216298" lon="13.431942099386179"><time>2023-07-13T15:29:49.000Z</time></trkpt><trkpt lat="52.546634755441715" lon="13.431959691481696"><time>2023-07-13T15:29:50.000Z</time></trkpt><trkpt lat="52.54662968999906" lon="13.43197779527386"><time>2023-07-13T15:29:51.000Z</time></trkpt><trkpt lat="52.54662486344751" lon="13.43199626540594"><time>2023-07-13T15:29:52.000Z</time></trkpt><trkpt lat="52.54662033785669" lon="13.432014825495413"><time>2023-07-13T15:29:53.000Z</time></trkpt><trkpt lat="52.546616170913765" lon="13.43203351886268"><time>2023-07-13T15:29:54.000Z</time></trkpt><trkpt lat="52.54661251013913" lon="13.432052235364184"><time>2023-07-13T15:29:55.000Z</time></trkpt><trkpt lat="52.546609448030225" lon="13.432070832140878"><time>2023-07-13T15:29:56.000Z</time></trkpt><trkpt lat="52.54660691170463" lon="13.432089512569346"><time>2023-07-13T15:29:57.000Z</time></trkpt><trkpt lat="52.546604826543074" lon="13.43210797168707"><time>2023-07-13T15:29:58.000Z</time></trkpt><trkpt lat="52.54660311813177" lon="13.43212603146276"><time>2023-07-13T15:29:59.000Z</time></trkpt><trkpt lat="52.54660167974287" lon="13.432143623312607"><time>2023-07-13T15:30:00.000Z</time></trkpt><trkpt lat="52.5466003391178" lon="13.432160666287238"><time>2023-07-13T15:30:01.000Z</time></trkpt><trkpt lat="52.54659895005591" lon="13.432177209603218"><time>2023-07-13T15:30:02.000Z</time></trkpt><trkpt lat="52.546597323273204" lon="13.432193294615557"><time>2023-07-13T15:30:03.000Z</time></trkpt><trkpt lat="52.546595335943955" lon="13.432209138090043"><time>2023-07-13T15:30:04.000Z</time></trkpt><trkpt lat="52.54659285969596" lon="13.432224711241952"><time>2023-07-13T15:30:05.000Z</time></trkpt><trkpt lat="52.546589860484595" lon="13.43223995879478"><time>2023-07-13T15:30:06.000Z</time></trkpt><trkpt lat="52.546586219505485" lon="13.432254980696632"><time>2023-07-13T15:30:07.000Z</time></trkpt><trkpt lat="52.546582053209974" lon="13.432269842132841"><time>2023-07-13T15:30:08.000Z</time></trkpt><trkpt lat="52.54657749006987" lon="13.432284653820194"><time>2023-07-13T15:30:09.000Z</time></trkpt><trkpt lat="52.546572590859974" lon="13.432299415267346"><time>2023-07-13T15:30:10.000Z</time></trkpt><trkpt lat="52.54656738939456" lon="13.432314053468367"><time>2023-07-13T15:30:11.000Z</time></trkpt><trkpt lat="52.5465619879257" lon="13.43232846671449"><time>2023-07-13T15:30:12.000Z</time></trkpt><trkpt lat="52.54655637341198" lon="13.432342583064367"><time>2023-07-13T15:30:13.000Z</time></trkpt><trkpt lat="52.5465505828798" lon="13.432356357764501"><time>2023-07-13T15:30:14.000Z</time></trkpt><trkpt lat="52.54654456623023" lon="13.432369933633"><time>2023-07-13T15:30:15.000Z</time></trkpt><trkpt lat="52.5465382944734" lon="13.43238339022709"><time>2023-07-13T15:30:16.000Z</time></trkpt><trkpt lat="52.54653169198161" lon="13.432397049337913"><time>2023-07-13T15:30:17.000Z</time></trkpt><trkpt lat="52.54652484441106" lon="13.43241104719134"><time>2023-07-13T15:30:18.000Z</time></trkpt><trkpt lat="52.54651773764963" lon="13.432425127345342"><time>2023-07-13T15:30:19.000Z</time></trkpt><trkpt lat="52.54651040790822" lon="13.43243941239092"><time>2023-07-13T15:30:20.000Z</time></trkpt><trkpt lat="52.54650286476714" lon="13.432454129780654"><time>2023-07-13T15:30:21.000Z</time></trkpt><trkpt lat="52.54649516311854" lon="13.432469416723107"><time>2023-07-13T15:30:22.000Z</time></trkpt><trkpt lat="52.54648728806287" lon="13.43248544719596"><time>2023-07-13T15:30:23.000Z</time></trkpt><trkpt lat="52.54647928982353" lon="13.432502195853914"><time>2023-07-13T15:30:24.000Z</time></trkpt><trkpt lat="52.54647128715197" lon="13.432519706877224"><time>2023-07-13T15:30:25.000Z</time></trkpt><trkpt lat="52.54646346026545" lon="13.43253765892515"><time>2023-07-13T15:30:26.000Z</time></trkpt><trkpt lat="52.54645588902465" lon="13.432556066819982"><time>2023-07-13T15:30:27.000Z</time></trkpt><trkpt lat="52.54644863717683" lon="13.43257480358954"><time>2023-07-13T15:30:28.000Z</time></trkpt><trkpt lat="52.54644173163583" lon="13.432593674373912"><time>2023-07-13T15:30:29.000Z</time></trkpt><trkpt lat="52.54643503477906" lon="13.43261285495238"><time>2023-07-13T15:30:30.000Z</time></trkpt><trkpt lat="52.546428368465335" lon="13.432632073569271"><time>2023-07-13T15:30:31.000Z</time></trkpt><trkpt lat="52.54642164373297" lon="13.432651009702754"><time>2023-07-13T15:30:32.000Z</time></trkpt><trkpt lat="52.54641492479297" lon="13.432669341725465"><time>2023-07-13T15:30:33.000Z</time></trkpt><trkpt lat="52.546408113660526" lon="13.432686952614993"><time>2023-07-13T15:30:34.000Z</time></trkpt><trkpt lat="52.54640128947424" lon="13.432703911077988"><time>2023-07-13T15:30:35.000Z</time></trkpt><trkpt lat="52.54639449192789" lon="13.432720305802535"><time>2023-07-13T15:30:36.000Z</time></trkpt><trkpt lat="52.54638774405092" lon="13.43273648978029"><time>2023-07-13T15:30:37.000Z</time></trkpt><trkpt lat="52.54638110424018" lon="13.432752426569705"><time>2023-07-13T15:30:38.000Z</time></trkpt><trkpt lat="52.54637462299609" lon="13.432768191346828"><time>2023-07-13T15:30:39.000Z</time></trkpt><trkpt lat="52.5463683254646" lon="13.432783563783609"><time>2023-07-13T15:30:40.000Z</time></trkpt><trkpt lat="52.54636226091978" lon="13.432798743653427"><time>2023-07-13T15:30:41.000Z</time></trkpt><trkpt lat="52.54635647122175" lon="13.432813944446425"><time>2023-07-13T15:30:42.000Z</time></trkpt><trkpt lat="52.54635099712877" lon="13.432829380676385"><time>2023-07-13T15:30:43.000Z</time></trkpt><trkpt lat="52.54634564598914" lon="13.432845372373794"><time>2023-07-13T15:30:44.000Z</time></trkpt><trkpt lat="52.54634059513792" lon="13.432861782330086"><time>2023-07-13T15:30:45.000Z</time></trkpt><trkpt lat="52.546335703180155" lon="13.432878738049732"><time>2023-07-13T15:30:46.000Z</time></trkpt><trkpt lat="52.546330896579775" lon="13.432896275114418"><time>2023-07-13T15:30:47.000Z</time></trkpt><trkpt lat="52.546326050385204" lon="13.432914342137472"><time>2023-07-13T15:30:48.000Z</time></trkpt><trkpt lat="52.5463211012009" lon="13.432932904888405"><time>2023-07-13T15:30:49.000Z</time></trkpt><trkpt lat="52.54631592408463" lon="13.432951805972488"><time>2023-07-13T15:30:50.000Z</time></trkpt><trkpt lat="52.54631042309959" lon="13.432971225468291"><time>2023-07-13T15:30:51.000Z</time></trkpt><trkpt lat="52.54630453502145" lon="13.432990983461027"><time>2023-07-13T15:30:52.000Z</time></trkpt><trkpt lat="52.546298408599995" lon="13.433010668447833"><time>2023-07-13T15:30:53.000Z</time></trkpt><trkpt lat="52.546292046670736" lon="13.433030284973666"><time>2023-07-13T15:30:54.000Z</time></trkpt><trkpt lat="52.54628558187001" lon="13.43304980626013"><time>2023-07-13T15:30:55.000Z</time></trkpt><trkpt lat="52.54627900695193" lon="13.433069454436879"><time>2023-07-13T15:30:56.000Z</time></trkpt><trkpt lat="52.54627251396746" lon="13.43308907677698"><time>2023-07-13T15:30:57.000Z</time></trkpt><trkpt lat="52.5462661194129" lon="13.433108581726167"><time>2023-07-13T15:30:58.000Z</time></trkpt><trkpt lat="52.546259914108084" lon="13.433127730039535"><time>2023-07-13T15:30:59.000Z</time></trkpt><trkpt lat="52.54625394521682" lon="13.433146472950925"><time>2023-07-13T15:31:00.000Z</time></trkpt><trkpt lat="52.546248245065605" lon="13.43316479522859"><time>2023-07-13T15:31:01.000Z</time></trkpt><trkpt lat="52.54624276904288" lon="13.433182687496002"><time>2023-07-13T15:31:02.000Z</time></trkpt><trkpt lat="52.54623755954097" lon="13.433200198805933"><time>2023-07-13T15:31:03.000Z</time></trkpt><trkpt lat="52.546232421194084" lon="13.433217693328185"><time>2023-07-13T15:31:04.000Z</time></trkpt><trkpt lat="52.54622747283771" lon="13.433234917855422"><time>2023-07-13T15:31:05.000Z</time></trkpt><trkpt lat="52.54622265752543" lon="13.433251941380915"><time>2023-07-13T15:31:06.000Z</time></trkpt><trkpt lat="52.546217934411814" lon="13.433268838794083"><time>2023-07-13T15:31:07.000Z</time></trkpt><trkpt lat="52.546213177792076" lon="13.43328560825238"><time>2023-07-13T15:31:08.000Z</time></trkpt><trkpt lat="52.54620834138945" lon="13.433302257576408"><time>2023-07-13T15:31:09.000Z</time></trkpt><trkpt lat="52.54620325196183" lon="13.433318954397283"><time>2023-07-13T15:31:10.000Z</time></trkpt><trkpt lat="52.54619792871802" lon="13.433335484774465"><time>2023-07-13T15:31:11.000Z</time></trkpt><trkpt lat="52.546192262740576" lon="13.433351881423453"><time>2023-07-13T15:31:12.000Z</time></trkpt><trkpt lat="52.546186337917725" lon="13.433368210635104"><time>2023-07-13T15:31:13.000Z</time></trkpt><trkpt lat="52.546180202516695" lon="13.433384435926929"><time>2023-07-13T15:31:14.000Z</time></trkpt><trkpt lat="52.54617398026739" lon="13.43340050808236"><time>2023-07-13T15:31:15.000Z</time></trkpt><trkpt lat="52.54616762140706" lon="13.433416630682723"><time>2023-07-13T15:31:16.000Z</time></trkpt><trkpt lat="52.54616124479765" lon="13.433432550397841"><time>2023-07-13T15:31:17.000Z</time></trkpt><trkpt lat="52.546154876213855" lon="13.433448348832217"><time>2023-07-13T15:31:18.000Z</time></trkpt><trkpt lat="52.5461485488054" lon="13.433464093996418"><time>2023-07-13T15:31:19.000Z</time></trkpt><trkpt lat="52.546142305893724" lon="13.433479848823772"><time>2023-07-13T15:31:20.000Z</time></trkpt><trkpt lat="52.546136197241566" lon="13.433495566226888"><time>2023-07-13T15:31:21.000Z</time></trkpt><trkpt lat="52.546130096990076" lon="13.433511407695043"><time>2023-07-13T15:31:22.000Z</time></trkpt><trkpt lat="52.54612421121519" lon="13.4335271006946"><time>2023-07-13T15:31:23.000Z</time></trkpt><trkpt lat="52.54611840958691" lon="13.433542561123387"><time>2023-07-13T15:31:24.000Z</time></trkpt><trkpt lat="52.54611261291686" lon="13.433557847943005"><time>2023-07-13T15:31:25.000Z</time></trkpt><trkpt lat="52.5461068976264" lon="13.433573213214311"><time>2023-07-13T15:31:26.000Z</time></trkpt><trkpt lat="52.5461013040692" lon="13.43358874562539"><time>2023-07-13T15:31:27.000Z</time></trkpt><trkpt lat="52.546095819180486" lon="13.433604343426527"><time>2023-07-13T15:31:28.000Z</time></trkpt><trkpt lat="52.546090334733755" lon="13.433620098008207"><time>2023-07-13T15:31:29.000Z</time></trkpt><trkpt lat="52.5460847852263" lon="13.43363586176169"><time>2023-07-13T15:31:30.000Z</time></trkpt><trkpt lat="52.54607907055056" lon="13.433651488224717"><time>2023-07-13T15:31:31.000Z</time></trkpt><trkpt lat="52.54607321917977" lon="13.433667006550523"><time>2023-07-13T15:31:32.000Z</time></trkpt><trkpt lat="52.546067417761584" lon="13.433682166438906"><time>2023-07-13T15:31:33.000Z</time></trkpt><trkpt lat="52.546061636823694" lon="13.433697409446777"><time>2023-07-13T15:31:34.000Z</time></trkpt><trkpt lat="52.54605579312523" lon="13.433712674237684"><time>2023-07-13T15:31:35.000Z</time></trkpt><trkpt lat="52.546049887345475" lon="13.433727954506013"><time>2023-07-13T15:31:36.000Z</time></trkpt><trkpt lat="52.54604384799795" lon="13.43374319956116"><time>2023-07-13T15:31:37.000Z</time></trkpt><trkpt lat="52.546037621670486" lon="13.433758334759375"><time>2023-07-13T15:31:38.000Z</time></trkpt><trkpt lat="52.5460312428512" lon="13.43377337570091"><time>2023-07-13T15:31:39.000Z</time></trkpt><trkpt lat="52.54602484729987" lon="13.433788370292074"><time>2023-07-13T15:31:40.000Z</time></trkpt><trkpt lat="52.54601844358521" lon="13.43380353681364"><time>2023-07-13T15:31:41.000Z</time></trkpt><trkpt lat="52.54601213134167" lon="13.43381896690177"><time>2023-07-13T15:31:42.000Z</time></trkpt><trkpt lat="52.54600592725929" lon="13.43383460437915"><time>2023-07-13T15:31:43.000Z</time></trkpt><trkpt lat="52.54599968450634" lon="13.433850698276677"><time>2023-07-13T15:31:44.000Z</time></trkpt><trkpt lat="52.54599333928191" lon="13.433867044972082"><time>2023-07-13T15:31:45.000Z</time></trkpt><trkpt lat="52.54598722633566" lon="13.433883404155882"><time>2023-07-13T15:31:46.000Z</time></trkpt><trkpt lat="52.54598125216948" lon="13.433899651107906"><time>2023-07-13T15:31:47.000Z</time></trkpt><trkpt lat="52.54597530125216" lon="13.433915596373053"><time>2023-07-13T15:31:48.000Z</time></trkpt><trkpt lat="52.545969334071216" lon="13.433931222672294"><time>2023-07-13T15:31:49.000Z</time></trkpt><trkpt lat="52.54596319398002" lon="13.433946786120107"><time>2023-07-13T15:31:50.000Z</time></trkpt><trkpt lat="52.54595674705365" lon="13.433962131041472"><time>2023-07-13T15:31:51.000Z</time></trkpt><trkpt lat="52.5459500567672" lon="13.43397737175639"><time>2023-07-13T15:31:52.000Z</time></trkpt><trkpt lat="52.545943173204584" lon="13.433992574678557"><time>2023-07-13T15:31:53.000Z</time></trkpt><trkpt lat="52.54593620450325" lon="13.434007512969577"><time>2023-07-13T15:31:54.000Z</time></trkpt><trkpt lat="52.545929136637504" lon="13.434022299270685"><time>2023-07-13T15:31:55.000Z</time></trkpt><trkpt lat="52.545921919059765" lon="13.43403693726698"><time>2023-07-13T15:31:56.000Z</time></trkpt><trkpt lat="52.54591434531165" lon="13.434051728481553"><time>2023-07-13T15:31:57.000Z</time></trkpt><trkpt lat="52.54590663724138" lon="13.434066576487618"><time>2023-07-13T15:31:58.000Z</time></trkpt><trkpt lat="52.545898887415454" lon="13.434081656859728"><time>2023-07-13T15:31:59.000Z</time></trkpt><trkpt lat="52.54589112785439" lon="13.434097114422325"><time>2023-07-13T15:32:00.000Z</time></trkpt><trkpt lat="52.545883453939794" lon="13.434113137688762"><time>2023-07-13T15:32:01.000Z</time></trkpt><trkpt lat="52.545875969089735" lon="13.434129747049925"><time>2023-07-13T15:32:02.000Z</time></trkpt><trkpt lat="52.54586866930912" lon="13.434146714193382"><time>2023-07-13T15:32:03.000Z</time></trkpt><trkpt lat="52.54586140221567" lon="13.434163948588498"><time>2023-07-13T15:32:04.000Z</time></trkpt><trkpt lat="52.545854139513565" lon="13.434181475498688"><time>2023-07-13T15:32:05.000Z</time></trkpt><trkpt lat="52.545846806895184" lon="13.434199352043002"><time>2023-07-13T15:32:06.000Z</time></trkpt><trkpt lat="52.54583949275227" lon="13.434217494201157"><time>2023-07-13T15:32:07.000Z</time></trkpt><trkpt lat="52.54583229944817" lon="13.434236025587792"><time>2023-07-13T15:32:08.000Z</time></trkpt><trkpt lat="52.54582513962375" lon="13.43425517566182"><time>2023-07-13T15:32:09.000Z</time></trkpt><trkpt lat="52.54581810352362" lon="13.43427444869536"><time>2023-07-13T15:32:10.000Z</time></trkpt><trkpt lat="52.54581128439554" lon="13.434293685000734"><time>2023-07-13T15:32:11.000Z</time></trkpt><trkpt lat="52.545804606453096" lon="13.434312714735766"><time>2023-07-13T15:32:13.000Z</time></trkpt><trkpt lat="52.545798007979556" lon="13.434331470258389"><time>2023-07-13T15:32:14.000Z</time></trkpt><trkpt lat="52.545791436042855" lon="13.434349983874652"><time>2023-07-13T15:32:15.000Z</time></trkpt><trkpt lat="52.5457849150182" lon="13.434368234784209"><time>2023-07-13T15:32:16.000Z</time></trkpt><trkpt lat="52.54577829306547" lon="13.434386485652823"><time>2023-07-13T15:32:17.000Z</time></trkpt><trkpt lat="52.54577178490519" lon="13.434404396878024"><time>2023-07-13T15:32:18.000Z</time></trkpt><trkpt lat="52.545765485124896" lon="13.434422132201108"><time>2023-07-13T15:32:19.000Z</time></trkpt><trkpt lat="52.545759415011815" lon="13.434439568867283"><time>2023-07-13T15:32:20.000Z</time></trkpt><trkpt lat="52.54575356879688" lon="13.43445657409011"><time>2023-07-13T15:32:21.000Z</time></trkpt><trkpt lat="52.54574793520972" lon="13.434473450252534"><time>2023-07-13T15:32:22.000Z</time></trkpt><trkpt lat="52.54574237634606" lon="13.434490081192008"><time>2023-07-13T15:32:23.000Z</time></trkpt><trkpt lat="52.545736857541925" lon="13.43450636282492"><time>2023-07-13T15:32:24.000Z</time></trkpt><trkpt lat="52.54573138997276" lon="13.43452230591995"><time>2023-07-13T15:32:25.000Z</time></trkpt><trkpt lat="52.545726029893224" lon="13.434537893607533"><time>2023-07-13T15:32:26.000Z</time></trkpt><trkpt lat="52.54572084978428" lon="13.434553124045117"><time>2023-07-13T15:32:27.000Z</time></trkpt><trkpt lat="52.54571593975998" lon="13.434568019097629"><time>2023-07-13T15:32:28.000Z</time></trkpt><trkpt lat="52.545711240359" lon="13.434582689645644"><time>2023-07-13T15:32:29.000Z</time></trkpt><trkpt lat="52.54570651593347" lon="13.434596977393626"><time>2023-07-13T15:32:30.000Z</time></trkpt><trkpt lat="52.5457017595316" lon="13.434611057506684"><time>2023-07-13T15:32:31.000Z</time></trkpt><trkpt lat="52.54569692815412" lon="13.434625091023692"><time>2023-07-13T15:32:32.000Z</time></trkpt><trkpt lat="52.545691901893264" lon="13.434639196932453"><time>2023-07-13T15:32:33.000Z</time></trkpt><trkpt lat="52.54568671291056" lon="13.434653585119891"><time>2023-07-13T15:32:34.000Z</time></trkpt><trkpt lat="52.545681435540445" lon="13.43466848271103"><time>2023-07-13T15:32:35.000Z</time></trkpt><trkpt lat="52.54567614898065" lon="13.434683589124516"><time>2023-07-13T15:32:36.000Z</time></trkpt><trkpt lat="52.54567085005021" lon="13.434699016100781"><time>2023-07-13T15:32:37.000Z</time></trkpt><trkpt lat="52.54566560843501" lon="13.434714565954666"><time>2023-07-13T15:32:38.000Z</time></trkpt><trkpt lat="52.54566035872263" lon="13.434730260796776"><time>2023-07-13T15:32:39.000Z</time></trkpt><trkpt lat="52.54565500551474" lon="13.434746221047995"><time>2023-07-13T15:32:40.000Z</time></trkpt><trkpt lat="52.54564954189068" lon="13.434762469760678"><time>2023-07-13T15:32:41.000Z</time></trkpt><trkpt lat="52.54564381255971" lon="13.43477880368107"><time>2023-07-13T15:32:42.000Z</time></trkpt><trkpt lat="52.545637948469654" lon="13.434794946140027"><time>2023-07-13T15:32:43.000Z</time></trkpt><trkpt lat="52.54563193866916" lon="13.434810872201705"><time>2023-07-13T15:32:44.000Z</time></trkpt><trkpt lat="52.54562591197554" lon="13.434826503004961"><time>2023-07-13T15:32:45.000Z</time></trkpt><trkpt lat="52.54561996005989" lon="13.434841763414692"><time>2023-07-13T15:32:46.000Z</time></trkpt><trkpt lat="52.545614139201" lon="13.434856940623048"><time>2023-07-13T15:32:47.000Z</time></trkpt><trkpt lat="52.545608387366606" lon="13.434872123768509"><time>2023-07-13T15:32:48.000Z</time></trkpt><trkpt lat="52.5456026600043" lon="13.434887396380018"><time>2023-07-13T15:32:49.000Z</time></trkpt><trkpt lat="52.54559683896176" lon="13.434902745068372"><time>2023-07-13T15:32:50.000Z</time></trkpt><trkpt lat="52.54559096216333" lon="13.434918161562576"><time>2023-07-13T15:32:51.000Z</time></trkpt><trkpt lat="52.545585085067664" lon="13.434933661217208"><time>2023-07-13T15:32:52.000Z</time></trkpt><trkpt lat="52.54557929004724" lon="13.434949260738057"><time>2023-07-13T15:32:53.000Z</time></trkpt><trkpt lat="52.54557350022159" lon="13.434965236302917"><time>2023-07-13T15:32:54.000Z</time></trkpt><trkpt lat="52.54556783188641" lon="13.434981312471017"><time>2023-07-13T15:32:55.000Z</time></trkpt><trkpt lat="52.54556213563515" lon="13.434997588412495"><time>2023-07-13T15:32:56.000Z</time></trkpt><trkpt lat="52.54555627391682" lon="13.435014030388215"><time>2023-07-13T15:32:57.000Z</time></trkpt><trkpt lat="52.545550107387605" lon="13.435030603635397"><time>2023-07-13T15:32:58.000Z</time></trkpt><trkpt lat="52.54554364714359" lon="13.43504709040556"><time>2023-07-13T15:32:59.000Z</time></trkpt><trkpt lat="52.545536872396355" lon="13.43506360125171"><time>2023-07-13T15:33:00.000Z</time></trkpt><trkpt lat="52.545529951078066" lon="13.435080102475654"><time>2023-07-13T15:33:01.000Z</time></trkpt><trkpt lat="52.54552300728437" lon="13.43509633575186"><time>2023-07-13T15:33:02.000Z</time></trkpt><trkpt lat="52.54551610439212" lon="13.43511245753331"><time>2023-07-13T15:33:03.000Z</time></trkpt><trkpt lat="52.545509365382685" lon="13.435128600115103"><time>2023-07-13T15:33:04.000Z</time></trkpt><trkpt lat="52.54550284316244" lon="13.43514471583661"><time>2023-07-13T15:33:05.000Z</time></trkpt><trkpt lat="52.545496508175034" lon="13.435161091193907"><time>2023-07-13T15:33:06.000Z</time></trkpt><trkpt lat="52.545490447807204" lon="13.435177645647077"><time>2023-07-13T15:33:07.000Z</time></trkpt><trkpt lat="52.54548468837208" lon="13.4351943074595"><time>2023-07-13T15:33:08.000Z</time></trkpt><trkpt lat="52.5454791958126" lon="13.435211055748944"><time>2023-07-13T15:33:09.000Z</time></trkpt><trkpt lat="52.545474001580644" lon="13.435227837613747"><time>2023-07-13T15:33:10.000Z</time></trkpt><trkpt lat="52.54546903904057" lon="13.435244630861416"><time>2023-07-13T15:33:11.000Z</time></trkpt><trkpt lat="52.545464231799016" lon="13.435261368586906"><time>2023-07-13T15:33:12.000Z</time></trkpt><trkpt lat="52.54545956253799" lon="13.435278414222996"><time>2023-07-13T15:33:13.000Z</time></trkpt><trkpt lat="52.545455094640594" lon="13.435295469604132"><time>2023-07-13T15:33:14.000Z</time></trkpt><trkpt lat="52.54545076471126" lon="13.43531255684091"><time>2023-07-13T15:33:15.000Z</time></trkpt><trkpt lat="52.54544658713603" lon="13.435329650710871"><time>2023-07-13T15:33:16.000Z</time></trkpt><trkpt lat="52.54544250294532" lon="13.435346649996587"><time>2023-07-13T15:33:17.000Z</time></trkpt><trkpt lat="52.54543841103871" lon="13.435363446192333"><time>2023-07-13T15:33:18.000Z</time></trkpt><trkpt lat="52.54543425288551" lon="13.435380043884011"><time>2023-07-13T15:33:19.000Z</time></trkpt><trkpt lat="52.54543008511467" lon="13.435396457893916"><time>2023-07-13T15:33:20.000Z</time></trkpt><trkpt lat="52.54542587969183" lon="13.435412717047717"><time>2023-07-13T15:33:21.000Z</time></trkpt><trkpt lat="52.545421672529095" lon="13.435428962525698"><time>2023-07-13T15:33:22.000Z</time></trkpt><trkpt lat="52.545417589160095" lon="13.435445257547808"><time>2023-07-13T15:33:23.000Z</time></trkpt><trkpt lat="52.545413542792566" lon="13.435461511296795"><time>2023-07-13T15:33:24.000Z</time></trkpt><trkpt lat="52.54540943691392" lon="13.435477943404633"><time>2023-07-13T15:33:25.000Z</time></trkpt><trkpt lat="52.54540534501354" lon="13.435494349143532"><time>2023-07-13T15:33:26.000Z</time></trkpt><trkpt lat="52.54540122309925" lon="13.435510631226844"><time>2023-07-13T15:33:27.000Z</time></trkpt><trkpt lat="52.545396979296086" lon="13.43552681815268"><time>2023-07-13T15:33:28.000Z</time></trkpt><trkpt lat="52.5453927083363" lon="13.435542928182754"><time>2023-07-13T15:33:29.000Z</time></trkpt><trkpt lat="52.54538846981507" lon="13.435558886304808"><time>2023-07-13T15:33:30.000Z</time></trkpt><trkpt lat="52.54538415707612" lon="13.435574689488867"><time>2023-07-13T15:33:31.000Z</time></trkpt><trkpt lat="52.54537985235499" lon="13.43559030915493"><time>2023-07-13T15:33:32.000Z</time></trkpt><trkpt lat="52.54537561085197" lon="13.435605665213489"><time>2023-07-13T15:33:33.000Z</time></trkpt><trkpt lat="52.54537128149223" lon="13.435620711314165"><time>2023-07-13T15:33:34.000Z</time></trkpt><trkpt lat="52.545366803024756" lon="13.435635391689113"><time>2023-07-13T15:33:35.000Z</time></trkpt><trkpt lat="52.54536222613981" lon="13.435649703144577"><time>2023-07-13T15:33:36.000Z</time></trkpt><trkpt lat="52.54535744138923" lon="13.435663753367377"><time>2023-07-13T15:33:37.000Z</time></trkpt><trkpt lat="52.54535236735606" lon="13.435677572411551"><time>2023-07-13T15:33:38.000Z</time></trkpt><trkpt lat="52.545347173475825" lon="13.435690938188394"><time>2023-07-13T15:33:39.000Z</time></trkpt><trkpt lat="52.545341818750586" lon="13.435703921533714"><time>2023-07-13T15:33:40.000Z</time></trkpt><trkpt lat="52.545336249141" lon="13.435716575185394"><time>2023-07-13T15:33:41.000Z</time></trkpt><trkpt lat="52.54533055841444" lon="13.43572880333083"><time>2023-07-13T15:33:42.000Z</time></trkpt><trkpt lat="52.54532468304467" lon="13.435740613012655"><time>2023-07-13T15:33:43.000Z</time></trkpt><trkpt lat="52.54531861272926" lon="13.435752178331386"><time>2023-07-13T15:33:44.000Z</time></trkpt><trkpt lat="52.54531246779151" lon="13.435763508704502"><time>2023-07-13T15:33:45.000Z</time></trkpt><trkpt lat="52.545306370699215" lon="13.435774848413205"><time>2023-07-13T15:33:46.000Z</time></trkpt><trkpt lat="52.545300337758775" lon="13.435786338228326"><time>2023-07-13T15:33:47.000Z</time></trkpt><trkpt lat="52.545294432328404" lon="13.43579811482614"><time>2023-07-13T15:33:48.000Z</time></trkpt><trkpt lat="52.54528867658781" lon="13.435810319550717"><time>2023-07-13T15:33:49.000Z</time></trkpt><trkpt lat="52.545283043405284" lon="13.435823246636836"><time>2023-07-13T15:33:50.000Z</time></trkpt><trkpt lat="52.54527745054839" lon="13.43583685898783"><time>2023-07-13T15:33:51.000Z</time></trkpt><trkpt lat="52.54527188843062" lon="13.435851197385473"><time>2023-07-13T15:33:52.000Z</time></trkpt><trkpt lat="52.545266382811064" lon="13.43586639506661"><time>2023-07-13T15:33:53.000Z</time></trkpt><trkpt lat="52.54526097927549" lon="13.435882535887744"><time>2023-07-13T15:33:54.000Z</time></trkpt><trkpt lat="52.54525563059474" lon="13.43589945713123"><time>2023-07-13T15:33:55.000Z</time></trkpt><trkpt lat="52.54525039592511" lon="13.435917315864229"><time>2023-07-13T15:33:56.000Z</time></trkpt><trkpt lat="52.54524526423587" lon="13.435935620985704"><time>2023-07-13T15:33:57.000Z</time></trkpt><trkpt lat="52.545240107995184" lon="13.435954246547125"><time>2023-07-13T15:33:58.000Z</time></trkpt><trkpt lat="52.545234823351144" lon="13.435973041623159"><time>2023-07-13T15:33:59.000Z</time></trkpt><trkpt lat="52.545229371596626" lon="13.435991856434953"><time>2023-07-13T15:34:00.000Z</time></trkpt><trkpt lat="52.54522357626495" lon="13.436010481341244"><time>2023-07-13T15:34:01.000Z</time></trkpt><trkpt lat="52.54521757117523" lon="13.43602901199086"><time>2023-07-13T15:34:02.000Z</time></trkpt><trkpt lat="52.54521151908666" lon="13.436047230717207"><time>2023-07-13T15:34:03.000Z</time></trkpt><trkpt lat="52.54520543691883" lon="13.436065140058913"><time>2023-07-13T15:34:04.000Z</time></trkpt><trkpt lat="52.545199302460894" lon="13.4360826983334"><time>2023-07-13T15:34:05.000Z</time></trkpt><trkpt lat="52.545193219707905" lon="13.43609985738869"><time>2023-07-13T15:34:06.000Z</time></trkpt><trkpt lat="52.54518712971523" lon="13.436116564241228"><time>2023-07-13T15:34:07.000Z</time></trkpt><trkpt lat="52.54518103802935" lon="13.436133210985686"><time>2023-07-13T15:34:08.000Z</time></trkpt><trkpt lat="52.54517500168384" lon="13.436149680927223"><time>2023-07-13T15:34:09.000Z</time></trkpt><trkpt lat="52.545169148951324" lon="13.436165965057812"><time>2023-07-13T15:34:10.000Z</time></trkpt><trkpt lat="52.54516357290197" lon="13.436181969202671"><time>2023-07-13T15:34:11.000Z</time></trkpt><trkpt lat="52.54515833663873" lon="13.436197718829941"><time>2023-07-13T15:34:12.000Z</time></trkpt><trkpt lat="52.545153362560605" lon="13.436213130902024"><time>2023-07-13T15:34:13.000Z</time></trkpt><trkpt lat="52.54514850811477" lon="13.436228615365854"><time>2023-07-13T15:34:14.000Z</time></trkpt><trkpt lat="52.545143567334236" lon="13.436244236178394"><time>2023-07-13T15:34:15.000Z</time></trkpt><trkpt lat="52.54513859176832" lon="13.436259915215517"><time>2023-07-13T15:34:16.000Z</time></trkpt><trkpt lat="52.54513344399365" lon="13.436275897249777"><time>2023-07-13T15:34:17.000Z</time></trkpt><trkpt lat="52.54512800245437" lon="13.436292184000884"><time>2023-07-13T15:34:18.000Z</time></trkpt><trkpt lat="52.54512218127645" lon="13.436308770391589"><time>2023-07-13T15:34:19.000Z</time></trkpt><trkpt lat="52.54511607757629" lon="13.436325888009975"><time>2023-07-13T15:34:20.000Z</time></trkpt><trkpt lat="52.54510974542438" lon="13.436343232712426"><time>2023-07-13T15:34:21.000Z</time></trkpt><trkpt lat="52.54510324130647" lon="13.436361149178659"><time>2023-07-13T15:34:22.000Z</time></trkpt><trkpt lat="52.54509669333958" lon="13.43637977187389"><time>2023-07-13T15:34:23.000Z</time></trkpt><trkpt lat="52.54509016769558" lon="13.43639906370144"><time>2023-07-13T15:34:24.000Z</time></trkpt><trkpt lat="52.545083706044714" lon="13.436418774893404"><time>2023-07-13T15:34:25.000Z</time></trkpt><trkpt lat="52.54507749948868" lon="13.436438581160955"><time>2023-07-13T15:34:26.000Z</time></trkpt><trkpt lat="52.545071489282" lon="13.436458527380426"><time>2023-07-13T15:34:27.000Z</time></trkpt><trkpt lat="52.54506576924809" lon="13.436478278944708"><time>2023-07-13T15:34:28.000Z</time></trkpt><trkpt lat="52.54506042639395" lon="13.436497761660455"><time>2023-07-13T15:34:29.000Z</time></trkpt><trkpt lat="52.54505540033696" lon="13.43651691746686"><time>2023-07-13T15:34:30.000Z</time></trkpt><trkpt lat="52.54505058203356" lon="13.436535534675386"><time>2023-07-13T15:34:31.000Z</time></trkpt><trkpt lat="52.54504574320006" lon="13.436553997027808"><time>2023-07-13T15:34:32.000Z</time></trkpt><trkpt lat="52.5450406937806" lon="13.436572017905219"><time>2023-07-13T15:34:33.000Z</time></trkpt><trkpt lat="52.54503537066598" lon="13.43658943213323"><time>2023-07-13T15:34:34.000Z</time></trkpt><trkpt lat="52.545029910657085" lon="13.43660598437534"><time>2023-07-13T15:34:35.000Z</time></trkpt><trkpt lat="52.54502444052011" lon="13.436621766677161"><time>2023-07-13T15:34:36.000Z</time></trkpt><trkpt lat="52.54501904624113" lon="13.436636771177154"><time>2023-07-13T15:34:37.000Z</time></trkpt><trkpt lat="52.54501384589" lon="13.436650890843621"><time>2023-07-13T15:34:38.000Z</time></trkpt><trkpt lat="52.54500888266829" lon="13.436664375608252"><time>2023-07-13T15:34:39.000Z</time></trkpt><trkpt lat="52.54500406084776" lon="13.436677218182744"><time>2023-07-13T15:34:40.000Z</time></trkpt><trkpt lat="52.544999289256864" lon="13.436689262073166"><time>2023-07-13T15:34:41.000Z</time></trkpt><trkpt lat="52.54499466338108" lon="13.436700331786854"><time>2023-07-13T15:34:42.000Z</time></trkpt><trkpt lat="52.54499014347368" lon="13.43671021833768"><time>2023-07-13T15:34:43.000Z</time></trkpt><trkpt lat="52.54498577772875" lon="13.436718989531483"><time>2023-07-13T15:34:44.000Z</time></trkpt><trkpt lat="52.54498155984655" lon="13.436726839286434"><time>2023-07-13T15:34:45.000Z</time></trkpt><trkpt lat="52.54497733031735" lon="13.436734282451988"><time>2023-07-13T15:34:46.000Z</time></trkpt><trkpt lat="52.5449730191222" lon="13.436741666737829"><time>2023-07-13T15:34:47.000Z</time></trkpt><trkpt lat="52.544968636731575" lon="13.436748984118625"><time>2023-07-13T15:34:48.000Z</time></trkpt><trkpt lat="52.5449641847951" lon="13.436756628081197"><time>2023-07-13T15:34:49.000Z</time></trkpt><trkpt lat="52.544959607679836" lon="13.436764575614143"><time>2023-07-13T15:34:50.000Z</time></trkpt><trkpt lat="52.544954965693705" lon="13.436772832531732"><time>2023-07-13T15:34:51.000Z</time></trkpt><trkpt lat="52.544950372387184" lon="13.436781438878716"><time>2023-07-13T15:34:52.000Z</time></trkpt><trkpt lat="52.54494589111845" lon="13.436790224485357"><time>2023-07-13T15:34:53.000Z</time></trkpt><trkpt lat="52.54494153925529" lon="13.436799131864092"><time>2023-07-13T15:34:54.000Z</time></trkpt><trkpt lat="52.544937338821796" lon="13.436807951127982"><time>2023-07-13T15:34:55.000Z</time></trkpt><trkpt lat="52.5449334865533" lon="13.436816443810097"><time>2023-07-13T15:34:56.000Z</time></trkpt><trkpt lat="52.544929966339446" lon="13.43682431870562"><time>2023-07-13T15:34:57.000Z</time></trkpt><trkpt lat="52.54492679213051" lon="13.436831461658336"><time>2023-07-13T15:34:58.000Z</time></trkpt><trkpt lat="52.5449239231402" lon="13.436838412085036"><time>2023-07-13T15:34:59.000Z</time></trkpt><trkpt lat="52.54492140782402" lon="13.436845141487611"><time>2023-07-13T15:35:00.000Z</time></trkpt><trkpt lat="52.54491932100662" lon="13.43685175476858"><time>2023-07-13T15:35:01.000Z</time></trkpt><trkpt lat="52.54491769477172" lon="13.436858464517286"><time>2023-07-13T15:35:02.000Z</time></trkpt><trkpt lat="52.544916570440954" lon="13.436865131518829"><time>2023-07-13T15:35:03.000Z</time></trkpt><trkpt lat="52.54491583700367" lon="13.43687233703636"><time>2023-07-13T15:35:04.000Z</time></trkpt><trkpt lat="52.54491554666283" lon="13.436880415103746"><time>2023-07-13T15:35:05.000Z</time></trkpt><trkpt lat="52.544915648790386" lon="13.436889617945631"><time>2023-07-13T15:35:06.000Z</time></trkpt><trkpt lat="52.54491600478022" lon="13.436900042930553"><time>2023-07-13T15:35:07.000Z</time></trkpt><trkpt lat="52.54491652160571" lon="13.436911618977023"><time>2023-07-13T15:35:08.000Z</time></trkpt><trkpt lat="52.54491716029829" lon="13.436923947439078"><time>2023-07-13T15:35:09.000Z</time></trkpt><trkpt lat="52.54491783914843" lon="13.436936472439816"><time>2023-07-13T15:35:10.000Z</time></trkpt><trkpt lat="52.54491838863034" lon="13.436949156473103"><time>2023-07-13T15:35:11.000Z</time></trkpt><trkpt lat="52.54491869890367" lon="13.436961716359455"><time>2023-07-13T15:35:12.000Z</time></trkpt><trkpt lat="52.5449187464192" lon="13.436974248484718"><time>2023-07-13T15:35:13.000Z</time></trkpt><trkpt lat="52.544918546484226" lon="13.436986867987805"><time>2023-07-13T15:35:14.000Z</time></trkpt><trkpt lat="52.54491804919905" lon="13.436999552348658"><time>2023-07-13T15:35:15.000Z</time></trkpt><trkpt lat="52.54491735418254" lon="13.437012166119365"><time>2023-07-13T15:35:16.000Z</time></trkpt><trkpt lat="52.54491661222944" lon="13.4370247906997"><time>2023-07-13T15:35:17.000Z</time></trkpt><trkpt lat="52.544915869162075" lon="13.4370376626731"><time>2023-07-13T15:35:18.000Z</time></trkpt><trkpt lat="52.54491522003638" lon="13.437050604417733"><time>2023-07-13T15:35:19.000Z</time></trkpt><trkpt lat="52.54491461220741" lon="13.437063902798183"><time>2023-07-13T15:35:20.000Z</time></trkpt><trkpt lat="52.544914001757704" lon="13.437077927716626"><time>2023-07-13T15:35:21.000Z</time></trkpt><trkpt lat="52.54491340455483" lon="13.437092263084294"><time>2023-07-13T15:35:22.000Z</time></trkpt><trkpt lat="52.544912763098345" lon="13.437106815627208"><time>2023-07-13T15:35:23.000Z</time></trkpt><trkpt lat="52.544912084771106" lon="13.43712130077373"><time>2023-07-13T15:35:24.000Z</time></trkpt><trkpt lat="52.54491137295952" lon="13.43713582309882"><time>2023-07-13T15:35:25.000Z</time></trkpt><trkpt lat="52.54491083337537" lon="13.437150217346202"><time>2023-07-13T15:35:26.000Z</time></trkpt><trkpt lat="52.54491043521109" lon="13.437164178471464"><time>2023-07-13T15:35:27.000Z</time></trkpt><trkpt lat="52.544909908039614" lon="13.437177596986182"><time>2023-07-13T15:35:28.000Z</time></trkpt><trkpt lat="52.54490913459417" lon="13.437190448978152"><time>2023-07-13T15:35:29.000Z</time></trkpt><trkpt lat="52.54490806305774" lon="13.437203019428459"><time>2023-07-13T15:35:30.000Z</time></trkpt><trkpt lat="52.544906698634456" lon="13.437215297936932"><time>2023-07-13T15:35:31.000Z</time></trkpt><trkpt lat="52.54490500219386" lon="13.43722703514512"><time>2023-07-13T15:35:32.000Z</time></trkpt><trkpt lat="52.544903059292544" lon="13.437238329486144"><time>2023-07-13T15:35:33.000Z</time></trkpt><trkpt lat="52.54490091387286" lon="13.437249319601666"><time>2023-07-13T15:35:34.000Z</time></trkpt><trkpt lat="52.54489854476978" lon="13.437260263448707"><time>2023-07-13T15:35:35.000Z</time></trkpt><trkpt lat="52.544895956228764" lon="13.437271365591279"><time>2023-07-13T15:35:36.000Z</time></trkpt><trkpt lat="52.544892995469304" lon="13.437282718320672"><time>2023-07-13T15:35:37.000Z</time></trkpt><trkpt lat="52.54488974372783" lon="13.437294372163704"><time>2023-07-13T15:35:38.000Z</time></trkpt><trkpt lat="52.544886289349726" lon="13.437306418428967"><time>2023-07-13T15:35:39.000Z</time></trkpt><trkpt lat="52.54488248961411" lon="13.437318720358302"><time>2023-07-13T15:35:40.000Z</time></trkpt><trkpt lat="52.5448783655304" lon="13.437331408649927"><time>2023-07-13T15:35:41.000Z</time></trkpt><trkpt lat="52.54487382112759" lon="13.437344374224875"><time>2023-07-13T15:35:42.000Z</time></trkpt><trkpt lat="52.54486890448765" lon="13.4373578028122"><time>2023-07-13T15:35:43.000Z</time></trkpt><trkpt lat="52.544863550179485" lon="13.437372004124109"><time>2023-07-13T15:35:44.000Z</time></trkpt><trkpt lat="52.544857895477094" lon="13.437386764342897"><time>2023-07-13T15:35:45.000Z</time></trkpt><trkpt lat="52.5448521033513" lon="13.4374021412018"><time>2023-07-13T15:35:46.000Z</time></trkpt><trkpt lat="52.54484616086031" lon="13.43741809203554"><time>2023-07-13T15:35:47.000Z</time></trkpt><trkpt lat="52.54484008099573" lon="13.437434662703147"><time>2023-07-13T15:35:48.000Z</time></trkpt><trkpt lat="52.544833742282655" lon="13.437452131552533"><time>2023-07-13T15:35:49.000Z</time></trkpt><trkpt lat="52.544827202937405" lon="13.43747039417252"><time>2023-07-13T15:35:50.000Z</time></trkpt><trkpt lat="52.54482071842829" lon="13.437489122589183"><time>2023-07-13T15:35:51.000Z</time></trkpt><trkpt lat="52.544813977809696" lon="13.437508078990719"><time>2023-07-13T15:35:52.000Z</time></trkpt><trkpt lat="52.54480693098892" lon="13.437527152168986"><time>2023-07-13T15:35:53.000Z</time></trkpt><trkpt lat="52.54479953617123" lon="13.437546316573957"><time>2023-07-13T15:35:54.000Z</time></trkpt><trkpt lat="52.544791709169544" lon="13.437565438723114"><time>2023-07-13T15:35:55.000Z</time></trkpt><trkpt lat="52.54478334539119" lon="13.437584709995997"><time>2023-07-13T15:35:56.000Z</time></trkpt><trkpt lat="52.54477447984564" lon="13.437603574106243"><time>2023-07-13T15:35:57.000Z</time></trkpt><trkpt lat="52.54476527211736" lon="13.437622197456603"><time>2023-07-13T15:35:58.000Z</time></trkpt><trkpt lat="52.54475568934447" lon="13.437640475554014"><time>2023-07-13T15:35:59.000Z</time></trkpt><trkpt lat="52.54474590873444" lon="13.437658872721109"><time>2023-07-13T15:36:00.000Z</time></trkpt><trkpt lat="52.54473607135228" lon="13.437677523832559"><time>2023-07-13T15:36:01.000Z</time></trkpt><trkpt lat="52.54472603850472" lon="13.43769677160269"><time>2023-07-13T15:36:02.000Z</time></trkpt><trkpt lat="52.54471620963839" lon="13.43771647747173"><time>2023-07-13T15:36:04.000Z</time></trkpt><trkpt lat="52.54470687660058" lon="13.437736315021688"><time>2023-07-13T15:36:05.000Z</time></trkpt><trkpt lat="52.54469791466693" lon="13.43775610089835"><time>2023-07-13T15:36:06.000Z</time></trkpt><trkpt lat="52.544689331544014" lon="13.437775719062005"><time>2023-07-13T15:36:07.000Z</time></trkpt><trkpt lat="52.54468110381956" lon="13.437795176555285"><time>2023-07-13T15:36:08.000Z</time></trkpt><trkpt lat="52.54467307296738" lon="13.437814667296362"><time>2023-07-13T15:36:09.000Z</time></trkpt><trkpt lat="52.54466510141465" lon="13.437833855204087"><time>2023-07-13T15:36:10.000Z</time></trkpt><trkpt lat="52.544657283818964" lon="13.437852838875363"><time>2023-07-13T15:36:11.000Z</time></trkpt><trkpt lat="52.54464962472456" lon="13.437870913391453"><time>2023-07-13T15:36:12.000Z</time></trkpt><trkpt lat="52.544642149840755" lon="13.43788815286382"><time>2023-07-13T15:36:13.000Z</time></trkpt><trkpt lat="52.544634917595516" lon="13.437904574735269"><time>2023-07-13T15:36:14.000Z</time></trkpt><trkpt lat="52.544627906076784" lon="13.437920493222022"><time>2023-07-13T15:36:15.000Z</time></trkpt><trkpt lat="52.54462094974902" lon="13.437936291410722"><time>2023-07-13T15:36:16.000Z</time></trkpt><trkpt lat="52.544614138177714" lon="13.4379520805914"><time>2023-07-13T15:36:17.000Z</time></trkpt><trkpt lat="52.544607495665325" lon="13.437967926276945"><time>2023-07-13T15:36:18.000Z</time></trkpt><trkpt lat="52.544601067953224" lon="13.43798385540954"><time>2023-07-13T15:36:19.000Z</time></trkpt><trkpt lat="52.54459480082157" lon="13.437999785115375"><time>2023-07-13T15:36:20.000Z</time></trkpt><trkpt lat="52.5445886877839" lon="13.43801564603267"><time>2023-07-13T15:36:21.000Z</time></trkpt><trkpt lat="52.54458275906887" lon="13.43803129141254"><time>2023-07-13T15:36:22.000Z</time></trkpt><trkpt lat="52.5445768159367" lon="13.4380469415421"><time>2023-07-13T15:36:23.000Z</time></trkpt><trkpt lat="52.54457076268407" lon="13.438062353204726"><time>2023-07-13T15:36:24.000Z</time></trkpt><trkpt lat="52.544564586462506" lon="13.438077596581108"><time>2023-07-13T15:36:25.000Z</time></trkpt><trkpt lat="52.54455822244476" lon="13.438092674127972"><time>2023-07-13T15:36:26.000Z</time></trkpt><trkpt lat="52.54455165469478" lon="13.438107713431686"><time>2023-07-13T15:36:27.000Z</time></trkpt><trkpt lat="52.54454510258202" lon="13.438122672645887"><time>2023-07-13T15:36:28.000Z</time></trkpt><trkpt lat="52.54453865491254" lon="13.438137728737281"><time>2023-07-13T15:36:29.000Z</time></trkpt><trkpt lat="52.5445322720579" lon="13.43815293370673"><time>2023-07-13T15:36:30.000Z</time></trkpt><trkpt lat="52.544526039736525" lon="13.438168329400588"><time>2023-07-13T15:36:31.000Z</time></trkpt><trkpt lat="52.54451992347429" lon="13.438183866684188"><time>2023-07-13T15:36:32.000Z</time></trkpt><trkpt lat="52.544513709043606" lon="13.438199361056842"><time>2023-07-13T15:36:33.000Z</time></trkpt><trkpt lat="52.54450746539271" lon="13.438214581176146"><time>2023-07-13T15:36:34.000Z</time></trkpt><trkpt lat="52.54450113308517" lon="13.438229420993098"><time>2023-07-13T15:36:35.000Z</time></trkpt><trkpt lat="52.54449470620723" lon="13.438243844803173"><time>2023-07-13T15:36:36.000Z</time></trkpt><trkpt lat="52.54448818167129" lon="13.438257938264483"><time>2023-07-13T15:36:37.000Z</time></trkpt><trkpt lat="52.5444815881124" lon="13.438271777371982"><time>2023-07-13T15:36:38.000Z</time></trkpt><trkpt lat="52.54447473375035" lon="13.438285558254897"><time>2023-07-13T15:36:39.000Z</time></trkpt><trkpt lat="52.54446767357692" lon="13.43829902402079"><time>2023-07-13T15:36:40.000Z</time></trkpt><trkpt lat="52.5444605049762" lon="13.438312375548575"><time>2023-07-13T15:36:41.000Z</time></trkpt><trkpt lat="52.54445323977574" lon="13.43832571995183"><time>2023-07-13T15:36:42.000Z</time></trkpt><trkpt lat="52.54444599622587" lon="13.438339214870963"><time>2023-07-13T15:36:43.000Z</time></trkpt><trkpt lat="52.54443903225379" lon="13.43835322472144"><time>2023-07-13T15:36:44.000Z</time></trkpt><trkpt lat="52.54443236837715" lon="13.438368117112491"><time>2023-07-13T15:36:45.000Z</time></trkpt><trkpt lat="52.5444260752872" lon="13.438383880497467"><time>2023-07-13T15:36:46.000Z</time></trkpt><trkpt lat="52.54442012489667" lon="13.438400567696137"><time>2023-07-13T15:36:47.000Z</time></trkpt><trkpt lat="52.54441457975451" lon="13.438418073396527"><time>2023-07-13T15:36:48.000Z</time></trkpt><trkpt lat="52.544409464312544" lon="13.438436131861959"><time>2023-07-13T15:36:49.000Z</time></trkpt><trkpt lat="52.54440482688935" lon="13.438454458275125"><time>2023-07-13T15:36:50.000Z</time></trkpt><trkpt lat="52.54440064970628" lon="13.438473067785889"><time>2023-07-13T15:36:51.000Z</time></trkpt><trkpt lat="52.54439693850281" lon="13.438491650600145"><time>2023-07-13T15:36:52.000Z</time></trkpt><trkpt lat="52.54439375093498" lon="13.438510139730965"><time>2023-07-13T15:36:53.000Z</time></trkpt><trkpt lat="52.54439102899815" lon="13.438528319559031"><time>2023-07-13T15:36:54.000Z</time></trkpt><trkpt lat="52.54438867850786" lon="13.438546003536384"><time>2023-07-13T15:36:55.000Z</time></trkpt><trkpt lat="52.54438661938554" lon="13.438562989555741"><time>2023-07-13T15:36:56.000Z</time></trkpt><trkpt lat="52.54438479849448" lon="13.438579442955271"><time>2023-07-13T15:36:57.000Z</time></trkpt><trkpt lat="52.54438312720293" lon="13.438595367665748"><time>2023-07-13T15:36:58.000Z</time></trkpt><trkpt lat="52.54438159911158" lon="13.438610631351123"><time>2023-07-13T15:36:59.000Z</time></trkpt><trkpt lat="52.544380132984024" lon="13.438625488528993"><time>2023-07-13T15:37:00.000Z</time></trkpt><trkpt lat="52.544378749674046" lon="13.438640237201133"><time>2023-07-13T15:37:01.000Z</time></trkpt><trkpt lat="52.54437726107419" lon="13.43865503115906"><time>2023-07-13T15:37:02.000Z</time></trkpt><trkpt lat="52.54437553637203" lon="13.43867001543194"><time>2023-07-13T15:37:03.000Z</time></trkpt><trkpt lat="52.544373544131254" lon="13.438684934273821"><time>2023-07-13T15:37:04.000Z</time></trkpt><trkpt lat="52.54437122714399" lon="13.43870008372109"><time>2023-07-13T15:37:05.000Z</time></trkpt><trkpt lat="52.54436845915452" lon="13.43871553313552"><time>2023-07-13T15:37:06.000Z</time></trkpt><trkpt lat="52.54436531252239" lon="13.438731405517574"><time>2023-07-13T15:37:07.000Z</time></trkpt><trkpt lat="52.544361835366956" lon="13.438747743778192"><time>2023-07-13T15:37:08.000Z</time></trkpt><trkpt lat="52.54435816813698" lon="13.438764473560243"><time>2023-07-13T15:37:09.000Z</time></trkpt><trkpt lat="52.54435435418345" lon="13.438781414621378"><time>2023-07-13T15:37:10.000Z</time></trkpt><trkpt lat="52.544350366327926" lon="13.438798453951854"><time>2023-07-13T15:37:11.000Z</time></trkpt><trkpt lat="52.54434617121683" lon="13.438815444393335"><time>2023-07-13T15:37:12.000Z</time></trkpt><trkpt lat="52.54434183293042" lon="13.438832264828852"><time>2023-07-13T15:37:13.000Z</time></trkpt><trkpt lat="52.54433736430469" lon="13.438848774815144"><time>2023-07-13T15:37:14.000Z</time></trkpt><trkpt lat="52.544332711256715" lon="13.438865206922985"><time>2023-07-13T15:37:15.000Z</time></trkpt><trkpt lat="52.54432797451966" lon="13.438881237109221"><time>2023-07-13T15:37:16.000Z</time></trkpt><trkpt lat="52.544323235392206" lon="13.438896938338837"><time>2023-07-13T15:37:17.000Z</time></trkpt><trkpt lat="52.54431844846909" lon="13.438912281212925"><time>2023-07-13T15:37:18.000Z</time></trkpt><trkpt lat="52.544313600192254" lon="13.438927300289537"><time>2023-07-13T15:37:19.000Z</time></trkpt><trkpt lat="52.54430861414342" lon="13.43894207279199"><time>2023-07-13T15:37:20.000Z</time></trkpt><trkpt lat="52.54430348006377" lon="13.438956709109515"><time>2023-07-13T15:37:21.000Z</time></trkpt><trkpt lat="52.544298314585156" lon="13.438971339448988"><time>2023-07-13T15:37:22.000Z</time></trkpt><trkpt lat="52.544293181650914" lon="13.438986103844222"><time>2023-07-13T15:37:23.000Z</time></trkpt><trkpt lat="52.544288082344195" lon="13.439001113175788"><time>2023-07-13T15:37:24.000Z</time></trkpt><trkpt lat="52.544283085550994" lon="13.439016503464835"><time>2023-07-13T15:37:25.000Z</time></trkpt><trkpt lat="52.54427823983886" lon="13.439032394190496"><time>2023-07-13T15:37:26.000Z</time></trkpt><trkpt lat="52.54427353216017" lon="13.439048643026014"><time>2023-07-13T15:37:27.000Z</time></trkpt><trkpt lat="52.54426887454303" lon="13.439065134013568"><time>2023-07-13T15:37:28.000Z</time></trkpt><trkpt lat="52.54426429753982" lon="13.439081811876651"><time>2023-07-13T15:37:29.000Z</time></trkpt><trkpt lat="52.54425973306133" lon="13.439098509475492"><time>2023-07-13T15:37:30.000Z</time></trkpt><trkpt lat="52.54425520427707" lon="13.43911506507514"><time>2023-07-13T15:37:31.000Z</time></trkpt><trkpt lat="52.54425063695998" lon="13.439131745313064"><time>2023-07-13T15:37:32.000Z</time></trkpt><trkpt lat="52.54424606568378" lon="13.439148258083655"><time>2023-07-13T15:37:33.000Z</time></trkpt><trkpt lat="52.54424139203101" lon="13.439164616735162"><time>2023-07-13T15:37:34.000Z</time></trkpt><trkpt lat="52.54423660067569" lon="13.439180900865756"><time>2023-07-13T15:37:35.000Z</time></trkpt><trkpt lat="52.544231673565285" lon="13.439197124478808"><time>2023-07-13T15:37:36.000Z</time></trkpt><trkpt lat="52.54422656947775" lon="13.439213304607682"><time>2023-07-13T15:37:37.000Z</time></trkpt><trkpt lat="52.54422132357197" lon="13.439229458203833"><time>2023-07-13T15:37:38.000Z</time></trkpt><trkpt lat="52.544216019437414" lon="13.439245668959982"><time>2023-07-13T15:37:39.000Z</time></trkpt><trkpt lat="52.54421074701308" lon="13.439262062497106"><time>2023-07-13T15:37:40.000Z</time></trkpt><trkpt lat="52.544205564888784" lon="13.439278675011076"><time>2023-07-13T15:37:41.000Z</time></trkpt><trkpt lat="52.544200498748936" lon="13.439295600922355"><time>2023-07-13T15:37:42.000Z</time></trkpt><trkpt lat="52.54419561225052" lon="13.439312740487559"><time>2023-07-13T15:37:43.000Z</time></trkpt><trkpt lat="52.54419089753756" lon="13.439330204832935"><time>2023-07-13T15:37:44.000Z</time></trkpt><trkpt lat="52.544186355655874" lon="13.439347835417276"><time>2023-07-13T15:37:45.000Z</time></trkpt><trkpt lat="52.544182075984196" lon="13.439365267088094"><time>2023-07-13T15:37:46.000Z</time></trkpt><trkpt lat="52.544177984992665" lon="13.439382439982984"><time>2023-07-13T15:37:47.000Z</time></trkpt><trkpt lat="52.54417406149134" lon="13.439399254276669"><time>2023-07-13T15:37:48.000Z</time></trkpt><trkpt lat="52.54417020271771" lon="13.439416012802502"><time>2023-07-13T15:37:49.000Z</time></trkpt><trkpt lat="52.544166366740065" lon="13.439432662576932"><time>2023-07-13T15:37:50.000Z</time></trkpt><trkpt lat="52.54416245781772" lon="13.439449188777665"><time>2023-07-13T15:37:51.000Z</time></trkpt><trkpt lat="52.544158536719245" lon="13.439465428850836"><time>2023-07-13T15:37:52.000Z</time></trkpt><trkpt lat="52.544154495515365" lon="13.439481366582"><time>2023-07-13T15:37:53.000Z</time></trkpt><trkpt lat="52.544150254886965" lon="13.439497069203766"><time>2023-07-13T15:37:54.000Z</time></trkpt><trkpt lat="52.544145738303726" lon="13.43951253638857"><time>2023-07-13T15:37:55.000Z</time></trkpt><trkpt lat="52.544140935195585" lon="13.439527775834176"><time>2023-07-13T15:37:56.000Z</time></trkpt><trkpt lat="52.544135743559465" lon="13.439543105523795"><time>2023-07-13T15:37:57.000Z</time></trkpt><trkpt lat="52.54413030343328" lon="13.439558325069857"><time>2023-07-13T15:37:58.000Z</time></trkpt><trkpt lat="52.544124546889655" lon="13.43957360529724"><time>2023-07-13T15:37:59.000Z</time></trkpt><trkpt lat="52.54411847767607" lon="13.439589090006741"><time>2023-07-13T15:38:00.000Z</time></trkpt><trkpt lat="52.544112135097265" lon="13.439604826940888"><time>2023-07-13T15:38:01.000Z</time></trkpt><trkpt lat="52.54410554563442" lon="13.439620801523056"><time>2023-07-13T15:38:02.000Z</time></trkpt><trkpt lat="52.54409886269679" lon="13.439636978621955"><time>2023-07-13T15:38:03.000Z</time></trkpt><trkpt lat="52.54409226511654" lon="13.439653393696442"><time>2023-07-13T15:38:04.000Z</time></trkpt><trkpt lat="52.54408580030337" lon="13.439670020131905"><time>2023-07-13T15:38:05.000Z</time></trkpt><trkpt lat="52.54407954823625" lon="13.439686888801292"><time>2023-07-13T15:38:06.000Z</time></trkpt><trkpt lat="52.54407356002253" lon="13.439704017393085"><time>2023-07-13T15:38:07.000Z</time></trkpt><trkpt lat="52.54406775057876" lon="13.439721337200638"><time>2023-07-13T15:38:08.000Z</time></trkpt><trkpt lat="52.54406208657619" lon="13.439738868123491"><time>2023-07-13T15:38:09.000Z</time></trkpt><trkpt lat="52.54405658569386" lon="13.439756569953106"><time>2023-07-13T15:38:10.000Z</time></trkpt><trkpt lat="52.54405121027046" lon="13.439774339752349"><time>2023-07-13T15:38:11.000Z</time></trkpt><trkpt lat="52.544045977350045" lon="13.439792142471823"><time>2023-07-13T15:38:12.000Z</time></trkpt><trkpt lat="52.5440408903315" lon="13.439809910715137"><time>2023-07-13T15:38:13.000Z</time></trkpt><trkpt lat="52.54403572274884" lon="13.439827849783319"><time>2023-07-13T15:38:14.000Z</time></trkpt><trkpt lat="52.54403051710644" lon="13.439845576753505"><time>2023-07-13T15:38:15.000Z</time></trkpt><trkpt lat="52.544025394642674" lon="13.439863214871831"><time>2023-07-13T15:38:16.000Z</time></trkpt><trkpt lat="52.54402039697797" lon="13.439880728106203"><time>2023-07-13T15:38:17.000Z</time></trkpt><trkpt lat="52.544015626252346" lon="13.439898126693011"><time>2023-07-13T15:38:18.000Z</time></trkpt><trkpt lat="52.54401125227171" lon="13.439915433152311"><time>2023-07-13T15:38:19.000Z</time></trkpt><trkpt lat="52.544007207170985" lon="13.439932890291267"><time>2023-07-13T15:38:20.000Z</time></trkpt><trkpt lat="52.54400354614111" lon="13.439950181928277"><time>2023-07-13T15:38:21.000Z</time></trkpt><trkpt lat="52.54400024083339" lon="13.439967358753938"><time>2023-07-13T15:38:22.000Z</time></trkpt><trkpt lat="52.543997165278476" lon="13.439984273937478"><time>2023-07-13T15:38:23.000Z</time></trkpt><trkpt lat="52.54399422875299" lon="13.440000840674315"><time>2023-07-13T15:38:24.000Z</time></trkpt><trkpt lat="52.54399134175372" lon="13.44001706068416"><time>2023-07-13T15:38:25.000Z</time></trkpt><trkpt lat="52.54398841683167" lon="13.440033057295038"><time>2023-07-13T15:38:26.000Z</time></trkpt><trkpt lat="52.54398514708123" lon="13.440048614478178"><time>2023-07-13T15:38:27.000Z</time></trkpt><trkpt lat="52.54398151684028" lon="13.440063918617767"><time>2023-07-13T15:38:28.000Z</time></trkpt><trkpt lat="52.54397746407033" lon="13.440079021387099"><time>2023-07-13T15:38:29.000Z</time></trkpt><trkpt lat="52.54397296342313" lon="13.440093938017919"><time>2023-07-13T15:38:30.000Z</time></trkpt><trkpt lat="52.543968019791535" lon="13.440108631413553"><time>2023-07-13T15:38:31.000Z</time></trkpt><trkpt lat="52.54396263981142" lon="13.440123336110162"><time>2023-07-13T15:38:32.000Z</time></trkpt><trkpt lat="52.543956933926964" lon="13.440137825023676"><time>2023-07-13T15:38:33.000Z</time></trkpt><trkpt lat="52.54395092960292" lon="13.440152245967566"><time>2023-07-13T15:38:34.000Z</time></trkpt><trkpt lat="52.54394463794472" lon="13.440166592062969"><time>2023-07-13T15:38:35.000Z</time></trkpt><trkpt lat="52.54393814006428" lon="13.440180923581757"><time>2023-07-13T15:38:36.000Z</time></trkpt><trkpt lat="52.54393147180522" lon="13.44019531185109"><time>2023-07-13T15:38:37.000Z</time></trkpt><trkpt lat="52.54392486857266" lon="13.440209900589878"><time>2023-07-13T15:38:38.000Z</time></trkpt><trkpt lat="52.543918324764064" lon="13.440224468364539"><time>2023-07-13T15:38:39.000Z</time></trkpt><trkpt lat="52.54391190333924" lon="13.440239065456218"><time>2023-07-13T15:38:40.000Z</time></trkpt><trkpt lat="52.543905661219696" lon="13.440253728306466"><time>2023-07-13T15:38:41.000Z</time></trkpt><trkpt lat="52.543899609685155" lon="13.440268474685656"><time>2023-07-13T15:38:42.000Z</time></trkpt><trkpt lat="52.54389375586948" lon="13.440283117226908"><time>2023-07-13T15:38:43.000Z</time></trkpt><trkpt lat="52.543887903174316" lon="13.440297785400078"><time>2023-07-13T15:38:44.000Z</time></trkpt><trkpt lat="52.543882016465666" lon="13.440312289545341"><time>2023-07-13T15:38:45.000Z</time></trkpt><trkpt lat="52.54387608287023" lon="13.440326599608655"><time>2023-07-13T15:38:46.000Z</time></trkpt><trkpt lat="52.54387009341153" lon="13.440340670386123"><time>2023-07-13T15:38:47.000Z</time></trkpt><trkpt lat="52.54386407673705" lon="13.440354456346284"><time>2023-07-13T15:38:48.000Z</time></trkpt><trkpt lat="52.54385794694164" lon="13.44036799343934"><time>2023-07-13T15:38:49.000Z</time></trkpt><trkpt lat="52.54385174259548" lon="13.44038148524661"><time>2023-07-13T15:38:50.000Z</time></trkpt><trkpt lat="52.543845460523805" lon="13.440394960102417"><time>2023-07-13T15:38:51.000Z</time></trkpt><trkpt lat="52.54383905808527" lon="13.44040847271003"><time>2023-07-13T15:38:52.000Z</time></trkpt><trkpt lat="52.543832563952286" lon="13.440422111675637"><time>2023-07-13T15:38:53.000Z</time></trkpt><trkpt lat="52.54382610365848" lon="13.440436213817405"><time>2023-07-13T15:38:54.000Z</time></trkpt><trkpt lat="52.54381987737538" lon="13.440450556800947"><time>2023-07-13T15:38:55.000Z</time></trkpt><trkpt lat="52.5438139756271" lon="13.440465370904088"><time>2023-07-13T15:38:56.000Z</time></trkpt><trkpt lat="52.543808449433875" lon="13.440480756115882"><time>2023-07-13T15:38:57.000Z</time></trkpt><trkpt lat="52.543803265292674" lon="13.44049669188166"><time>2023-07-13T15:38:58.000Z</time></trkpt><trkpt lat="52.54379819780822" lon="13.440513251821535"><time>2023-07-13T15:38:59.000Z</time></trkpt><trkpt lat="52.54379320150058" lon="13.440530399657744"><time>2023-07-13T15:39:00.000Z</time></trkpt><trkpt lat="52.54378823222192" lon="13.440547834440423"><time>2023-07-13T15:39:01.000Z</time></trkpt><trkpt lat="52.54378308671316" lon="13.440565555678234"><time>2023-07-13T15:39:02.000Z</time></trkpt><trkpt lat="52.54377773408575" lon="13.440583567793293"><time>2023-07-13T15:39:03.000Z</time></trkpt><trkpt lat="52.54377212730349" lon="13.44060181583666"><time>2023-07-13T15:39:04.000Z</time></trkpt><trkpt lat="52.543766076603106" lon="13.440620130703179"><time>2023-07-13T15:39:05.000Z</time></trkpt><trkpt lat="52.543759618986044" lon="13.440638417562939"><time>2023-07-13T15:39:06.000Z</time></trkpt><trkpt lat="52.54375275331938" lon="13.440656669045735"><time>2023-07-13T15:39:07.000Z</time></trkpt><trkpt lat="52.54374546936917" lon="13.440674867463088"><time>2023-07-13T15:39:08.000Z</time></trkpt><trkpt lat="52.54373785279161" lon="13.440693000203764"><time>2023-07-13T15:39:09.000Z</time></trkpt><trkpt lat="52.54373008793423" lon="13.440711191087132"><time>2023-07-13T15:39:10.000Z</time></trkpt><trkpt lat="52.54372224013477" lon="13.4407293994952"><time>2023-07-13T15:39:11.000Z</time></trkpt><trkpt lat="52.54371438223834" lon="13.440747486376852"><time>2023-07-13T15:39:12.000Z</time></trkpt><trkpt lat="52.54370661875046" lon="13.440765447228072"><time>2023-07-13T15:39:13.000Z</time></trkpt><trkpt lat="52.543699004725156" lon="13.440783287208001"><time>2023-07-13T15:39:14.000Z</time></trkpt><trkpt lat="52.543691462561405" lon="13.440800923442833"><time>2023-07-13T15:39:15.000Z</time></trkpt><trkpt lat="52.54368412896049" lon="13.440818170858638"><time>2023-07-13T15:39:16.000Z</time></trkpt><trkpt lat="52.543676838847524" lon="13.44083525162602"><time>2023-07-13T15:39:17.000Z</time></trkpt><trkpt lat="52.543669756687336" lon="13.440851838589962"><time>2023-07-13T15:39:18.000Z</time></trkpt><trkpt lat="52.54366287817224" lon="13.440868026089033"><time>2023-07-13T15:39:19.000Z</time></trkpt><trkpt lat="52.543656167022846" lon="13.440883910263409"><time>2023-07-13T15:39:20.000Z</time></trkpt><trkpt lat="52.543649671084616" lon="13.44089961337652"><time>2023-07-13T15:39:21.000Z</time></trkpt><trkpt lat="52.543643393756405" lon="13.440915118804474"><time>2023-07-13T15:39:22.000Z</time></trkpt><trkpt lat="52.543637301970925" lon="13.440930863682057"><time>2023-07-13T15:39:23.000Z</time></trkpt><trkpt lat="52.54363150820173" lon="13.440946375661303"><time>2023-07-13T15:39:24.000Z</time></trkpt><trkpt lat="52.543626032082514" lon="13.440961713458142"><time>2023-07-13T15:39:25.000Z</time></trkpt><trkpt lat="52.5436209553975" lon="13.44097689648077"><time>2023-07-13T15:39:26.000Z</time></trkpt><trkpt lat="52.543616309458486" lon="13.44099224107457"><time>2023-07-13T15:39:27.000Z</time></trkpt><trkpt lat="52.5436122126777" lon="13.441007440721092"><time>2023-07-13T15:39:28.000Z</time></trkpt><trkpt lat="52.543608536832295" lon="13.441022824868304"><time>2023-07-13T15:39:29.000Z</time></trkpt><trkpt lat="52.54360531444176" lon="13.44103794426153"><time>2023-07-13T15:39:30.000Z</time></trkpt><trkpt lat="52.543602586006024" lon="13.44105259916834"><time>2023-07-13T15:39:31.000Z</time></trkpt><trkpt lat="52.54360031774817" lon="13.441066610492861"><time>2023-07-13T15:39:32.000Z</time></trkpt><trkpt lat="52.54359858583744" lon="13.441079736901964"><time>2023-07-13T15:39:33.000Z</time></trkpt><trkpt lat="52.543597419269965" lon="13.44109145699491"><time>2023-07-13T15:39:34.000Z</time></trkpt><trkpt lat="52.54359667353829" lon="13.441102047399886"><time>2023-07-13T15:39:35.000Z</time></trkpt><trkpt lat="52.543596241920774" lon="13.441111187595066"><time>2023-07-13T15:39:36.000Z</time></trkpt><trkpt lat="52.54359610831954" lon="13.441118843022394"><time>2023-07-13T15:39:37.000Z</time></trkpt><trkpt lat="52.5435961156775" lon="13.441124843839697"><time>2023-07-13T15:39:38.000Z</time></trkpt><trkpt lat="52.54359622056898" lon="13.441129580340037"><time>2023-07-13T15:39:39.000Z</time></trkpt><trkpt lat="52.54359639354964" lon="13.441132941315278"><time>2023-07-13T15:39:40.000Z</time></trkpt><trkpt lat="52.54359663174355" lon="13.441135306740204"><time>2023-07-13T15:39:41.000Z</time></trkpt><trkpt lat="52.54359691013858" lon="13.441136836302496"><time>2023-07-13T15:39:42.000Z</time></trkpt><trkpt lat="52.543597168364585" lon="13.441137541958254"><time>2023-07-13T15:39:43.000Z</time></trkpt><trkpt lat="52.543597333651135" lon="13.44113765898066"><time>2023-07-13T15:39:44.000Z</time></trkpt><trkpt lat="52.54359728274298" lon="13.441137560465647"><time>2023-07-13T15:39:45.000Z</time></trkpt><trkpt lat="52.543597083841355" lon="13.441137306193726"><time>2023-07-13T15:39:46.000Z</time></trkpt><trkpt lat="52.543596782849505" lon="13.441137000248512"><time>2023-07-13T15:39:47.000Z</time></trkpt><trkpt lat="52.5435964721591" lon="13.441136795848282"><time>2023-07-13T15:39:48.000Z</time></trkpt><trkpt lat="52.543596244049716" lon="13.441136649836421"><time>2023-07-13T15:39:49.000Z</time></trkpt><trkpt lat="52.543596079808964" lon="13.44113654198582"><time>2023-07-13T15:39:50.000Z</time></trkpt><trkpt lat="52.543595981740104" lon="13.441136479421004"><time>2023-07-13T15:39:51.000Z</time></trkpt><trkpt lat="52.54359594295827" lon="13.441136461978196"><time>2023-07-13T15:39:52.000Z</time></trkpt><trkpt lat="52.54359582493202" lon="13.441136673666733"><time>2023-07-13T15:39:53.000Z</time></trkpt><trkpt lat="52.543595606297096" lon="13.441137455563124"><time>2023-07-13T15:39:55.000Z</time></trkpt><trkpt lat="52.54359528562177" lon="13.441139062921975"><time>2023-07-13T15:39:56.000Z</time></trkpt><trkpt lat="52.54359494107974" lon="13.441141749933319"><time>2023-07-13T15:39:57.000Z</time></trkpt><trkpt lat="52.543594652762025" lon="13.441145606267929"><time>2023-07-13T15:39:58.000Z</time></trkpt><trkpt lat="52.54359443662957" lon="13.441150369300992"><time>2023-07-13T15:39:59.000Z</time></trkpt><trkpt lat="52.54359461375609" lon="13.441155771576119"><time>2023-07-13T15:40:00.000Z</time></trkpt><trkpt lat="52.54359523757712" lon="13.441161802283677"><time>2023-07-13T15:40:01.000Z</time></trkpt><trkpt lat="52.54359641574802" lon="13.441168519893932"><time>2023-07-13T15:40:02.000Z</time></trkpt><trkpt lat="52.543598227089916" lon="13.441176065095817"><time>2023-07-13T15:40:03.000Z</time></trkpt><trkpt lat="52.54360073032958" lon="13.441184590206815"><time>2023-07-13T15:40:04.000Z</time></trkpt><trkpt lat="52.543604121629635" lon="13.441194003590764"><time>2023-07-13T15:40:05.000Z</time></trkpt><trkpt lat="52.543608324920406" lon="13.44120382069792"><time>2023-07-13T15:40:06.000Z</time></trkpt><trkpt lat="52.54361347548388" lon="13.44121379495413"><time>2023-07-13T15:40:07.000Z</time></trkpt><trkpt lat="52.543619598581174" lon="13.441223610996701"><time>2023-07-13T15:40:08.000Z</time></trkpt><trkpt lat="52.54362662648414" lon="13.44123319004638"><time>2023-07-13T15:40:09.000Z</time></trkpt><trkpt lat="52.54363452530381" lon="13.441242839931874"><time>2023-07-13T15:40:10.000Z</time></trkpt><trkpt lat="52.543642917767016" lon="13.44125269077817"><time>2023-07-13T15:40:11.000Z</time></trkpt><trkpt lat="52.54365157636199" lon="13.441262712039883"><time>2023-07-13T15:40:12.000Z</time></trkpt><trkpt lat="52.54366042023826" lon="13.44127302679936"><time>2023-07-13T15:40:13.000Z</time></trkpt><trkpt lat="52.543669410887894" lon="13.441283434996603"><time>2023-07-13T15:40:14.000Z</time></trkpt><trkpt lat="52.543678472589825" lon="13.441293820510005"><time>2023-07-13T15:40:15.000Z</time></trkpt><trkpt lat="52.5436875535893" lon="13.441304158936015"><time>2023-07-13T15:40:16.000Z</time></trkpt><trkpt lat="52.54369674708721" lon="13.44131471248999"><time>2023-07-13T15:40:17.000Z</time></trkpt><trkpt lat="52.543705918810026" lon="13.441325571415945"><time>2023-07-13T15:40:18.000Z</time></trkpt><trkpt lat="52.54371489153163" lon="13.441336757496913"><time>2023-07-13T15:40:19.000Z</time></trkpt><trkpt lat="52.543723687076884" lon="13.44134835024917"><time>2023-07-13T15:40:20.000Z</time></trkpt><trkpt lat="52.5437323671606" lon="13.441360281621195"><time>2023-07-13T15:40:21.000Z</time></trkpt><trkpt lat="52.543740970240904" lon="13.44137244007729"><time>2023-07-13T15:40:22.000Z</time></trkpt><trkpt lat="52.54374960678688" lon="13.441384998080146"><time>2023-07-13T15:40:23.000Z</time></trkpt><trkpt lat="52.54375826589231" lon="13.4413978585069"><time>2023-07-13T15:40:24.000Z</time></trkpt><trkpt lat="52.54376685398279" lon="13.441411222400244"><time>2023-07-13T15:40:25.000Z</time></trkpt><trkpt lat="52.543775235788765" lon="13.441425288591809"><time>2023-07-13T15:40:26.000Z</time></trkpt><trkpt lat="52.54378324225136" lon="13.441439719035065"><time>2023-07-13T15:40:27.000Z</time></trkpt><trkpt lat="52.543789327493215" lon="13.441455490093416"><time>2023-07-13T15:40:28.000Z</time></trkpt><trkpt lat="52.543793894273925" lon="13.441473445291608"><time>2023-07-13T15:40:29.000Z</time></trkpt><trkpt lat="52.54379695047939" lon="13.441493687623966"><time>2023-07-13T15:40:30.000Z</time></trkpt><trkpt lat="52.54379840094262" lon="13.441516182839534"><time>2023-07-13T15:40:31.000Z</time></trkpt><trkpt lat="52.54379815546899" lon="13.44154096430975"><time>2023-07-13T15:40:32.000Z</time></trkpt><trkpt lat="52.54380842087967" lon="13.441542926305864"><time>2023-07-13T15:40:33.000Z</time></trkpt><trkpt lat="52.543800325269835" lon="13.441580680071041"><time>2023-07-13T15:40:34.000Z</time></trkpt><trkpt lat="52.54379148689686" lon="13.441619113670242"><time>2023-07-13T15:40:35.000Z</time></trkpt><trkpt lat="52.54378197158988" lon="13.441658158689025"><time>2023-07-13T15:40:36.000Z</time></trkpt><trkpt lat="52.543771940728895" lon="13.44169731316419"><time>2023-07-13T15:40:37.000Z</time></trkpt><trkpt lat="52.54376156411274" lon="13.441736569707922"><time>2023-07-13T16:02:32.000Z</time></trkpt><trkpt lat="52.54375103322502" lon="13.441775750308665"><time>2023-07-13T16:02:33.000Z</time></trkpt><trkpt lat="52.543740458243974" lon="13.441814763682403"><time>2023-07-13T16:02:34.000Z</time></trkpt><trkpt lat="52.54372996092152" lon="13.441853423695154"><time>2023-07-13T16:02:35.000Z</time></trkpt><trkpt lat="52.54371922975625" lon="13.441891973064829"><time>2023-07-13T16:02:36.000Z</time></trkpt><trkpt lat="52.54372467955713" lon="13.441898271264977"><time>2023-07-13T16:02:37.000Z</time></trkpt><trkpt lat="52.54372064251188" lon="13.44191973666963"><time>2023-07-13T16:02:38.000Z</time></trkpt><trkpt lat="52.54371767426239" lon="13.441937717705088"><time>2023-07-13T16:02:39.000Z</time></trkpt><trkpt lat="52.54371568740515" lon="13.441951955871234"><time>2023-07-13T16:02:40.000Z</time></trkpt><trkpt lat="52.54371467402144" lon="13.441962494035637"><time>2023-07-13T16:02:41.000Z</time></trkpt><trkpt lat="52.54371466550829" lon="13.441969336259815"><time>2023-07-13T16:02:42.000Z</time></trkpt><trkpt lat="52.54371580742822" lon="13.441971018356163"><time>2023-07-13T16:02:43.000Z</time></trkpt><trkpt lat="52.543716898131066" lon="13.4419712704738"><time>2023-07-13T16:02:44.000Z</time></trkpt><trkpt lat="52.5437178583948" lon="13.441970196200565"><time>2023-07-13T16:02:45.000Z</time></trkpt><trkpt lat="52.54371850814709" lon="13.441968553546296"><time>2023-07-13T16:02:46.000Z</time></trkpt><trkpt lat="52.54371894821136" lon="13.44196659580512"><time>2023-07-13T16:02:47.000Z</time></trkpt><trkpt lat="52.54371929764936" lon="13.44196447932129"><time>2023-07-13T16:02:48.000Z</time></trkpt><trkpt lat="52.54371964194277" lon="13.44196231607608"><time>2023-07-13T16:02:49.000Z</time></trkpt><trkpt lat="52.54371988131126" lon="13.441959966364307"><time>2023-07-13T16:02:50.000Z</time></trkpt><trkpt lat="52.543720102881075" lon="13.44195775270734"><time>2023-07-13T16:02:51.000Z</time></trkpt><trkpt lat="52.54372029447881" lon="13.441955702058197"><time>2023-07-13T16:02:52.000Z</time></trkpt><trkpt lat="52.543720457750986" lon="13.441953338703264"><time>2023-07-13T16:02:53.000Z</time></trkpt><trkpt lat="52.54372059122013" lon="13.441950754889028"><time>2023-07-13T16:02:54.000Z</time></trkpt><trkpt lat="52.54372081108604" lon="13.441947857868724"><time>2023-07-13T16:02:55.000Z</time></trkpt><trkpt lat="52.54372105651575" lon="13.441944941620944"><time>2023-07-13T16:02:56.000Z</time></trkpt><trkpt lat="52.54372130489319" lon="13.44194209433299"><time>2023-07-13T16:02:57.000Z</time></trkpt><trkpt lat="52.543721522490664" lon="13.441939555731317"><time>2023-07-13T16:02:58.000Z</time></trkpt><trkpt lat="52.54372169601272" lon="13.44193738049924"><time>2023-07-13T16:02:59.000Z</time></trkpt><trkpt lat="52.54372194292709" lon="13.441934925918865"><time>2023-07-13T16:03:00.000Z</time></trkpt><trkpt lat="52.54372219767876" lon="13.441932262892914"><time>2023-07-13T16:03:01.000Z</time></trkpt><trkpt lat="52.54372250332321" lon="13.441929199997464"><time>2023-07-13T16:03:02.000Z</time></trkpt><trkpt lat="52.543722913068656" lon="13.441925441962287"><time>2023-07-13T16:03:03.000Z</time></trkpt><trkpt lat="52.543723344842284" lon="13.441921017951351"><time>2023-07-13T16:03:04.000Z</time></trkpt><trkpt lat="52.54372353631397" lon="13.441916275006088"><time>2023-07-13T16:03:05.000Z</time></trkpt><trkpt lat="52.543723518076824" lon="13.441911609251587"><time>2023-07-13T16:03:06.000Z</time></trkpt><trkpt lat="52.54372338628454" lon="13.441907127880002"><time>2023-07-13T16:03:07.000Z</time></trkpt><trkpt lat="52.54372319473194" lon="13.441902883259427"><time>2023-07-13T16:03:08.000Z</time></trkpt><trkpt lat="52.5437228948894" lon="13.44189826757122"><time>2023-07-13T16:03:09.000Z</time></trkpt><trkpt lat="52.54372197937573" lon="13.44189301271889"><time>2023-07-13T16:03:10.000Z</time></trkpt><trkpt lat="52.54372064500155" lon="13.441887742085695"><time>2023-07-13T16:03:11.000Z</time></trkpt><trkpt lat="52.543718840061096" lon="13.441882190393846"><time>2023-07-13T16:03:12.000Z</time></trkpt><trkpt lat="52.54371636486823" lon="13.441876134973404"><time>2023-07-13T16:03:13.000Z</time></trkpt><trkpt lat="52.54371298368003" lon="13.44186933001324"><time>2023-07-13T16:03:14.000Z</time></trkpt><trkpt lat="52.543708576298805" lon="13.441861883792432"><time>2023-07-13T16:03:15.000Z</time></trkpt><trkpt lat="52.54370337552417" lon="13.441852963633766"><time>2023-07-13T16:03:16.000Z</time></trkpt><trkpt lat="52.54369729555454" lon="13.441841770854932"><time>2023-07-13T16:03:17.000Z</time></trkpt><trkpt lat="52.54369045789128" lon="13.441828539024213"><time>2023-07-13T16:03:18.000Z</time></trkpt><trkpt lat="52.54368271042524" lon="13.4418128476775"><time>2023-07-13T16:03:19.000Z</time></trkpt><trkpt lat="52.54367416324049" lon="13.441794984800264"><time>2023-07-13T16:03:20.000Z</time></trkpt><trkpt lat="52.54366523032357" lon="13.44177501381024"><time>2023-07-13T16:03:21.000Z</time></trkpt><trkpt lat="52.543655413268226" lon="13.441752958064125"><time>2023-07-13T16:03:22.000Z</time></trkpt><trkpt lat="52.543644795724234" lon="13.441729069116583"><time>2023-07-13T16:03:23.000Z</time></trkpt><trkpt lat="52.543633861640274" lon="13.441704344339572"><time>2023-07-13T16:03:24.000Z</time></trkpt><trkpt lat="52.5436226013913" lon="13.441679324898251"><time>2023-07-13T16:03:25.000Z</time></trkpt><trkpt lat="52.54361122732806" lon="13.44165451104229"><time>2023-07-13T16:03:26.000Z</time></trkpt><trkpt lat="52.543599784233315" lon="13.44163051033163"><time>2023-07-13T16:03:27.000Z</time></trkpt><trkpt lat="52.543588263401396" lon="13.441608037827114"><time>2023-07-13T16:03:28.000Z</time></trkpt><trkpt lat="52.5435765606419" lon="13.441586741096836"><time>2023-07-13T16:03:29.000Z</time></trkpt><trkpt lat="52.54356495454597" lon="13.441567107207279"><time>2023-07-13T16:03:30.000Z</time></trkpt><trkpt lat="52.54355341347575" lon="13.441549692717023"><time>2023-07-13T16:03:31.000Z</time></trkpt><trkpt lat="52.54354202602329" lon="13.441534790487658"><time>2023-07-13T16:03:32.000Z</time></trkpt><trkpt lat="52.543530976059145" lon="13.441522272153458"><time>2023-07-13T16:03:33.000Z</time></trkpt><trkpt lat="52.5435203238461" lon="13.441512758579972"><time>2023-07-13T16:03:34.000Z</time></trkpt><trkpt lat="52.54350997021427" lon="13.441505665835296"><time>2023-07-13T16:03:35.000Z</time></trkpt><trkpt lat="52.543500054129275" lon="13.441500954698059"><time>2023-07-13T16:03:36.000Z</time></trkpt><trkpt lat="52.54349039535832" lon="13.441498418216492"><time>2023-07-13T16:03:37.000Z</time></trkpt><trkpt lat="52.54348138502053" lon="13.441497495471525"><time>2023-07-13T16:03:38.000Z</time></trkpt><trkpt lat="52.54347282642572" lon="13.441498086878191"><time>2023-07-13T16:03:39.000Z</time></trkpt><trkpt lat="52.543464552051006" lon="13.441500110733616"><time>2023-07-13T16:03:41.000Z</time></trkpt><trkpt lat="52.54345639739886" lon="13.441503569312728"><time>2023-07-13T16:03:42.000Z</time></trkpt><trkpt lat="52.5434483723017" lon="13.441508306902058"><time>2023-07-13T16:03:43.000Z</time></trkpt><trkpt lat="52.543440477738386" lon="13.44151416477879"><time>2023-07-13T16:03:44.000Z</time></trkpt><trkpt lat="52.54343265749551" lon="13.441521223578697"><time>2023-07-13T16:03:45.000Z</time></trkpt><trkpt lat="52.54342483128907" lon="13.441528628349111"><time>2023-07-13T16:03:46.000Z</time></trkpt><trkpt lat="52.54341662792931" lon="13.441536024360163"><time>2023-07-13T16:03:47.000Z</time></trkpt><trkpt lat="52.543407927881965" lon="13.441542709946743"><time>2023-07-13T16:03:48.000Z</time></trkpt><trkpt lat="52.543398907482995" lon="13.441548366347904"><time>2023-07-13T16:03:49.000Z</time></trkpt><trkpt lat="52.543389503175014" lon="13.4415534102232"><time>2023-07-13T16:03:50.000Z</time></trkpt><trkpt lat="52.54337980921094" lon="13.441557048733896"><time>2023-07-13T16:03:51.000Z</time></trkpt><trkpt lat="52.54337000741097" lon="13.441558679779384"><time>2023-07-13T16:03:52.000Z</time></trkpt><trkpt lat="52.54336020711744" lon="13.441557780187999"><time>2023-07-13T16:03:53.000Z</time></trkpt><trkpt lat="52.54335042211878" lon="13.441554103505114"><time>2023-07-13T16:03:54.000Z</time></trkpt><trkpt lat="52.54334081222974" lon="13.441548134829997"><time>2023-07-13T16:03:55.000Z</time></trkpt><trkpt lat="52.54333158446002" lon="13.441540126955855"><time>2023-07-13T16:03:56.000Z</time></trkpt><trkpt lat="52.5433229780929" lon="13.441530254586295"><time>2023-07-13T16:03:57.000Z</time></trkpt><trkpt lat="52.54331538489338" lon="13.441518837022208"><time>2023-07-13T16:03:58.000Z</time></trkpt><trkpt lat="52.54330892385879" lon="13.441506901145942"><time>2023-07-13T16:03:59.000Z</time></trkpt><trkpt lat="52.54330386879324" lon="13.441494862324777"><time>2023-07-13T16:04:00.000Z</time></trkpt><trkpt lat="52.54329996846141" lon="13.441482615745764"><time>2023-07-13T16:04:01.000Z</time></trkpt><trkpt lat="52.54329726864517" lon="13.441470794309305"><time>2023-07-13T16:04:02.000Z</time></trkpt><trkpt lat="52.54329562088106" lon="13.44146002671141"><time>2023-07-13T16:04:03.000Z</time></trkpt><trkpt lat="52.543294987507764" lon="13.441450943754118"><time>2023-07-13T16:04:04.000Z</time></trkpt><trkpt lat="52.54329570486272" lon="13.441443450246219"><time>2023-07-13T16:04:05.000Z</time></trkpt><trkpt lat="52.54329800613182" lon="13.441438197571573"><time>2023-07-13T16:04:06.000Z</time></trkpt><trkpt lat="52.54330201745875" lon="13.441435168487827"><time>2023-07-13T16:04:07.000Z</time></trkpt><trkpt lat="52.5433076141876" lon="13.441434330472992"><time>2023-07-13T16:04:08.000Z</time></trkpt><trkpt lat="52.54331468814009" lon="13.44143640454569"><time>2023-07-13T16:04:09.000Z</time></trkpt><trkpt lat="52.54332330885586" lon="13.441441127666593"><time>2023-07-13T16:04:10.000Z</time></trkpt><trkpt lat="52.543333620419055" lon="13.441449236929778"><time>2023-07-13T16:04:11.000Z</time></trkpt><trkpt lat="52.54334593579222" lon="13.441461359357687"><time>2023-07-13T16:04:12.000Z</time></trkpt><trkpt lat="52.54336069547595" lon="13.441478214501364"><time>2023-07-13T16:04:13.000Z</time></trkpt><trkpt lat="52.54337841856477" lon="13.441500353019679"><time>2023-07-13T16:04:14.000Z</time></trkpt><trkpt lat="52.543400031222376" lon="13.44152886437209"><time>2023-07-13T16:04:15.000Z</time></trkpt><trkpt lat="52.54342610813419" lon="13.441565307961815"><time>2023-07-13T16:04:16.000Z</time></trkpt><trkpt lat="52.54345792777477" lon="13.441609254481573"><time>2023-07-13T16:04:17.000Z</time></trkpt><trkpt lat="52.54349642835163" lon="13.441661637874393"><time>2023-07-13T16:04:18.000Z</time></trkpt><trkpt lat="52.54354299033928" lon="13.44172417073766"><time>2023-07-13T16:04:19.000Z</time></trkpt><trkpt lat="52.543598338754116" lon="13.441797424500134"><time>2023-07-13T16:04:20.000Z</time></trkpt><trkpt lat="52.5436616675783" lon="13.44188049086993"><time>2023-07-13T16:04:21.000Z</time></trkpt><trkpt lat="52.543732777111856" lon="13.441972890037169"><time>2023-07-13T16:04:22.000Z</time></trkpt><trkpt lat="52.54381040333784" lon="13.442073620263962"><time>2023-07-13T16:04:23.000Z</time></trkpt><trkpt lat="52.54389337569232" lon="13.442180921336854"><time>2023-07-13T16:04:24.000Z</time></trkpt><trkpt lat="52.54524670068877" lon="13.44393174901425"><time>2023-07-13T16:04:40.000Z</time></trkpt><trkpt lat="52.54529566096548" lon="13.443986864509283"><time>2023-07-13T16:04:41.000Z</time></trkpt><trkpt lat="52.54533485590211" lon="13.444031479128109"><time>2023-07-13T16:04:42.000Z</time></trkpt><trkpt lat="52.545366045571356" lon="13.444067114763248"><time>2023-07-13T16:04:43.000Z</time></trkpt><trkpt lat="52.54538940489608" lon="13.444094578473647"><time>2023-07-13T16:04:44.000Z</time></trkpt><trkpt lat="52.54540575404667" lon="13.444115927591207"><time>2023-07-13T16:04:45.000Z</time></trkpt><trkpt lat="52.54541535787255" lon="13.444131620090097"><time>2023-07-13T16:04:46.000Z</time></trkpt><trkpt lat="52.54542045405431" lon="13.444143561483504"><time>2023-07-13T16:04:47.000Z</time></trkpt><trkpt lat="52.54542080880537" lon="13.444149395428724"><time>2023-07-13T16:04:48.000Z</time></trkpt><trkpt lat="52.545416722445246" lon="13.444151664438822"><time>2023-07-13T16:04:49.000Z</time></trkpt><trkpt lat="52.5454095838242" lon="13.444149888778126"><time>2023-07-13T16:04:50.000Z</time></trkpt><trkpt lat="52.54539954533055" lon="13.444142639536933"><time>2023-07-13T16:04:51.000Z</time></trkpt><trkpt lat="52.54539402644548" lon="13.444137386969764"><time>2023-07-13T16:04:52.000Z</time></trkpt><trkpt lat="52.545390839500165" lon="13.444133835075162"><time>2023-07-13T16:04:53.000Z</time></trkpt><trkpt lat="52.54538982561981" lon="13.444133253164843"><time>2023-07-13T16:04:54.000Z</time></trkpt><trkpt lat="52.545390790397256" lon="13.44413634450583"><time>2023-07-13T16:04:55.000Z</time></trkpt><trkpt lat="52.54539358906359" lon="13.444142341672546"><time>2023-07-13T16:04:56.000Z</time></trkpt><trkpt lat="52.54539869744638" lon="13.444151550779498"><time>2023-07-13T16:04:57.000Z</time></trkpt><trkpt lat="52.54540428226679" lon="13.44416334307694"><time>2023-07-13T16:04:58.000Z</time></trkpt><trkpt lat="52.54541108818578" lon="13.44418084155523"><time>2023-07-13T16:04:59.000Z</time></trkpt><trkpt lat="52.54541942044066" lon="13.44420115809673"><time>2023-07-13T16:05:00.000Z</time></trkpt><trkpt lat="52.54542967789292" lon="13.444226728044741"><time>2023-07-13T16:05:01.000Z</time></trkpt><trkpt lat="52.545441960080545" lon="13.444257713412924"><time>2023-07-13T16:05:02.000Z</time></trkpt><trkpt lat="52.545456396147635" lon="13.444294883592146"><time>2023-07-13T16:05:03.000Z</time></trkpt><trkpt lat="52.545473704784406" lon="13.44433711371957"><time>2023-07-13T16:05:04.000Z</time></trkpt><trkpt lat="52.54549440941489" lon="13.44438526809323"><time>2023-07-13T16:05:05.000Z</time></trkpt><trkpt lat="52.545519112321564" lon="13.444439874762196"><time>2023-07-13T16:05:06.000Z</time></trkpt><trkpt lat="52.54554747515006" lon="13.44450022732726"><time>2023-07-13T16:05:07.000Z</time></trkpt><trkpt lat="52.54557854013228" lon="13.444565917703981"><time>2023-07-13T16:05:08.000Z</time></trkpt><trkpt lat="52.545611988335914" lon="13.444636257221713"><time>2023-07-13T16:05:09.000Z</time></trkpt><trkpt lat="52.5456481708517" lon="13.444711895838966"><time>2023-07-13T16:05:10.000Z</time></trkpt><trkpt lat="52.545686136472725" lon="13.444791800488359"><time>2023-07-13T16:05:11.000Z</time></trkpt><trkpt lat="52.54572622322964" lon="13.444876634598831"><time>2023-07-13T16:05:12.000Z</time></trkpt><trkpt lat="52.54576832112648" lon="13.444965053215448"><time>2023-07-13T16:05:13.000Z</time></trkpt><trkpt lat="52.54581270944223" lon="13.445057642383828"><time>2023-07-13T16:05:14.000Z</time></trkpt><trkpt lat="52.545858567981604" lon="13.445152280859169"><time>2023-07-13T16:05:15.000Z</time></trkpt><trkpt lat="52.545904717366035" lon="13.445246664092373"><time>2023-07-13T16:05:16.000Z</time></trkpt><trkpt lat="52.54594979099349" lon="13.445338517423126"><time>2023-07-13T16:05:17.000Z</time></trkpt></trkseg></trk></gpx>