<?xml version="1.0" encoding="UTF-8"?><gpx creator="Health" xsi:schemaLocation="http://www.topografix.com/GPX/1/0 http://www.topografix.com/GPX/1/0/gpx.xsd" version="1.0" xmlns="http://www.topografix.com/GPX/1/0" xmlns:xsi="http://www.w3.org/2001/XMLSchema-instance"><metadata><time>2024-03-12T09:11:29.000Z</time></metadata><trk><type>Ходьба на улице</type><extensions><totalTime>9362.0</totalTime><cumulativeDecrease>0.0</cumulativeDecrease><cumulativeClimb>0.0</cumulativeClimb><totalDistance>7020.0</totalDistance></extensions><trkseg><trkpt lat="52.571075" lon="13.401255"><time>2024-03-12T09:11:29.000Z</time></trkpt><trkpt lat="52.571072" lon="13.401231"><time>2024-03-12T09:11:30.000Z</time></trkpt><trkpt lat="52.570491" lon="13.40162"><time>2024-03-12T09:11:31.000Z</time></trkpt><trkpt lat="52.569893" lon="13.401994"><time>2024-03-12T09:11:50.000Z</time></trkpt><trkpt lat="52.569298" lon="13.402354"><time>2024-03-12T09:12:02.000Z</time></trkpt><trkpt lat="52.569288" lon="13.402298"><time>2024-03-12T09:12:10.000Z</time></trkpt><trkpt lat="52.56929" lon="13.402188"><time>2024-03-12T09:12:14.000Z</time></trkpt><trkpt lat="52.569297" lon="13.402084"><time>2024-03-12T09:12:24.000Z</time></trkpt><trkpt lat="52.569308" lon="13.401971"><time>2024-03-12T09:12:28.000Z</time></trkpt><trkpt lat="52.569321" lon="13.401877"><time>2024-03-12T09:12:32.000Z</time></trkpt><trkpt lat="52.569331" lon="13.401791"><time>2024-03-12T09:12:38.000Z</time></trkpt><trkpt lat="52.569339" lon="13.401697"><time>2024-03-12T09:12:41.000Z</time></trkpt><trkpt lat="52.569345" lon="13.401581"><time>2024-03-12T09:12:45.000Z</time></trkpt><trkpt lat="52.569356" lon="13.401462"><time>2024-03-12T09:12:51.000Z</time></trkpt><trkpt lat="52.56936" lon="13.401358"><time>2024-03-12T09:12:53.000Z</time></trkpt><trkpt lat="52.569356" lon="13.401312"><time>2024-03-12T09:12:55.000Z</time></trkpt><trkpt lat="52.569361" lon="13.401283"><time>2024-03-12T09:12:59.000Z</time></trkpt><trkpt lat="52.569358" lon="13.401259"><time>2024-03-12T09:13:05.000Z</time></trkpt><trkpt lat="52.569398" lon="13.401235"><time>2024-03-12T09:13:41.000Z</time></trkpt><trkpt lat="52.569416" lon="13.401194"><time>2024-03-12T09:13:45.000Z</time></trkpt><trkpt lat="52.569439" lon="13.401129"><time>2024-03-12T09:13:49.000Z</time></trkpt><trkpt lat="52.569463" lon="13.401066"><time>2024-03-12T09:13:57.000Z</time></trkpt><trkpt lat="52.569488" lon="13.400994"><time>2024-03-12T09:14:03.000Z</time></trkpt><trkpt lat="52.56951" lon="13.400954"><time>2024-03-12T09:14:09.000Z</time></trkpt><trkpt lat="52.569535" lon="13.400916"><time>2024-03-12T09:14:11.000Z</time></trkpt><trkpt lat="52.569567" lon="13.400872"><time>2024-03-12T09:14:13.000Z</time></trkpt><trkpt lat="52.569599" lon="13.400832"><time>2024-03-12T09:14:17.000Z</time></trkpt><trkpt lat="52.569636" lon="13.400785"><time>2024-03-12T09:14:19.000Z</time></trkpt><trkpt lat="52.569666" lon="13.400756"><time>2024-03-12T09:14:23.000Z</time></trkpt><trkpt lat="52.569693" lon="13.400713"><time>2024-03-12T09:14:25.000Z</time></trkpt><trkpt lat="52.569716" lon="13.400669"><time>2024-03-12T09:14:27.000Z</time></trkpt><trkpt lat="52.569744" lon="13.400611"><time>2024-03-12T09:14:31.000Z</time></trkpt><trkpt lat="52.569776" lon="13.400545"><time>2024-03-12T09:14:35.000Z</time></trkpt><trkpt lat="52.569806" lon="13.400484"><time>2024-03-12T09:14:39.000Z</time></trkpt><trkpt lat="52.569831" lon="13.400434"><time>2024-03-12T09:14:43.000Z</time></trkpt><trkpt lat="52.569854" lon="13.400393"><time>2024-03-12T09:14:45.000Z</time></trkpt><trkpt lat="52.569873" lon="13.400341"><time>2024-03-12T09:14:47.000Z</time></trkpt><trkpt lat="52.569895" lon="13.400276"><time>2024-03-12T09:14:51.000Z</time></trkpt><trkpt lat="52.569918" lon="13.400208"><time>2024-03-12T09:14:55.000Z</time></trkpt><trkpt lat="52.569947" lon="13.40013"><time>2024-03-12T09:14:59.000Z</time></trkpt><trkpt lat="52.569971" lon="13.400063"><time>2024-03-12T09:15:03.000Z</time></trkpt><trkpt lat="52.569996" lon="13.400001"><time>2024-03-12T09:15:05.000Z</time></trkpt><trkpt lat="52.570019" lon="13.399962"><time>2024-03-12T09:15:07.000Z</time></trkpt><trkpt lat="52.57004" lon="13.399921"><time>2024-03-12T09:15:09.000Z</time></trkpt><trkpt lat="52.570061" lon="13.399884"><time>2024-03-12T09:15:15.000Z</time></trkpt><trkpt lat="52.570083" lon="13.399854"><time>2024-03-12T09:15:19.000Z</time></trkpt><trkpt lat="52.570116" lon="13.399836"><time>2024-03-12T09:15:23.000Z</time></trkpt><trkpt lat="52.570157" lon="13.399807"><time>2024-03-12T09:15:27.000Z</time></trkpt><trkpt lat="52.570188" lon="13.399749"><time>2024-03-12T09:15:33.000Z</time></trkpt><trkpt lat="52.570209" lon="13.399684"><time>2024-03-12T09:15:37.000Z</time></trkpt><trkpt lat="52.570219" lon="13.399627"><time>2024-03-12T09:15:39.000Z</time></trkpt><trkpt lat="52.57024" lon="13.399579"><time>2024-03-12T09:15:43.000Z</time></trkpt><trkpt lat="52.570267" lon="13.399527"><time>2024-03-12T09:15:48.000Z</time></trkpt><trkpt lat="52.570301" lon="13.399476"><time>2024-03-12T09:15:52.000Z</time></trkpt><trkpt lat="52.570316" lon="13.399431"><time>2024-03-12T09:15:56.000Z</time></trkpt><trkpt lat="52.570328" lon="13.39934"><time>2024-03-12T09:16:02.000Z</time></trkpt><trkpt lat="52.570335" lon="13.399243"><time>2024-03-12T09:16:10.000Z</time></trkpt><trkpt lat="52.570355" lon="13.399141"><time>2024-03-12T09:16:16.000Z</time></trkpt><trkpt lat="52.570387" lon="13.399049"><time>2024-03-12T09:16:22.000Z</time></trkpt><trkpt lat="52.57042" lon="13.398961"><time>2024-03-12T09:16:32.000Z</time></trkpt><trkpt lat="52.570465" lon="13.398866"><time>2024-03-12T09:16:36.000Z</time></trkpt><trkpt lat="52.570492" lon="13.398805"><time>2024-03-12T09:16:42.000Z</time></trkpt><trkpt lat="52.57051" lon="13.398739"><time>2024-03-12T09:16:46.000Z</time></trkpt><trkpt lat="52.570515" lon="13.398687"><time>2024-03-12T09:16:50.000Z</time></trkpt><trkpt lat="52.570513" lon="13.398638"><time>2024-03-12T09:16:54.000Z</time></trkpt><trkpt lat="52.570505" lon="13.398592"><time>2024-03-12T09:16:58.000Z</time></trkpt><trkpt lat="52.570482" lon="13.398541"><time>2024-03-12T09:17:02.000Z</time></trkpt><trkpt lat="52.570458" lon="13.398486"><time>2024-03-12T09:17:06.000Z</time></trkpt><trkpt lat="52.570435" lon="13.39843"><time>2024-03-12T09:17:10.000Z</time></trkpt><trkpt lat="52.570421" lon="13.398374"><time>2024-03-12T09:17:14.000Z</time></trkpt><trkpt lat="52.570408" lon="13.398318"><time>2024-03-12T09:17:18.000Z</time></trkpt><trkpt lat="52.570396" lon="13.398255"><time>2024-03-12T09:17:22.000Z</time></trkpt><trkpt lat="52.570382" lon="13.39819"><time>2024-03-12T09:17:26.000Z</time></trkpt><trkpt lat="52.570369" lon="13.398131"><time>2024-03-12T09:17:30.000Z</time></trkpt><trkpt lat="52.570352" lon="13.398072"><time>2024-03-12T09:17:32.000Z</time></trkpt><trkpt lat="52.570335" lon="13.39802"><time>2024-03-12T09:17:36.000Z</time></trkpt><trkpt lat="52.570314" lon="13.397972"><time>2024-03-12T09:17:40.000Z</time></trkpt><trkpt lat="52.570292" lon="13.397938"><time>2024-03-12T09:17:44.000Z</time></trkpt><trkpt lat="52.570262" lon="13.397904"><time>2024-03-12T09:17:48.000Z</time></trkpt><trkpt lat="52.570229" lon="13.397864"><time>2024-03-12T09:17:52.000Z</time></trkpt><trkpt lat="52.570198" lon="13.397824"><time>2024-03-12T09:17:56.000Z</time></trkpt><trkpt lat="52.570174" lon="13.397785"><time>2024-03-12T09:17:58.000Z</time></trkpt><trkpt lat="52.570149" lon="13.397743"><time>2024-03-12T09:18:00.000Z</time></trkpt><trkpt lat="52.570122" lon="13.397687"><time>2024-03-12T09:18:04.000Z</time></trkpt><trkpt lat="52.570095" lon="13.397632"><time>2024-03-12T09:18:08.000Z</time></trkpt><trkpt lat="52.570073" lon="13.397585"><time>2024-03-12T09:18:10.000Z</time></trkpt><trkpt lat="52.570048" lon="13.397541"><time>2024-03-12T09:18:12.000Z</time></trkpt><trkpt lat="52.570009" lon="13.397491"><time>2024-03-12T09:18:16.000Z</time></trkpt><trkpt lat="52.569963" lon="13.397437"><time>2024-03-12T09:18:20.000Z</time></trkpt><trkpt lat="52.569924" lon="13.397393"><time>2024-03-12T09:18:24.000Z</time></trkpt><trkpt lat="52.569897" lon="13.397356"><time>2024-03-12T09:18:26.000Z</time></trkpt><trkpt lat="52.569872" lon="13.397317"><time>2024-03-12T09:18:28.000Z</time></trkpt><trkpt lat="52.569843" lon="13.397271"><time>2024-03-12T09:18:32.000Z</time></trkpt><trkpt lat="52.569812" lon="13.397222"><time>2024-03-12T09:18:36.000Z</time></trkpt><trkpt lat="52.569783" lon="13.397177"><time>2024-03-12T09:18:40.000Z</time></trkpt><trkpt lat="52.569754" lon="13.397129"><time>2024-03-12T09:18:44.000Z</time></trkpt><trkpt lat="52.569722" lon="13.397079"><time>2024-03-12T09:18:48.000Z</time></trkpt><trkpt lat="52.569686" lon="13.397022"><time>2024-03-12T09:18:52.000Z</time></trkpt><trkpt lat="52.569654" lon="13.396976"><time>2024-03-12T09:18:56.000Z</time></trkpt><trkpt lat="52.569623" lon="13.396944"><time>2024-03-12T09:18:58.000Z</time></trkpt><trkpt lat="52.569594" lon="13.396929"><time>2024-03-12T09:19:04.000Z</time></trkpt><trkpt lat="52.569558" lon="13.396929"><time>2024-03-12T09:19:08.000Z</time></trkpt><trkpt lat="52.569524" lon="13.396928"><time>2024-03-12T09:19:12.000Z</time></trkpt><trkpt lat="52.569443" lon="13.396911"><time>2024-03-12T09:19:14.000Z</time></trkpt><trkpt lat="52.569366" lon="13.396887"><time>2024-03-12T09:19:20.000Z</time></trkpt><trkpt lat="52.569286" lon="13.396867"><time>2024-03-12T09:19:22.000Z</time></trkpt><trkpt lat="52.569265" lon="13.396884"><time>2024-03-12T09:19:26.000Z</time></trkpt><trkpt lat="52.569266" lon="13.396907"><time>2024-03-12T09:19:32.000Z</time></trkpt><trkpt lat="52.569282" lon="13.396914"><time>2024-03-12T09:19:36.000Z</time></trkpt><trkpt lat="52.569293" lon="13.396881"><time>2024-03-12T09:19:40.000Z</time></trkpt><trkpt lat="52.569302" lon="13.396815"><time>2024-03-12T09:19:44.000Z</time></trkpt><trkpt lat="52.569311" lon="13.396741"><time>2024-03-12T09:19:48.000Z</time></trkpt><trkpt lat="52.569333" lon="13.396685"><time>2024-03-12T09:19:52.000Z</time></trkpt><trkpt lat="52.569358" lon="13.396642"><time>2024-03-12T09:19:58.000Z</time></trkpt><trkpt lat="52.56938" lon="13.396606"><time>2024-03-12T09:20:04.000Z</time></trkpt><trkpt lat="52.569388" lon="13.396555"><time>2024-03-12T09:20:24.000Z</time></trkpt><trkpt lat="52.569382" lon="13.396501"><time>2024-03-12T09:20:28.000Z</time></trkpt><trkpt lat="52.569374" lon="13.396443"><time>2024-03-12T09:20:32.000Z</time></trkpt><trkpt lat="52.569367" lon="13.396388"><time>2024-03-12T09:20:36.000Z</time></trkpt><trkpt lat="52.569363" lon="13.39633"><time>2024-03-12T09:20:40.000Z</time></trkpt><trkpt lat="52.569357" lon="13.396277"><time>2024-03-12T09:20:44.000Z</time></trkpt><trkpt lat="52.569391" lon="13.39616"><time>2024-03-12T09:20:46.000Z</time></trkpt><trkpt lat="52.569437" lon="13.396056"><time>2024-03-12T09:21:00.000Z</time></trkpt><trkpt lat="52.569496" lon="13.395959"><time>2024-03-12T09:21:04.000Z</time></trkpt><trkpt lat="52.569519" lon="13.39592"><time>2024-03-12T09:21:06.000Z</time></trkpt><trkpt lat="52.569538" lon="13.39588"><time>2024-03-12T09:21:12.000Z</time></trkpt><trkpt lat="52.569554" lon="13.395835"><time>2024-03-12T09:21:16.000Z</time></trkpt><trkpt lat="52.569573" lon="13.395796"><time>2024-03-12T09:21:20.000Z</time></trkpt><trkpt lat="52.569586" lon="13.395736"><time>2024-03-12T09:21:22.000Z</time></trkpt><trkpt lat="52.569602" lon="13.395671"><time>2024-03-12T09:21:26.000Z</time></trkpt><trkpt lat="52.569615" lon="13.395597"><time>2024-03-12T09:21:30.000Z</time></trkpt><trkpt lat="52.569629" lon="13.395531"><time>2024-03-12T09:21:34.000Z</time></trkpt><trkpt lat="52.569635" lon="13.395469"><time>2024-03-12T09:21:38.000Z</time></trkpt><trkpt lat="52.569639" lon="13.395408"><time>2024-03-12T09:21:40.000Z</time></trkpt><trkpt lat="52.569636" lon="13.395347"><time>2024-03-12T09:21:44.000Z</time></trkpt><trkpt lat="52.569634" lon="13.395272"><time>2024-03-12T09:21:48.000Z</time></trkpt><trkpt lat="52.569631" lon="13.395205"><time>2024-03-12T09:21:52.000Z</time></trkpt><trkpt lat="52.569633" lon="13.395135"><time>2024-03-12T09:21:54.000Z</time></trkpt><trkpt lat="52.569636" lon="13.395074"><time>2024-03-12T09:21:58.000Z</time></trkpt><trkpt lat="52.569636" lon="13.395012"><time>2024-03-12T09:22:02.000Z</time></trkpt><trkpt lat="52.569633" lon="13.394955"><time>2024-03-12T09:22:06.000Z</time></trkpt><trkpt lat="52.569631" lon="13.394894"><time>2024-03-12T09:22:10.000Z</time></trkpt><trkpt lat="52.569637" lon="13.394833"><time>2024-03-12T09:22:14.000Z</time></trkpt><trkpt lat="52.569648" lon="13.394771"><time>2024-03-12T09:22:16.000Z</time></trkpt><trkpt lat="52.569659" lon="13.394715"><time>2024-03-12T09:22:22.000Z</time></trkpt><trkpt lat="52.569665" lon="13.394653"><time>2024-03-12T09:22:28.000Z</time></trkpt><trkpt lat="52.569666" lon="13.39458"><time>2024-03-12T09:22:32.000Z</time></trkpt><trkpt lat="52.569666" lon="13.394502"><time>2024-03-12T09:22:36.000Z</time></trkpt><trkpt lat="52.569666" lon="13.394432"><time>2024-03-12T09:22:40.000Z</time></trkpt><trkpt lat="52.569665" lon="13.394374"><time>2024-03-12T09:22:44.000Z</time></trkpt><trkpt lat="52.569662" lon="13.394316"><time>2024-03-12T09:22:48.000Z</time></trkpt><trkpt lat="52.569658" lon="13.394257"><time>2024-03-12T09:22:52.000Z</time></trkpt><trkpt lat="52.569647" lon="13.394195"><time>2024-03-12T09:22:56.000Z</time></trkpt><trkpt lat="52.569637" lon="13.394128"><time>2024-03-12T09:23:00.000Z</time></trkpt><trkpt lat="52.569637" lon="13.394072"><time>2024-03-12T09:23:04.000Z</time></trkpt><trkpt lat="52.569652" lon="13.394028"><time>2024-03-12T09:23:12.000Z</time></trkpt><trkpt lat="52.569673" lon="13.393981"><time>2024-03-12T09:23:20.000Z</time></trkpt><trkpt lat="52.56968" lon="13.393927"><time>2024-03-12T09:23:26.000Z</time></trkpt><trkpt lat="52.569681" lon="13.393858"><time>2024-03-12T09:23:28.000Z</time></trkpt><trkpt lat="52.569678" lon="13.39379"><time>2024-03-12T09:23:32.000Z</time></trkpt><trkpt lat="52.569671" lon="13.393697"><time>2024-03-12T09:23:36.000Z</time></trkpt><trkpt lat="52.569657" lon="13.393616"><time>2024-03-12T09:23:40.000Z</time></trkpt><trkpt lat="52.569643" lon="13.393547"><time>2024-03-12T09:23:42.000Z</time></trkpt><trkpt lat="52.569637" lon="13.393492"><time>2024-03-12T09:23:44.000Z</time></trkpt><trkpt lat="52.56963" lon="13.393432"><time>2024-03-12T09:23:48.000Z</time></trkpt><trkpt lat="52.569621" lon="13.393366"><time>2024-03-12T09:23:52.000Z</time></trkpt><trkpt lat="52.569611" lon="13.393304"><time>2024-03-12T09:23:56.000Z</time></trkpt><trkpt lat="52.569596" lon="13.393241"><time>2024-03-12T09:23:58.000Z</time></trkpt><trkpt lat="52.569575" lon="13.39318"><time>2024-03-12T09:24:02.000Z</time></trkpt><trkpt lat="52.569562" lon="13.393124"><time>2024-03-12T09:24:06.000Z</time></trkpt><trkpt lat="52.569564" lon="13.39307"><time>2024-03-12T09:24:10.000Z</time></trkpt><trkpt lat="52.569587" lon="13.393026"><time>2024-03-12T09:24:14.000Z</time></trkpt><trkpt lat="52.569615" lon="13.39301"><time>2024-03-12T09:24:18.000Z</time></trkpt><trkpt lat="52.569647" lon="13.39303"><time>2024-03-12T09:24:24.000Z</time></trkpt><trkpt lat="52.569685" lon="13.393073"><time>2024-03-12T09:24:28.000Z</time></trkpt><trkpt lat="52.569726" lon="13.393105"><time>2024-03-12T09:24:32.000Z</time></trkpt><trkpt lat="52.56977" lon="13.393121"><time>2024-03-12T09:24:36.000Z</time></trkpt><trkpt lat="52.569811" lon="13.393132"><time>2024-03-12T09:24:40.000Z</time></trkpt><trkpt lat="52.56984" lon="13.393154"><time>2024-03-12T09:24:46.000Z</time></trkpt><trkpt lat="52.569863" lon="13.39319"><time>2024-03-12T09:24:50.000Z</time></trkpt><trkpt lat="52.569881" lon="13.393232"><time>2024-03-12T09:24:54.000Z</time></trkpt><trkpt lat="52.569906" lon="13.393267"><time>2024-03-12T09:24:58.000Z</time></trkpt><trkpt lat="52.569932" lon="13.393278"><time>2024-03-12T09:25:04.000Z</time></trkpt><trkpt lat="52.569963" lon="13.39328"><time>2024-03-12T09:25:06.000Z</time></trkpt><trkpt lat="52.569993" lon="13.393292"><time>2024-03-12T09:25:10.000Z</time></trkpt><trkpt lat="52.570011" lon="13.393337"><time>2024-03-12T09:25:30.000Z</time></trkpt><trkpt lat="52.57001" lon="13.393402"><time>2024-03-12T09:25:36.000Z</time></trkpt><trkpt lat="52.569997" lon="13.393503"><time>2024-03-12T09:25:40.000Z</time></trkpt><trkpt lat="52.570028" lon="13.393608"><time>2024-03-12T09:25:50.000Z</time></trkpt><trkpt lat="52.570068" lon="13.393711"><time>2024-03-12T09:26:06.000Z</time></trkpt><trkpt lat="52.570127" lon="13.393768"><time>2024-03-12T09:26:12.000Z</time></trkpt><trkpt lat="52.570133" lon="13.393794"><time>2024-03-12T09:26:16.000Z</time></trkpt><trkpt lat="52.570144" lon="13.393787"><time>2024-03-12T09:26:24.000Z</time></trkpt><trkpt lat="52.57023" lon="13.393837"><time>2024-03-12T09:27:14.000Z</time></trkpt><trkpt lat="52.570237" lon="13.393848"><time>2024-03-12T09:27:34.000Z</time></trkpt><trkpt lat="52.570244" lon="13.393853"><time>2024-03-12T09:27:40.000Z</time></trkpt><trkpt lat="52.570258" lon="13.393856"><time>2024-03-12T09:27:52.000Z</time></trkpt><trkpt lat="52.570335" lon="13.393885"><time>2024-03-12T09:29:16.000Z</time></trkpt><trkpt lat="52.570345" lon="13.39383"><time>2024-03-12T09:30:42.000Z</time></trkpt><trkpt lat="52.57032" lon="13.393917"><time>2024-03-12T09:33:50.000Z</time></trkpt><trkpt lat="52.570138" lon="13.393765"><time>2024-03-12T09:35:52.000Z</time></trkpt><trkpt lat="52.570172" lon="13.393778"><time>2024-03-12T09:36:20.000Z</time></trkpt><trkpt lat="52.570164" lon="13.393766"><time>2024-03-12T09:36:31.000Z</time></trkpt><trkpt lat="52.570154" lon="13.393751"><time>2024-03-12T09:36:39.000Z</time></trkpt><trkpt lat="52.570128" lon="13.393732"><time>2024-03-12T09:36:43.000Z</time></trkpt><trkpt lat="52.570074" lon="13.393715"><time>2024-03-12T09:36:49.000Z</time></trkpt><trkpt lat="52.570021" lon="13.393695"><time>2024-03-12T09:36:53.000Z</time></trkpt><trkpt lat="52.569984" lon="13.393668"><time>2024-03-12T09:36:57.000Z</time></trkpt><trkpt lat="52.569979" lon="13.393653"><time>2024-03-12T09:37:01.000Z</time></trkpt><trkpt lat="52.569981" lon="13.393627"><time>2024-03-12T09:37:05.000Z</time></trkpt><trkpt lat="52.569988" lon="13.393599"><time>2024-03-12T09:37:13.000Z</time></trkpt><trkpt lat="52.569977" lon="13.393543"><time>2024-03-12T09:37:17.000Z</time></trkpt><trkpt lat="52.569968" lon="13.393485"><time>2024-03-12T09:37:21.000Z</time></trkpt><trkpt lat="52.56996" lon="13.39343"><time>2024-03-12T09:37:25.000Z</time></trkpt><trkpt lat="52.569949" lon="13.39337"><time>2024-03-12T09:37:29.000Z</time></trkpt><trkpt lat="52.569936" lon="13.393309"><time>2024-03-12T09:37:33.000Z</time></trkpt><trkpt lat="52.569925" lon="13.393238"><time>2024-03-12T09:37:37.000Z</time></trkpt><trkpt lat="52.569917" lon="13.393172"><time>2024-03-12T09:37:43.000Z</time></trkpt><trkpt lat="52.56991" lon="13.393114"><time>2024-03-12T09:37:45.000Z</time></trkpt><trkpt lat="52.569903" lon="13.393061"><time>2024-03-12T09:37:47.000Z</time></trkpt><trkpt lat="52.569895" lon="13.393004"><time>2024-03-12T09:37:51.000Z</time></trkpt><trkpt lat="52.569887" lon="13.392943"><time>2024-03-12T09:37:55.000Z</time></trkpt><trkpt lat="52.569878" lon="13.392874"><time>2024-03-12T09:37:59.000Z</time></trkpt><trkpt lat="52.569867" lon="13.392796"><time>2024-03-12T09:38:03.000Z</time></trkpt><trkpt lat="52.569859" lon="13.392718"><time>2024-03-12T09:38:07.000Z</time></trkpt><trkpt lat="52.569848" lon="13.392649"><time>2024-03-12T09:38:11.000Z</time></trkpt><trkpt lat="52.569844" lon="13.392593"><time>2024-03-12T09:38:15.000Z</time></trkpt><trkpt lat="52.569833" lon="13.392541"><time>2024-03-12T09:38:19.000Z</time></trkpt><trkpt lat="52.569834" lon="13.392487"><time>2024-03-12T09:38:23.000Z</time></trkpt><trkpt lat="52.569837" lon="13.392434"><time>2024-03-12T09:38:27.000Z</time></trkpt><trkpt lat="52.569853" lon="13.392373"><time>2024-03-12T09:38:29.000Z</time></trkpt><trkpt lat="52.569867" lon="13.392316"><time>2024-03-12T09:38:33.000Z</time></trkpt><trkpt lat="52.569878" lon="13.392259"><time>2024-03-12T09:38:37.000Z</time></trkpt><trkpt lat="52.569893" lon="13.392217"><time>2024-03-12T09:38:39.000Z</time></trkpt><trkpt lat="52.569911" lon="13.392175"><time>2024-03-12T09:38:43.000Z</time></trkpt><trkpt lat="52.569943" lon="13.392138"><time>2024-03-12T09:38:47.000Z</time></trkpt><trkpt lat="52.569966" lon="13.392088"><time>2024-03-12T09:38:51.000Z</time></trkpt><trkpt lat="52.569994" lon="13.392036"><time>2024-03-12T09:38:57.000Z</time></trkpt><trkpt lat="52.570021" lon="13.391979"><time>2024-03-12T09:39:03.000Z</time></trkpt><trkpt lat="52.570056" lon="13.391926"><time>2024-03-12T09:39:07.000Z</time></trkpt><trkpt lat="52.570088" lon="13.391875"><time>2024-03-12T09:39:11.000Z</time></trkpt><trkpt lat="52.570106" lon="13.391859"><time>2024-03-12T09:39:15.000Z</time></trkpt><trkpt lat="52.570093" lon="13.39189"><time>2024-03-12T09:39:19.000Z</time></trkpt><trkpt lat="52.570067" lon="13.39191"><time>2024-03-12T09:39:34.000Z</time></trkpt><trkpt lat="52.570109" lon="13.391879"><time>2024-03-12T09:39:52.000Z</time></trkpt><trkpt lat="52.570186" lon="13.391834"><time>2024-03-12T09:40:02.000Z</time></trkpt><trkpt lat="52.570276" lon="13.391828"><time>2024-03-12T09:40:06.000Z</time></trkpt><trkpt lat="52.570295" lon="13.391867"><time>2024-03-12T09:40:08.000Z</time></trkpt><trkpt lat="52.570298" lon="13.391908"><time>2024-03-12T09:40:10.000Z</time></trkpt><trkpt lat="52.570293" lon="13.391957"><time>2024-03-12T09:40:12.000Z</time></trkpt><trkpt lat="52.570288" lon="13.39201"><time>2024-03-12T09:40:14.000Z</time></trkpt><trkpt lat="52.570283" lon="13.39207"><time>2024-03-12T09:40:16.000Z</time></trkpt><trkpt lat="52.570271" lon="13.392127"><time>2024-03-12T09:40:20.000Z</time></trkpt><trkpt lat="52.570258" lon="13.392177"><time>2024-03-12T09:40:22.000Z</time></trkpt><trkpt lat="52.570249" lon="13.392225"><time>2024-03-12T09:40:24.000Z</time></trkpt><trkpt lat="52.57025" lon="13.392271"><time>2024-03-12T09:40:26.000Z</time></trkpt><trkpt lat="52.570259" lon="13.392317"><time>2024-03-12T09:40:28.000Z</time></trkpt><trkpt lat="52.570272" lon="13.392362"><time>2024-03-12T09:40:30.000Z</time></trkpt><trkpt lat="52.57028" lon="13.392413"><time>2024-03-12T09:40:34.000Z</time></trkpt><trkpt lat="52.57029" lon="13.392467"><time>2024-03-12T09:40:38.000Z</time></trkpt><trkpt lat="52.570302" lon="13.392518"><time>2024-03-12T09:40:42.000Z</time></trkpt><trkpt lat="52.57032" lon="13.392571"><time>2024-03-12T09:40:44.000Z</time></trkpt><trkpt lat="52.570336" lon="13.392626"><time>2024-03-12T09:40:48.000Z</time></trkpt><trkpt lat="52.570348" lon="13.392693"><time>2024-03-12T09:40:52.000Z</time></trkpt><trkpt lat="52.570354" lon="13.392757"><time>2024-03-12T09:40:56.000Z</time></trkpt><trkpt lat="52.570361" lon="13.392815"><time>2024-03-12T09:40:58.000Z</time></trkpt><trkpt lat="52.570372" lon="13.392861"><time>2024-03-12T09:41:02.000Z</time></trkpt><trkpt lat="52.57039" lon="13.392911"><time>2024-03-12T09:41:06.000Z</time></trkpt><trkpt lat="52.570405" lon="13.392964"><time>2024-03-12T09:41:10.000Z</time></trkpt><trkpt lat="52.570413" lon="13.393024"><time>2024-03-12T09:41:14.000Z</time></trkpt><trkpt lat="52.570419" lon="13.393078"><time>2024-03-12T09:41:18.000Z</time></trkpt><trkpt lat="52.570431" lon="13.393141"><time>2024-03-12T09:41:22.000Z</time></trkpt><trkpt lat="52.570442" lon="13.393209"><time>2024-03-12T09:41:26.000Z</time></trkpt><trkpt lat="52.570448" lon="13.393281"><time>2024-03-12T09:41:30.000Z</time></trkpt><trkpt lat="52.570446" lon="13.393342"><time>2024-03-12T09:41:34.000Z</time></trkpt><trkpt lat="52.570444" lon="13.393417"><time>2024-03-12T09:41:36.000Z</time></trkpt><trkpt lat="52.570438" lon="13.3935"><time>2024-03-12T09:41:40.000Z</time></trkpt><trkpt lat="52.570429" lon="13.393582"><time>2024-03-12T09:41:44.000Z</time></trkpt><trkpt lat="52.570421" lon="13.393645"><time>2024-03-12T09:41:48.000Z</time></trkpt><trkpt lat="52.570431" lon="13.393706"><time>2024-03-12T09:41:52.000Z</time></trkpt><trkpt lat="52.570447" lon="13.393779"><time>2024-03-12T09:41:56.000Z</time></trkpt><trkpt lat="52.570458" lon="13.393847"><time>2024-03-12T09:42:00.000Z</time></trkpt><trkpt lat="52.570461" lon="13.393912"><time>2024-03-12T09:42:02.000Z</time></trkpt><trkpt lat="52.570457" lon="13.393974"><time>2024-03-12T09:42:06.000Z</time></trkpt><trkpt lat="52.570458" lon="13.394037"><time>2024-03-12T09:42:10.000Z</time></trkpt><trkpt lat="52.570463" lon="13.394102"><time>2024-03-12T09:42:14.000Z</time></trkpt><trkpt lat="52.570479" lon="13.39416"><time>2024-03-12T09:42:18.000Z</time></trkpt><trkpt lat="52.570495" lon="13.394217"><time>2024-03-12T09:42:22.000Z</time></trkpt><trkpt lat="52.570511" lon="13.394264"><time>2024-03-12T09:42:26.000Z</time></trkpt><trkpt lat="52.570518" lon="13.394313"><time>2024-03-12T09:42:28.000Z</time></trkpt><trkpt lat="52.57052" lon="13.394368"><time>2024-03-12T09:42:32.000Z</time></trkpt><trkpt lat="52.570518" lon="13.394436"><time>2024-03-12T09:42:36.000Z</time></trkpt><trkpt lat="52.570518" lon="13.394499"><time>2024-03-12T09:42:40.000Z</time></trkpt><trkpt lat="52.570521" lon="13.394561"><time>2024-03-12T09:42:42.000Z</time></trkpt><trkpt lat="52.570524" lon="13.394619"><time>2024-03-12T09:42:46.000Z</time></trkpt><trkpt lat="52.570525" lon="13.394689"><time>2024-03-12T09:42:52.000Z</time></trkpt><trkpt lat="52.570531" lon="13.394763"><time>2024-03-12T09:42:56.000Z</time></trkpt><trkpt lat="52.570539" lon="13.394838"><time>2024-03-12T09:43:00.000Z</time></trkpt><trkpt lat="52.57055" lon="13.394901"><time>2024-03-12T09:43:04.000Z</time></trkpt><trkpt lat="52.570553" lon="13.395013"><time>2024-03-12T09:43:06.000Z</time></trkpt><trkpt lat="52.570561" lon="13.395123"><time>2024-03-12T09:43:18.000Z</time></trkpt><trkpt lat="52.570573" lon="13.395194"><time>2024-03-12T09:43:24.000Z</time></trkpt><trkpt lat="52.570598" lon="13.395192"><time>2024-03-12T09:43:29.000Z</time></trkpt><trkpt lat="52.57062" lon="13.395192"><time>2024-03-12T09:43:35.000Z</time></trkpt><trkpt lat="52.570636" lon="13.395231"><time>2024-03-12T09:43:41.000Z</time></trkpt><trkpt lat="52.570634" lon="13.395283"><time>2024-03-12T09:43:45.000Z</time></trkpt><trkpt lat="52.57063" lon="13.395336"><time>2024-03-12T09:43:49.000Z</time></trkpt><trkpt lat="52.570629" lon="13.395467"><time>2024-03-12T09:43:53.000Z</time></trkpt><trkpt lat="52.570635" lon="13.395597"><time>2024-03-12T09:44:05.000Z</time></trkpt><trkpt lat="52.570653" lon="13.395725"><time>2024-03-12T09:44:09.000Z</time></trkpt><trkpt lat="52.570673" lon="13.395777"><time>2024-03-12T09:44:13.000Z</time></trkpt><trkpt lat="52.570698" lon="13.395835"><time>2024-03-12T09:44:17.000Z</time></trkpt><trkpt lat="52.57071" lon="13.395895"><time>2024-03-12T09:44:21.000Z</time></trkpt><trkpt lat="52.570721" lon="13.395962"><time>2024-03-12T09:44:25.000Z</time></trkpt><trkpt lat="52.570722" lon="13.396032"><time>2024-03-12T09:44:29.000Z</time></trkpt><trkpt lat="52.570724" lon="13.396106"><time>2024-03-12T09:44:33.000Z</time></trkpt><trkpt lat="52.570719" lon="13.396178"><time>2024-03-12T09:44:37.000Z</time></trkpt><trkpt lat="52.570725" lon="13.396251"><time>2024-03-12T09:44:41.000Z</time></trkpt><trkpt lat="52.570726" lon="13.39633"><time>2024-03-12T09:44:45.000Z</time></trkpt><trkpt lat="52.570738" lon="13.396411"><time>2024-03-12T09:44:49.000Z</time></trkpt><trkpt lat="52.570738" lon="13.396493"><time>2024-03-12T09:44:53.000Z</time></trkpt><trkpt lat="52.570748" lon="13.39656"><time>2024-03-12T09:44:57.000Z</time></trkpt><trkpt lat="52.570756" lon="13.396618"><time>2024-03-12T09:45:01.000Z</time></trkpt><trkpt lat="52.570773" lon="13.396669"><time>2024-03-12T09:45:05.000Z</time></trkpt><trkpt lat="52.570783" lon="13.396728"><time>2024-03-12T09:45:09.000Z</time></trkpt><trkpt lat="52.570787" lon="13.396791"><time>2024-03-12T09:45:13.000Z</time></trkpt><trkpt lat="52.570795" lon="13.396844"><time>2024-03-12T09:45:17.000Z</time></trkpt><trkpt lat="52.570808" lon="13.396887"><time>2024-03-12T09:45:21.000Z</time></trkpt><trkpt lat="52.570822" lon="13.39693"><time>2024-03-12T09:45:23.000Z</time></trkpt><trkpt lat="52.570834" lon="13.396982"><time>2024-03-12T09:45:27.000Z</time></trkpt><trkpt lat="52.57084" lon="13.397038"><time>2024-03-12T09:45:31.000Z</time></trkpt><trkpt lat="52.570851" lon="13.397087"><time>2024-03-12T09:45:33.000Z</time></trkpt><trkpt lat="52.570861" lon="13.397132"><time>2024-03-12T09:45:35.000Z</time></trkpt><trkpt lat="52.570875" lon="13.397178"><time>2024-03-12T09:45:37.000Z</time></trkpt><trkpt lat="52.570889" lon="13.397228"><time>2024-03-12T09:45:41.000Z</time></trkpt><trkpt lat="52.57091" lon="13.39728"><time>2024-03-12T09:45:45.000Z</time></trkpt><trkpt lat="52.570937" lon="13.397332"><time>2024-03-12T09:45:49.000Z</time></trkpt><trkpt lat="52.570955" lon="13.397389"><time>2024-03-12T09:45:53.000Z</time></trkpt><trkpt lat="52.570962" lon="13.397452"><time>2024-03-12T09:45:57.000Z</time></trkpt><trkpt lat="52.570963" lon="13.397511"><time>2024-03-12T09:46:01.000Z</time></trkpt><trkpt lat="52.570966" lon="13.397567"><time>2024-03-12T09:46:05.000Z</time></trkpt><trkpt lat="52.57097" lon="13.397628"><time>2024-03-12T09:46:11.000Z</time></trkpt><trkpt lat="52.570976" lon="13.397692"><time>2024-03-12T09:46:15.000Z</time></trkpt><trkpt lat="52.570989" lon="13.397762"><time>2024-03-12T09:46:19.000Z</time></trkpt><trkpt lat="52.571002" lon="13.397829"><time>2024-03-12T09:46:23.000Z</time></trkpt><trkpt lat="52.571011" lon="13.397895"><time>2024-03-12T09:46:27.000Z</time></trkpt><trkpt lat="52.571025" lon="13.39796"><time>2024-03-12T09:46:31.000Z</time></trkpt><trkpt lat="52.571047" lon="13.398005"><time>2024-03-12T09:46:35.000Z</time></trkpt><trkpt lat="52.571079" lon="13.398031"><time>2024-03-12T09:46:37.000Z</time></trkpt><trkpt lat="52.571116" lon="13.398045"><time>2024-03-12T09:46:41.000Z</time></trkpt><trkpt lat="52.571157" lon="13.39806"><time>2024-03-12T09:46:45.000Z</time></trkpt><trkpt lat="52.571201" lon="13.398084"><time>2024-03-12T09:46:49.000Z</time></trkpt><trkpt lat="52.571244" lon="13.398103"><time>2024-03-12T09:46:53.000Z</time></trkpt><trkpt lat="52.571284" lon="13.39813"><time>2024-03-12T09:46:57.000Z</time></trkpt><trkpt lat="52.571321" lon="13.398158"><time>2024-03-12T09:47:01.000Z</time></trkpt><trkpt lat="52.57134" lon="13.398209"><time>2024-03-12T09:47:05.000Z</time></trkpt><trkpt lat="52.571378" lon="13.398229"><time>2024-03-12T09:47:09.000Z</time></trkpt><trkpt lat="52.571416" lon="13.398248"><time>2024-03-12T09:47:13.000Z</time></trkpt><trkpt lat="52.57147" lon="13.398241"><time>2024-03-12T09:47:17.000Z</time></trkpt><trkpt lat="52.571507" lon="13.398258"><time>2024-03-12T09:47:21.000Z</time></trkpt><trkpt lat="52.571548" lon="13.398268"><time>2024-03-12T09:47:25.000Z</time></trkpt><trkpt lat="52.571588" lon="13.398276"><time>2024-03-12T09:47:29.000Z</time></trkpt><trkpt lat="52.571631" lon="13.398289"><time>2024-03-12T09:47:31.000Z</time></trkpt><trkpt lat="52.571667" lon="13.398303"><time>2024-03-12T09:47:35.000Z</time></trkpt><trkpt lat="52.57171" lon="13.398329"><time>2024-03-12T09:47:39.000Z</time></trkpt><trkpt lat="52.571747" lon="13.398363"><time>2024-03-12T09:47:43.000Z</time></trkpt><trkpt lat="52.571784" lon="13.398405"><time>2024-03-12T09:47:47.000Z</time></trkpt><trkpt lat="52.571796" lon="13.39844"><time>2024-03-12T09:47:51.000Z</time></trkpt><trkpt lat="52.571813" lon="13.398447"><time>2024-03-12T09:47:53.000Z</time></trkpt><trkpt lat="52.571841" lon="13.398515"><time>2024-03-12T09:47:57.000Z</time></trkpt><trkpt lat="52.571888" lon="13.39856"><time>2024-03-12T09:48:09.000Z</time></trkpt><trkpt lat="52.57193" lon="13.39863"><time>2024-03-12T09:48:13.000Z</time></trkpt><trkpt lat="52.571974" lon="13.398623"><time>2024-03-12T09:48:23.000Z</time></trkpt><trkpt lat="52.572018" lon="13.398626"><time>2024-03-12T09:48:29.000Z</time></trkpt><trkpt lat="52.572067" lon="13.39862"><time>2024-03-12T09:48:37.000Z</time></trkpt><trkpt lat="52.572121" lon="13.398603"><time>2024-03-12T09:48:39.000Z</time></trkpt><trkpt lat="52.572173" lon="13.398585"><time>2024-03-12T09:48:43.000Z</time></trkpt><trkpt lat="52.572223" lon="13.398562"><time>2024-03-12T09:48:45.000Z</time></trkpt><trkpt lat="52.572261" lon="13.398558"><time>2024-03-12T09:48:47.000Z</time></trkpt><trkpt lat="52.572302" lon="13.398577"><time>2024-03-12T09:48:51.000Z</time></trkpt><trkpt lat="52.572339" lon="13.398642"><time>2024-03-12T09:48:57.000Z</time></trkpt><trkpt lat="52.572367" lon="13.398723"><time>2024-03-12T09:49:01.000Z</time></trkpt><trkpt lat="52.572393" lon="13.398788"><time>2024-03-12T09:49:05.000Z</time></trkpt><trkpt lat="52.572423" lon="13.398803"><time>2024-03-12T09:49:07.000Z</time></trkpt><trkpt lat="52.572458" lon="13.398806"><time>2024-03-12T09:49:11.000Z</time></trkpt><trkpt lat="52.572502" lon="13.398812"><time>2024-03-12T09:49:13.000Z</time></trkpt><trkpt lat="52.572547" lon="13.398826"><time>2024-03-12T09:49:17.000Z</time></trkpt><trkpt lat="52.572592" lon="13.398843"><time>2024-03-12T09:49:21.000Z</time></trkpt><trkpt lat="52.57263" lon="13.398864"><time>2024-03-12T09:49:25.000Z</time></trkpt><trkpt lat="52.572665" lon="13.398892"><time>2024-03-12T09:49:29.000Z</time></trkpt><trkpt lat="52.572698" lon="13.398925"><time>2024-03-12T09:49:33.000Z</time></trkpt><trkpt lat="52.572732" lon="13.39895"><time>2024-03-12T09:49:37.000Z</time></trkpt><trkpt lat="52.572774" lon="13.39895"><time>2024-03-12T09:49:41.000Z</time></trkpt><trkpt lat="52.572795" lon="13.39896"><time>2024-03-12T09:49:45.000Z</time></trkpt><trkpt lat="52.572835" lon="13.398966"><time>2024-03-12T09:49:49.000Z</time></trkpt><trkpt lat="52.572866" lon="13.398993"><time>2024-03-12T09:49:57.000Z</time></trkpt><trkpt lat="52.572917" lon="13.399008"><time>2024-03-12T09:49:59.000Z</time></trkpt><trkpt lat="52.572944" lon="13.39903"><time>2024-03-12T09:50:05.000Z</time></trkpt><trkpt lat="52.572935" lon="13.399079"><time>2024-03-12T09:50:07.000Z</time></trkpt><trkpt lat="52.572934" lon="13.399102"><time>2024-03-12T09:50:15.000Z</time></trkpt><trkpt lat="52.572964" lon="13.399098"><time>2024-03-12T09:50:25.000Z</time></trkpt><trkpt lat="52.573031" lon="13.399072"><time>2024-03-12T09:50:31.000Z</time></trkpt><trkpt lat="52.573095" lon="13.399062"><time>2024-03-12T09:50:33.000Z</time></trkpt><trkpt lat="52.573127" lon="13.399082"><time>2024-03-12T09:50:35.000Z</time></trkpt><trkpt lat="52.573167" lon="13.399101"><time>2024-03-12T09:50:37.000Z</time></trkpt><trkpt lat="52.573204" lon="13.399119"><time>2024-03-12T09:50:41.000Z</time></trkpt><trkpt lat="52.573244" lon="13.399135"><time>2024-03-12T09:50:43.000Z</time></trkpt><trkpt lat="52.573282" lon="13.399139"><time>2024-03-12T09:50:47.000Z</time></trkpt><trkpt lat="52.573356" lon="13.399114"><time>2024-03-12T09:50:49.000Z</time></trkpt><trkpt lat="52.573396" lon="13.399083"><time>2024-03-12T09:51:03.000Z</time></trkpt><trkpt lat="52.573442" lon="13.399052"><time>2024-03-12T09:51:11.000Z</time></trkpt><trkpt lat="52.573477" lon="13.399044"><time>2024-03-12T09:51:15.000Z</time></trkpt><trkpt lat="52.573544" lon="13.399043"><time>2024-03-12T09:51:19.000Z</time></trkpt><trkpt lat="52.573596" lon="13.399057"><time>2024-03-12T09:51:25.000Z</time></trkpt><trkpt lat="52.573623" lon="13.399081"><time>2024-03-12T09:51:37.000Z</time></trkpt><trkpt lat="52.573649" lon="13.399116"><time>2024-03-12T09:51:39.000Z</time></trkpt><trkpt lat="52.573676" lon="13.399135"><time>2024-03-12T09:51:43.000Z</time></trkpt><trkpt lat="52.573702" lon="13.399157"><time>2024-03-12T09:51:45.000Z</time></trkpt><trkpt lat="52.573735" lon="13.399154"><time>2024-03-12T09:51:47.000Z</time></trkpt><trkpt lat="52.573772" lon="13.399148"><time>2024-03-12T09:51:51.000Z</time></trkpt><trkpt lat="52.573815" lon="13.399132"><time>2024-03-12T09:51:53.000Z</time></trkpt><trkpt lat="52.573853" lon="13.399123"><time>2024-03-12T09:51:55.000Z</time></trkpt><trkpt lat="52.57389" lon="13.399118"><time>2024-03-12T09:51:57.000Z</time></trkpt><trkpt lat="52.573922" lon="13.399124"><time>2024-03-12T09:52:01.000Z</time></trkpt><trkpt lat="52.573951" lon="13.399135"><time>2024-03-12T09:52:03.000Z</time></trkpt><trkpt lat="52.57399" lon="13.399159"><time>2024-03-12T09:52:07.000Z</time></trkpt><trkpt lat="52.574028" lon="13.399183"><time>2024-03-12T09:52:11.000Z</time></trkpt><trkpt lat="52.574072" lon="13.399198"><time>2024-03-12T09:52:13.000Z</time></trkpt><trkpt lat="52.574103" lon="13.399218"><time>2024-03-12T09:52:17.000Z</time></trkpt><trkpt lat="52.574136" lon="13.399237"><time>2024-03-12T09:52:21.000Z</time></trkpt><trkpt lat="52.574153" lon="13.399276"><time>2024-03-12T09:52:25.000Z</time></trkpt><trkpt lat="52.574162" lon="13.399329"><time>2024-03-12T09:52:29.000Z</time></trkpt><trkpt lat="52.574159" lon="13.399397"><time>2024-03-12T09:52:33.000Z</time></trkpt><trkpt lat="52.574149" lon="13.399455"><time>2024-03-12T09:52:37.000Z</time></trkpt><trkpt lat="52.574134" lon="13.39947"><time>2024-03-12T09:52:43.000Z</time></trkpt><trkpt lat="52.574119" lon="13.399502"><time>2024-03-12T09:52:49.000Z</time></trkpt><trkpt lat="52.574124" lon="13.399546"><time>2024-03-12T09:53:01.000Z</time></trkpt><trkpt lat="52.574142" lon="13.399631"><time>2024-03-12T09:53:05.000Z</time></trkpt><trkpt lat="52.574164" lon="13.399699"><time>2024-03-12T09:53:09.000Z</time></trkpt><trkpt lat="52.57418" lon="13.399772"><time>2024-03-12T09:53:13.000Z</time></trkpt><trkpt lat="52.574187" lon="13.399836"><time>2024-03-12T09:53:17.000Z</time></trkpt><trkpt lat="52.574202" lon="13.399905"><time>2024-03-12T09:53:21.000Z</time></trkpt><trkpt lat="52.574211" lon="13.399965"><time>2024-03-12T09:53:25.000Z</time></trkpt><trkpt lat="52.574225" lon="13.400022"><time>2024-03-12T09:53:29.000Z</time></trkpt><trkpt lat="52.574243" lon="13.40008"><time>2024-03-12T09:53:37.000Z</time></trkpt><trkpt lat="52.574265" lon="13.400134"><time>2024-03-12T09:53:43.000Z</time></trkpt><trkpt lat="52.574293" lon="13.400171"><time>2024-03-12T09:53:45.000Z</time></trkpt><trkpt lat="52.574313" lon="13.400164"><time>2024-03-12T09:53:51.000Z</time></trkpt><trkpt lat="52.574342" lon="13.400142"><time>2024-03-12T09:53:57.000Z</time></trkpt><trkpt lat="52.574383" lon="13.400134"><time>2024-03-12T09:54:05.000Z</time></trkpt><trkpt lat="52.574434" lon="13.40015"><time>2024-03-12T09:54:09.000Z</time></trkpt><trkpt lat="52.574499" lon="13.40018"><time>2024-03-12T09:54:13.000Z</time></trkpt><trkpt lat="52.574556" lon="13.400203"><time>2024-03-12T09:54:17.000Z</time></trkpt><trkpt lat="52.574607" lon="13.400224"><time>2024-03-12T09:54:19.000Z</time></trkpt><trkpt lat="52.574642" lon="13.400245"><time>2024-03-12T09:54:21.000Z</time></trkpt><trkpt lat="52.574676" lon="13.400273"><time>2024-03-12T09:54:25.000Z</time></trkpt><trkpt lat="52.574709" lon="13.400293"><time>2024-03-12T09:54:29.000Z</time></trkpt><trkpt lat="52.574742" lon="13.400309"><time>2024-03-12T09:54:31.000Z</time></trkpt><trkpt lat="52.574772" lon="13.400331"><time>2024-03-12T09:54:35.000Z</time></trkpt><trkpt lat="52.574795" lon="13.400372"><time>2024-03-12T09:54:39.000Z</time></trkpt><trkpt lat="52.574821" lon="13.400414"><time>2024-03-12T09:54:45.000Z</time></trkpt><trkpt lat="52.574843" lon="13.400455"><time>2024-03-12T09:54:49.000Z</time></trkpt><trkpt lat="52.574872" lon="13.400495"><time>2024-03-12T09:54:53.000Z</time></trkpt><trkpt lat="52.574887" lon="13.40055"><time>2024-03-12T09:54:57.000Z</time></trkpt><trkpt lat="52.574905" lon="13.40058"><time>2024-03-12T09:55:01.000Z</time></trkpt><trkpt lat="52.574916" lon="13.400624"><time>2024-03-12T09:55:07.000Z</time></trkpt><trkpt lat="52.574946" lon="13.400679"><time>2024-03-12T09:55:13.000Z</time></trkpt><trkpt lat="52.574967" lon="13.400768"><time>2024-03-12T09:55:27.000Z</time></trkpt><trkpt lat="52.574983" lon="13.400846"><time>2024-03-12T09:55:31.000Z</time></trkpt><trkpt lat="52.574981" lon="13.400908"><time>2024-03-12T09:55:35.000Z</time></trkpt><trkpt lat="52.574987" lon="13.400958"><time>2024-03-12T09:55:39.000Z</time></trkpt><trkpt lat="52.575007" lon="13.400992"><time>2024-03-12T09:55:43.000Z</time></trkpt><trkpt lat="52.575038" lon="13.401008"><time>2024-03-12T09:55:51.000Z</time></trkpt><trkpt lat="52.575076" lon="13.401009"><time>2024-03-12T09:56:09.000Z</time></trkpt><trkpt lat="52.575097" lon="13.401023"><time>2024-03-12T09:56:19.000Z</time></trkpt><trkpt lat="52.5751" lon="13.401058"><time>2024-03-12T09:56:23.000Z</time></trkpt><trkpt lat="52.575085" lon="13.401119"><time>2024-03-12T09:56:27.000Z</time></trkpt><trkpt lat="52.575068" lon="13.401178"><time>2024-03-12T09:56:31.000Z</time></trkpt><trkpt lat="52.575055" lon="13.401195"><time>2024-03-12T09:56:35.000Z</time></trkpt><trkpt lat="52.575043" lon="13.40117"><time>2024-03-12T09:56:39.000Z</time></trkpt><trkpt lat="52.575051" lon="13.401125"><time>2024-03-12T09:56:43.000Z</time></trkpt><trkpt lat="52.575073" lon="13.401095"><time>2024-03-12T09:56:53.000Z</time></trkpt><trkpt lat="52.575091" lon="13.401068"><time>2024-03-12T09:56:57.000Z</time></trkpt><trkpt lat="52.575099" lon="13.401024"><time>2024-03-12T09:57:09.000Z</time></trkpt><trkpt lat="52.575101" lon="13.400964"><time>2024-03-12T09:57:15.000Z</time></trkpt><trkpt lat="52.575117" lon="13.400914"><time>2024-03-12T09:57:19.000Z</time></trkpt><trkpt lat="52.575144" lon="13.400882"><time>2024-03-12T09:57:21.000Z</time></trkpt><trkpt lat="52.575187" lon="13.400869"><time>2024-03-12T09:57:24.000Z</time></trkpt><trkpt lat="52.575264" lon="13.400851"><time>2024-03-12T09:57:28.000Z</time></trkpt><trkpt lat="52.575344" lon="13.400835"><time>2024-03-12T09:57:34.000Z</time></trkpt><trkpt lat="52.575416" lon="13.400812"><time>2024-03-12T09:57:36.000Z</time></trkpt><trkpt lat="52.575454" lon="13.400795"><time>2024-03-12T09:57:40.000Z</time></trkpt><trkpt lat="52.575487" lon="13.400773"><time>2024-03-12T09:57:44.000Z</time></trkpt><trkpt lat="52.575516" lon="13.400752"><time>2024-03-12T09:57:48.000Z</time></trkpt><trkpt lat="52.575548" lon="13.400726"><time>2024-03-12T09:57:54.000Z</time></trkpt><trkpt lat="52.57558" lon="13.400702"><time>2024-03-12T09:57:58.000Z</time></trkpt><trkpt lat="52.575614" lon="13.400685"><time>2024-03-12T09:58:02.000Z</time></trkpt><trkpt lat="52.575646" lon="13.400674"><time>2024-03-12T09:58:06.000Z</time></trkpt><trkpt lat="52.575684" lon="13.40067"><time>2024-03-12T09:58:08.000Z</time></trkpt><trkpt lat="52.575726" lon="13.400665"><time>2024-03-12T09:58:12.000Z</time></trkpt><trkpt lat="52.575766" lon="13.400673"><time>2024-03-12T09:58:16.000Z</time></trkpt><trkpt lat="52.575797" lon="13.40067"><time>2024-03-12T09:58:24.000Z</time></trkpt><trkpt lat="52.575827" lon="13.400661"><time>2024-03-12T09:58:30.000Z</time></trkpt><trkpt lat="52.575857" lon="13.400625"><time>2024-03-12T09:58:34.000Z</time></trkpt><trkpt lat="52.575886" lon="13.400587"><time>2024-03-12T09:58:38.000Z</time></trkpt><trkpt lat="52.575922" lon="13.400559"><time>2024-03-12T09:58:42.000Z</time></trkpt><trkpt lat="52.575957" lon="13.400527"><time>2024-03-12T09:58:48.000Z</time></trkpt><trkpt lat="52.575993" lon="13.400492"><time>2024-03-12T09:58:52.000Z</time></trkpt><trkpt lat="52.576018" lon="13.400447"><time>2024-03-12T09:58:58.000Z</time></trkpt><trkpt lat="52.576046" lon="13.400416"><time>2024-03-12T09:59:08.000Z</time></trkpt><trkpt lat="52.576073" lon="13.400389"><time>2024-03-12T09:59:12.000Z</time></trkpt><trkpt lat="52.576103" lon="13.400375"><time>2024-03-12T09:59:18.000Z</time></trkpt><trkpt lat="52.576135" lon="13.400359"><time>2024-03-12T09:59:24.000Z</time></trkpt><trkpt lat="52.57617" lon="13.400348"><time>2024-03-12T09:59:28.000Z</time></trkpt><trkpt lat="52.576205" lon="13.400322"><time>2024-03-12T09:59:32.000Z</time></trkpt><trkpt lat="52.576236" lon="13.400295"><time>2024-03-12T09:59:36.000Z</time></trkpt><trkpt lat="52.576298" lon="13.40016"><time>2024-03-12T10:00:04.000Z</time></trkpt><trkpt lat="52.576337" lon="13.40015"><time>2024-03-12T10:00:06.000Z</time></trkpt><trkpt lat="52.57638" lon="13.400146"><time>2024-03-12T10:00:10.000Z</time></trkpt><trkpt lat="52.576426" lon="13.400157"><time>2024-03-12T10:00:13.000Z</time></trkpt><trkpt lat="52.576463" lon="13.400164"><time>2024-03-12T10:00:19.000Z</time></trkpt><trkpt lat="52.576499" lon="13.400172"><time>2024-03-12T10:00:23.000Z</time></trkpt><trkpt lat="52.576539" lon="13.400164"><time>2024-03-12T10:00:27.000Z</time></trkpt><trkpt lat="52.576577" lon="13.400152"><time>2024-03-12T10:00:31.000Z</time></trkpt><trkpt lat="52.576613" lon="13.400122"><time>2024-03-12T10:00:33.000Z</time></trkpt><trkpt lat="52.57664" lon="13.400082"><time>2024-03-12T10:00:37.000Z</time></trkpt><trkpt lat="52.576655" lon="13.400032"><time>2024-03-12T10:00:41.000Z</time></trkpt><trkpt lat="52.576671" lon="13.399994"><time>2024-03-12T10:00:45.000Z</time></trkpt><trkpt lat="52.576694" lon="13.399974"><time>2024-03-12T10:00:49.000Z</time></trkpt><trkpt lat="52.57673" lon="13.399971"><time>2024-03-12T10:00:55.000Z</time></trkpt><trkpt lat="52.576776" lon="13.399961"><time>2024-03-12T10:00:59.000Z</time></trkpt><trkpt lat="52.576837" lon="13.399938"><time>2024-03-12T10:01:03.000Z</time></trkpt><trkpt lat="52.576897" lon="13.399908"><time>2024-03-12T10:01:07.000Z</time></trkpt><trkpt lat="52.57695" lon="13.39989"><time>2024-03-12T10:01:09.000Z</time></trkpt><trkpt lat="52.577017" lon="13.399858"><time>2024-03-12T10:01:39.000Z</time></trkpt><trkpt lat="52.577062" lon="13.399864"><time>2024-03-12T10:01:43.000Z</time></trkpt><trkpt lat="52.577098" lon="13.399891"><time>2024-03-12T10:01:47.000Z</time></trkpt><trkpt lat="52.57712" lon="13.399944"><time>2024-03-12T10:01:51.000Z</time></trkpt><trkpt lat="52.577134" lon="13.400011"><time>2024-03-12T10:01:55.000Z</time></trkpt><trkpt lat="52.577149" lon="13.400084"><time>2024-03-12T10:01:59.000Z</time></trkpt><trkpt lat="52.57717" lon="13.400155"><time>2024-03-12T10:02:03.000Z</time></trkpt><trkpt lat="52.577192" lon="13.400217"><time>2024-03-12T10:02:07.000Z</time></trkpt><trkpt lat="52.577212" lon="13.400273"><time>2024-03-12T10:02:11.000Z</time></trkpt><trkpt lat="52.577227" lon="13.40033"><time>2024-03-12T10:02:15.000Z</time></trkpt><trkpt lat="52.577238" lon="13.400387"><time>2024-03-12T10:02:19.000Z</time></trkpt><trkpt lat="52.577244" lon="13.400445"><time>2024-03-12T10:02:23.000Z</time></trkpt><trkpt lat="52.57725" lon="13.400503"><time>2024-03-12T10:02:27.000Z</time></trkpt><trkpt lat="52.577262" lon="13.400564"><time>2024-03-12T10:02:31.000Z</time></trkpt><trkpt lat="52.577279" lon="13.400631"><time>2024-03-12T10:02:37.000Z</time></trkpt><trkpt lat="52.577295" lon="13.400702"><time>2024-03-12T10:02:41.000Z</time></trkpt><trkpt lat="52.57731" lon="13.400771"><time>2024-03-12T10:02:45.000Z</time></trkpt><trkpt lat="52.577319" lon="13.400834"><time>2024-03-12T10:02:51.000Z</time></trkpt><trkpt lat="52.577332" lon="13.400893"><time>2024-03-12T10:02:55.000Z</time></trkpt><trkpt lat="52.577341" lon="13.400956"><time>2024-03-12T10:02:59.000Z</time></trkpt><trkpt lat="52.577348" lon="13.40102"><time>2024-03-12T10:03:03.000Z</time></trkpt><trkpt lat="52.577347" lon="13.401086"><time>2024-03-12T10:03:07.000Z</time></trkpt><trkpt lat="52.577342" lon="13.40115"><time>2024-03-12T10:03:11.000Z</time></trkpt><trkpt lat="52.577341" lon="13.401211"><time>2024-03-12T10:03:15.000Z</time></trkpt><trkpt lat="52.577348" lon="13.401263"><time>2024-03-12T10:03:19.000Z</time></trkpt><trkpt lat="52.577374" lon="13.401296"><time>2024-03-12T10:03:25.000Z</time></trkpt><trkpt lat="52.577413" lon="13.401329"><time>2024-03-12T10:03:33.000Z</time></trkpt><trkpt lat="52.577457" lon="13.401354"><time>2024-03-12T10:03:37.000Z</time></trkpt><trkpt lat="52.577478" lon="13.401399"><time>2024-03-12T10:03:41.000Z</time></trkpt><trkpt lat="52.577486" lon="13.401447"><time>2024-03-12T10:03:47.000Z</time></trkpt><trkpt lat="52.577491" lon="13.401507"><time>2024-03-12T10:03:51.000Z</time></trkpt><trkpt lat="52.577505" lon="13.401561"><time>2024-03-12T10:03:57.000Z</time></trkpt><trkpt lat="52.57751" lon="13.401611"><time>2024-03-12T10:04:01.000Z</time></trkpt><trkpt lat="52.577502" lon="13.401663"><time>2024-03-12T10:04:05.000Z</time></trkpt><trkpt lat="52.57749" lon="13.401724"><time>2024-03-12T10:04:09.000Z</time></trkpt><trkpt lat="52.577491" lon="13.401796"><time>2024-03-12T10:04:13.000Z</time></trkpt><trkpt lat="52.577503" lon="13.401867"><time>2024-03-12T10:04:17.000Z</time></trkpt><trkpt lat="52.57752" lon="13.401928"><time>2024-03-12T10:04:21.000Z</time></trkpt><trkpt lat="52.577535" lon="13.401978"><time>2024-03-12T10:04:25.000Z</time></trkpt><trkpt lat="52.577549" lon="13.402024"><time>2024-03-12T10:04:27.000Z</time></trkpt><trkpt lat="52.577563" lon="13.402075"><time>2024-03-12T10:04:29.000Z</time></trkpt><trkpt lat="52.577578" lon="13.402133"><time>2024-03-12T10:04:33.000Z</time></trkpt><trkpt lat="52.577593" lon="13.402198"><time>2024-03-12T10:04:37.000Z</time></trkpt><trkpt lat="52.57761" lon="13.402266"><time>2024-03-12T10:04:41.000Z</time></trkpt><trkpt lat="52.577628" lon="13.402332"><time>2024-03-12T10:04:45.000Z</time></trkpt><trkpt lat="52.577643" lon="13.402396"><time>2024-03-12T10:04:49.000Z</time></trkpt><trkpt lat="52.577657" lon="13.402459"><time>2024-03-12T10:04:53.000Z</time></trkpt><trkpt lat="52.577669" lon="13.402529"><time>2024-03-12T10:04:57.000Z</time></trkpt><trkpt lat="52.57768" lon="13.402595"><time>2024-03-12T10:05:01.000Z</time></trkpt><trkpt lat="52.577685" lon="13.402657"><time>2024-03-12T10:05:03.000Z</time></trkpt><trkpt lat="52.577689" lon="13.402716"><time>2024-03-12T10:05:05.000Z</time></trkpt><trkpt lat="52.577693" lon="13.402785"><time>2024-03-12T10:05:09.000Z</time></trkpt><trkpt lat="52.577699" lon="13.40286"><time>2024-03-12T10:05:13.000Z</time></trkpt><trkpt lat="52.577703" lon="13.402937"><time>2024-03-12T10:05:17.000Z</time></trkpt><trkpt lat="52.577709" lon="13.40301"><time>2024-03-12T10:05:21.000Z</time></trkpt><trkpt lat="52.577717" lon="13.403085"><time>2024-03-12T10:05:25.000Z</time></trkpt><trkpt lat="52.577722" lon="13.403147"><time>2024-03-12T10:05:29.000Z</time></trkpt><trkpt lat="52.577715" lon="13.40321"><time>2024-03-12T10:05:31.000Z</time></trkpt><trkpt lat="52.577698" lon="13.403274"><time>2024-03-12T10:05:33.000Z</time></trkpt><trkpt lat="52.577686" lon="13.403346"><time>2024-03-12T10:05:35.000Z</time></trkpt><trkpt lat="52.577682" lon="13.403415"><time>2024-03-12T10:05:39.000Z</time></trkpt><trkpt lat="52.577691" lon="13.403478"><time>2024-03-12T10:05:43.000Z</time></trkpt><trkpt lat="52.577708" lon="13.403531"><time>2024-03-12T10:05:47.000Z</time></trkpt><trkpt lat="52.577745" lon="13.403552"><time>2024-03-12T10:05:51.000Z</time></trkpt><trkpt lat="52.577785" lon="13.403538"><time>2024-03-12T10:05:55.000Z</time></trkpt><trkpt lat="52.577915" lon="13.40354"><time>2024-03-12T10:06:23.000Z</time></trkpt><trkpt lat="52.57793" lon="13.403587"><time>2024-03-12T10:06:27.000Z</time></trkpt><trkpt lat="52.577941" lon="13.403642"><time>2024-03-12T10:06:31.000Z</time></trkpt><trkpt lat="52.577932" lon="13.40383"><time>2024-03-12T10:06:57.000Z</time></trkpt><trkpt lat="52.577951" lon="13.403892"><time>2024-03-12T10:07:01.000Z</time></trkpt><trkpt lat="52.577957" lon="13.40395"><time>2024-03-12T10:07:07.000Z</time></trkpt><trkpt lat="52.577954" lon="13.404005"><time>2024-03-12T10:07:13.000Z</time></trkpt><trkpt lat="52.577939" lon="13.404065"><time>2024-03-12T10:07:17.000Z</time></trkpt><trkpt lat="52.57793" lon="13.404149"><time>2024-03-12T10:07:25.000Z</time></trkpt><trkpt lat="52.577926" lon="13.404248"><time>2024-03-12T10:07:33.000Z</time></trkpt><trkpt lat="52.577923" lon="13.404332"><time>2024-03-12T10:07:37.000Z</time></trkpt><trkpt lat="52.57793" lon="13.404407"><time>2024-03-12T10:07:41.000Z</time></trkpt><trkpt lat="52.577945" lon="13.404481"><time>2024-03-12T10:07:45.000Z</time></trkpt><trkpt lat="52.577965" lon="13.404557"><time>2024-03-12T10:07:49.000Z</time></trkpt><trkpt lat="52.577982" lon="13.404622"><time>2024-03-12T10:07:53.000Z</time></trkpt><trkpt lat="52.577998" lon="13.404687"><time>2024-03-12T10:07:55.000Z</time></trkpt><trkpt lat="52.578006" lon="13.404748"><time>2024-03-12T10:07:59.000Z</time></trkpt><trkpt lat="52.578012" lon="13.40481"><time>2024-03-12T10:08:01.000Z</time></trkpt><trkpt lat="52.578016" lon="13.404863"><time>2024-03-12T10:08:03.000Z</time></trkpt><trkpt lat="52.578021" lon="13.404918"><time>2024-03-12T10:08:05.000Z</time></trkpt><trkpt lat="52.578028" lon="13.404973"><time>2024-03-12T10:08:07.000Z</time></trkpt><trkpt lat="52.578036" lon="13.405032"><time>2024-03-12T10:08:09.000Z</time></trkpt><trkpt lat="52.57805" lon="13.405082"><time>2024-03-12T10:08:13.000Z</time></trkpt><trkpt lat="52.578069" lon="13.405122"><time>2024-03-12T10:08:17.000Z</time></trkpt><trkpt lat="52.578096" lon="13.405144"><time>2024-03-12T10:08:21.000Z</time></trkpt><trkpt lat="52.578135" lon="13.405161"><time>2024-03-12T10:08:25.000Z</time></trkpt><trkpt lat="52.578181" lon="13.40518"><time>2024-03-12T10:08:29.000Z</time></trkpt><trkpt lat="52.578227" lon="13.405204"><time>2024-03-12T10:08:33.000Z</time></trkpt><trkpt lat="52.578263" lon="13.405231"><time>2024-03-12T10:08:35.000Z</time></trkpt><trkpt lat="52.578292" lon="13.405246"><time>2024-03-12T10:08:37.000Z</time></trkpt><trkpt lat="52.578324" lon="13.405263"><time>2024-03-12T10:08:39.000Z</time></trkpt><trkpt lat="52.578358" lon="13.405282"><time>2024-03-12T10:08:43.000Z</time></trkpt><trkpt lat="52.578395" lon="13.405313"><time>2024-03-12T10:08:47.000Z</time></trkpt><trkpt lat="52.57843" lon="13.405342"><time>2024-03-12T10:08:51.000Z</time></trkpt><trkpt lat="52.578466" lon="13.40537"><time>2024-03-12T10:08:55.000Z</time></trkpt><trkpt lat="52.578498" lon="13.405401"><time>2024-03-12T10:08:59.000Z</time></trkpt><trkpt lat="52.578529" lon="13.405431"><time>2024-03-12T10:09:03.000Z</time></trkpt><trkpt lat="52.57855" lon="13.405467"><time>2024-03-12T10:09:07.000Z</time></trkpt><trkpt lat="52.578565" lon="13.405511"><time>2024-03-12T10:09:11.000Z</time></trkpt><trkpt lat="52.578578" lon="13.405575"><time>2024-03-12T10:09:15.000Z</time></trkpt><trkpt lat="52.578596" lon="13.405635"><time>2024-03-12T10:09:19.000Z</time></trkpt><trkpt lat="52.578613" lon="13.405689"><time>2024-03-12T10:09:21.000Z</time></trkpt><trkpt lat="52.57861" lon="13.405723"><time>2024-03-12T10:09:23.000Z</time></trkpt><trkpt lat="52.57859" lon="13.405748"><time>2024-03-12T10:09:27.000Z</time></trkpt><trkpt lat="52.578557" lon="13.405761"><time>2024-03-12T10:09:31.000Z</time></trkpt><trkpt lat="52.578528" lon="13.405772"><time>2024-03-12T10:09:33.000Z</time></trkpt><trkpt lat="52.578497" lon="13.405777"><time>2024-03-12T10:09:35.000Z</time></trkpt><trkpt lat="52.578465" lon="13.405786"><time>2024-03-12T10:09:39.000Z</time></trkpt><trkpt lat="52.57843" lon="13.405806"><time>2024-03-12T10:09:43.000Z</time></trkpt><trkpt lat="52.578404" lon="13.405855"><time>2024-03-12T10:09:49.000Z</time></trkpt><trkpt lat="52.57839" lon="13.405914"><time>2024-03-12T10:09:59.000Z</time></trkpt><trkpt lat="52.578443" lon="13.406157"><time>2024-03-12T10:10:29.000Z</time></trkpt><trkpt lat="52.578445" lon="13.406208"><time>2024-03-12T10:10:35.000Z</time></trkpt><trkpt lat="52.578448" lon="13.406259"><time>2024-03-12T10:10:39.000Z</time></trkpt><trkpt lat="52.578462" lon="13.406297"><time>2024-03-12T10:10:43.000Z</time></trkpt><trkpt lat="52.578488" lon="13.406319"><time>2024-03-12T10:10:49.000Z</time></trkpt><trkpt lat="52.578512" lon="13.406303"><time>2024-03-12T10:10:53.000Z</time></trkpt><trkpt lat="52.57853" lon="13.406269"><time>2024-03-12T10:10:57.000Z</time></trkpt><trkpt lat="52.578559" lon="13.406222"><time>2024-03-12T10:11:01.000Z</time></trkpt><trkpt lat="52.578595" lon="13.406207"><time>2024-03-12T10:11:11.000Z</time></trkpt><trkpt lat="52.578614" lon="13.406214"><time>2024-03-12T10:11:15.000Z</time></trkpt><trkpt lat="52.578588" lon="13.406256"><time>2024-03-12T10:11:23.000Z</time></trkpt><trkpt lat="52.578543" lon="13.406313"><time>2024-03-12T10:11:27.000Z</time></trkpt><trkpt lat="52.578504" lon="13.406376"><time>2024-03-12T10:11:31.000Z</time></trkpt><trkpt lat="52.57842" lon="13.406368"><time>2024-03-12T10:12:03.000Z</time></trkpt><trkpt lat="52.578478" lon="13.406643"><time>2024-03-12T10:12:33.000Z</time></trkpt><trkpt lat="52.578484" lon="13.406701"><time>2024-03-12T10:12:35.000Z</time></trkpt><trkpt lat="52.578486" lon="13.406717"><time>2024-03-12T10:12:39.000Z</time></trkpt><trkpt lat="52.578485" lon="13.406696"><time>2024-03-12T10:12:47.000Z</time></trkpt><trkpt lat="52.578494" lon="13.406648"><time>2024-03-12T10:12:51.000Z</time></trkpt><trkpt lat="52.578508" lon="13.406637"><time>2024-03-12T10:13:07.000Z</time></trkpt><trkpt lat="52.578525" lon="13.40667"><time>2024-03-12T10:13:11.000Z</time></trkpt><trkpt lat="52.57853" lon="13.40673"><time>2024-03-12T10:13:15.000Z</time></trkpt><trkpt lat="52.578535" lon="13.406787"><time>2024-03-12T10:13:17.000Z</time></trkpt><trkpt lat="52.578551" lon="13.406821"><time>2024-03-12T10:13:19.000Z</time></trkpt><trkpt lat="52.578574" lon="13.406854"><time>2024-03-12T10:13:23.000Z</time></trkpt><trkpt lat="52.578587" lon="13.406911"><time>2024-03-12T10:13:33.000Z</time></trkpt><trkpt lat="52.578584" lon="13.406988"><time>2024-03-12T10:13:39.000Z</time></trkpt><trkpt lat="52.578581" lon="13.407077"><time>2024-03-12T10:13:43.000Z</time></trkpt><trkpt lat="52.578587" lon="13.407148"><time>2024-03-12T10:13:47.000Z</time></trkpt><trkpt lat="52.578602" lon="13.407215"><time>2024-03-12T10:13:51.000Z</time></trkpt><trkpt lat="52.578611" lon="13.407285"><time>2024-03-12T10:13:55.000Z</time></trkpt><trkpt lat="52.578617" lon="13.407359"><time>2024-03-12T10:13:59.000Z</time></trkpt><trkpt lat="52.578629" lon="13.407402"><time>2024-03-12T10:14:03.000Z</time></trkpt><trkpt lat="52.578644" lon="13.407398"><time>2024-03-12T10:14:07.000Z</time></trkpt><trkpt lat="52.578659" lon="13.407327"><time>2024-03-12T10:14:11.000Z</time></trkpt><trkpt lat="52.578655" lon="13.407226"><time>2024-03-12T10:14:17.000Z</time></trkpt><trkpt lat="52.578653" lon="13.407155"><time>2024-03-12T10:14:21.000Z</time></trkpt><trkpt lat="52.578655" lon="13.407225"><time>2024-03-12T10:15:09.000Z</time></trkpt><trkpt lat="52.578653" lon="13.407275"><time>2024-03-12T10:15:11.000Z</time></trkpt><trkpt lat="52.578651" lon="13.407324"><time>2024-03-12T10:15:13.000Z</time></trkpt><trkpt lat="52.57865" lon="13.407374"><time>2024-03-12T10:15:15.000Z</time></trkpt><trkpt lat="52.578656" lon="13.407421"><time>2024-03-12T10:15:17.000Z</time></trkpt><trkpt lat="52.578666" lon="13.407479"><time>2024-03-12T10:15:19.000Z</time></trkpt><trkpt lat="52.57867" lon="13.407541"><time>2024-03-12T10:15:23.000Z</time></trkpt><trkpt lat="52.57866" lon="13.407605"><time>2024-03-12T10:15:27.000Z</time></trkpt><trkpt lat="52.578643" lon="13.40766"><time>2024-03-12T10:15:29.000Z</time></trkpt><trkpt lat="52.578627" lon="13.407711"><time>2024-03-12T10:15:31.000Z</time></trkpt><trkpt lat="52.578611" lon="13.407751"><time>2024-03-12T10:15:35.000Z</time></trkpt><trkpt lat="52.578673" lon="13.407817"><time>2024-03-12T10:16:11.000Z</time></trkpt><trkpt lat="52.578588" lon="13.40781"><time>2024-03-12T10:16:59.000Z</time></trkpt><trkpt lat="52.578528" lon="13.407752"><time>2024-03-12T10:18:49.000Z</time></trkpt><trkpt lat="52.578622" lon="13.407787"><time>2024-03-12T10:21:53.000Z</time></trkpt><trkpt lat="52.578555" lon="13.407747"><time>2024-03-12T10:26:31.000Z</time></trkpt><trkpt lat="52.57857" lon="13.407855"><time>2024-03-12T10:27:57.000Z</time></trkpt><trkpt lat="52.578506" lon="13.407933"><time>2024-03-12T10:28:05.000Z</time></trkpt><trkpt lat="52.578473" lon="13.407962"><time>2024-03-12T10:28:07.000Z</time></trkpt><trkpt lat="52.578463" lon="13.40795"><time>2024-03-12T10:28:11.000Z</time></trkpt><trkpt lat="52.578444" lon="13.407936"><time>2024-03-12T10:28:15.000Z</time></trkpt><trkpt lat="52.578414" lon="13.407957"><time>2024-03-12T10:28:19.000Z</time></trkpt><trkpt lat="52.578388" lon="13.407973"><time>2024-03-12T10:28:23.000Z</time></trkpt><trkpt lat="52.578367" lon="13.407957"><time>2024-03-12T10:28:29.000Z</time></trkpt><trkpt lat="52.578351" lon="13.407906"><time>2024-03-12T10:28:33.000Z</time></trkpt><trkpt lat="52.578339" lon="13.40784"><time>2024-03-12T10:28:37.000Z</time></trkpt><trkpt lat="52.578324" lon="13.407764"><time>2024-03-12T10:28:41.000Z</time></trkpt><trkpt lat="52.578302" lon="13.407709"><time>2024-03-12T10:28:51.000Z</time></trkpt><trkpt lat="52.57825" lon="13.407708"><time>2024-03-12T10:28:57.000Z</time></trkpt><trkpt lat="52.578216" lon="13.407739"><time>2024-03-12T10:29:09.000Z</time></trkpt><trkpt lat="52.578203" lon="13.407752"><time>2024-03-12T10:29:13.000Z</time></trkpt><trkpt lat="52.578265" lon="13.407755"><time>2024-03-12T10:30:01.000Z</time></trkpt><trkpt lat="52.578241" lon="13.407708"><time>2024-03-12T10:30:05.000Z</time></trkpt><trkpt lat="52.578223" lon="13.407655"><time>2024-03-12T10:30:09.000Z</time></trkpt><trkpt lat="52.578207" lon="13.407599"><time>2024-03-12T10:30:13.000Z</time></trkpt><trkpt lat="52.57808" lon="13.4075"><time>2024-03-12T10:30:43.000Z</time></trkpt><trkpt lat="52.578067" lon="13.407477"><time>2024-03-12T10:30:45.000Z</time></trkpt><trkpt lat="52.578069" lon="13.407409"><time>2024-03-12T10:30:51.000Z</time></trkpt><trkpt lat="52.578086" lon="13.407315"><time>2024-03-12T10:30:57.000Z</time></trkpt><trkpt lat="52.578094" lon="13.407227"><time>2024-03-12T10:31:01.000Z</time></trkpt><trkpt lat="52.578094" lon="13.407168"><time>2024-03-12T10:31:05.000Z</time></trkpt><trkpt lat="52.578084" lon="13.407111"><time>2024-03-12T10:31:09.000Z</time></trkpt><trkpt lat="52.578075" lon="13.407055"><time>2024-03-12T10:31:13.000Z</time></trkpt><trkpt lat="52.578066" lon="13.406996"><time>2024-03-12T10:31:17.000Z</time></trkpt><trkpt lat="52.578058" lon="13.406946"><time>2024-03-12T10:31:21.000Z</time></trkpt><trkpt lat="52.578044" lon="13.406898"><time>2024-03-12T10:31:25.000Z</time></trkpt><trkpt lat="52.578028" lon="13.40685"><time>2024-03-12T10:31:29.000Z</time></trkpt><trkpt lat="52.578014" lon="13.406799"><time>2024-03-12T10:31:33.000Z</time></trkpt><trkpt lat="52.578005" lon="13.406749"><time>2024-03-12T10:31:37.000Z</time></trkpt><trkpt lat="52.578" lon="13.4067"><time>2024-03-12T10:31:41.000Z</time></trkpt><trkpt lat="52.577991" lon="13.406649"><time>2024-03-12T10:31:45.000Z</time></trkpt><trkpt lat="52.577978" lon="13.406596"><time>2024-03-12T10:31:49.000Z</time></trkpt><trkpt lat="52.577973" lon="13.406537"><time>2024-03-12T10:31:53.000Z</time></trkpt><trkpt lat="52.577965" lon="13.406463"><time>2024-03-12T10:32:09.000Z</time></trkpt><trkpt lat="52.577956" lon="13.406387"><time>2024-03-12T10:32:15.000Z</time></trkpt><trkpt lat="52.577934" lon="13.406315"><time>2024-03-12T10:32:19.000Z</time></trkpt><trkpt lat="52.57792" lon="13.406264"><time>2024-03-12T10:32:21.000Z</time></trkpt><trkpt lat="52.57791" lon="13.406214"><time>2024-03-12T10:32:23.000Z</time></trkpt><trkpt lat="52.577899" lon="13.406165"><time>2024-03-12T10:32:27.000Z</time></trkpt><trkpt lat="52.577904" lon="13.406123"><time>2024-03-12T10:32:31.000Z</time></trkpt><trkpt lat="52.577921" lon="13.406093"><time>2024-03-12T10:32:35.000Z</time></trkpt><trkpt lat="52.577924" lon="13.406095"><time>2024-03-12T10:32:39.000Z</time></trkpt><trkpt lat="52.577901" lon="13.40612"><time>2024-03-12T10:32:57.000Z</time></trkpt><trkpt lat="52.57788" lon="13.406134"><time>2024-03-12T10:33:05.000Z</time></trkpt><trkpt lat="52.577886" lon="13.406118"><time>2024-03-12T10:33:11.000Z</time></trkpt><trkpt lat="52.577917" lon="13.406063"><time>2024-03-12T10:33:13.000Z</time></trkpt><trkpt lat="52.577939" lon="13.406014"><time>2024-03-12T10:33:17.000Z</time></trkpt><trkpt lat="52.577962" lon="13.405986"><time>2024-03-12T10:33:25.000Z</time></trkpt><trkpt lat="52.577978" lon="13.405938"><time>2024-03-12T10:33:43.000Z</time></trkpt><trkpt lat="52.577987" lon="13.405842"><time>2024-03-12T10:33:53.000Z</time></trkpt><trkpt lat="52.577982" lon="13.40572"><time>2024-03-12T10:33:59.000Z</time></trkpt><trkpt lat="52.577971" lon="13.405625"><time>2024-03-12T10:34:01.000Z</time></trkpt><trkpt lat="52.57795" lon="13.405593"><time>2024-03-12T10:34:03.000Z</time></trkpt><trkpt lat="52.577922" lon="13.405587"><time>2024-03-12T10:34:07.000Z</time></trkpt><trkpt lat="52.577884" lon="13.40561"><time>2024-03-12T10:34:09.000Z</time></trkpt><trkpt lat="52.57785" lon="13.405647"><time>2024-03-12T10:34:13.000Z</time></trkpt><trkpt lat="52.577815" lon="13.405681"><time>2024-03-12T10:34:17.000Z</time></trkpt><trkpt lat="52.577789" lon="13.405713"><time>2024-03-12T10:34:19.000Z</time></trkpt><trkpt lat="52.577763" lon="13.405733"><time>2024-03-12T10:34:23.000Z</time></trkpt><trkpt lat="52.577737" lon="13.405762"><time>2024-03-12T10:34:27.000Z</time></trkpt><trkpt lat="52.5777" lon="13.405789"><time>2024-03-12T10:34:31.000Z</time></trkpt><trkpt lat="52.577663" lon="13.405827"><time>2024-03-12T10:34:37.000Z</time></trkpt><trkpt lat="52.577617" lon="13.405852"><time>2024-03-12T10:34:41.000Z</time></trkpt><trkpt lat="52.577574" lon="13.405865"><time>2024-03-12T10:34:45.000Z</time></trkpt><trkpt lat="52.577529" lon="13.405863"><time>2024-03-12T10:34:47.000Z</time></trkpt><trkpt lat="52.577496" lon="13.405872"><time>2024-03-12T10:34:51.000Z</time></trkpt><trkpt lat="52.577465" lon="13.405883"><time>2024-03-12T10:34:55.000Z</time></trkpt><trkpt lat="52.577439" lon="13.405896"><time>2024-03-12T10:34:57.000Z</time></trkpt><trkpt lat="52.577397" lon="13.405896"><time>2024-03-12T10:34:59.000Z</time></trkpt><trkpt lat="52.577345" lon="13.405903"><time>2024-03-12T10:35:03.000Z</time></trkpt><trkpt lat="52.577301" lon="13.405926"><time>2024-03-12T10:35:07.000Z</time></trkpt><trkpt lat="52.57727" lon="13.405972"><time>2024-03-12T10:35:11.000Z</time></trkpt><trkpt lat="52.577245" lon="13.406008"><time>2024-03-12T10:35:15.000Z</time></trkpt><trkpt lat="52.577206" lon="13.406036"><time>2024-03-12T10:35:19.000Z</time></trkpt><trkpt lat="52.577164" lon="13.406043"><time>2024-03-12T10:35:23.000Z</time></trkpt><trkpt lat="52.577124" lon="13.406054"><time>2024-03-12T10:35:27.000Z</time></trkpt><trkpt lat="52.577092" lon="13.406046"><time>2024-03-12T10:35:33.000Z</time></trkpt><trkpt lat="52.577062" lon="13.406035"><time>2024-03-12T10:35:37.000Z</time></trkpt><trkpt lat="52.577031" lon="13.406022"><time>2024-03-12T10:35:39.000Z</time></trkpt><trkpt lat="52.576998" lon="13.406018"><time>2024-03-12T10:35:41.000Z</time></trkpt><trkpt lat="52.576972" lon="13.406003"><time>2024-03-12T10:35:43.000Z</time></trkpt><trkpt lat="52.576948" lon="13.406035"><time>2024-03-12T10:35:47.000Z</time></trkpt><trkpt lat="52.576928" lon="13.406091"><time>2024-03-12T10:35:51.000Z</time></trkpt><trkpt lat="52.576904" lon="13.406167"><time>2024-03-12T10:35:55.000Z</time></trkpt><trkpt lat="52.57687" lon="13.406197"><time>2024-03-12T10:35:57.000Z</time></trkpt><trkpt lat="52.576832" lon="13.406207"><time>2024-03-12T10:36:01.000Z</time></trkpt><trkpt lat="52.576796" lon="13.406221"><time>2024-03-12T10:36:03.000Z</time></trkpt><trkpt lat="52.576757" lon="13.406244"><time>2024-03-12T10:36:09.000Z</time></trkpt><trkpt lat="52.576712" lon="13.406272"><time>2024-03-12T10:36:13.000Z</time></trkpt><trkpt lat="52.576652" lon="13.406277"><time>2024-03-12T10:36:17.000Z</time></trkpt><trkpt lat="52.576536" lon="13.406288"><time>2024-03-12T10:36:21.000Z</time></trkpt><trkpt lat="52.576441" lon="13.406283"><time>2024-03-12T10:36:35.000Z</time></trkpt><trkpt lat="52.576361" lon="13.406288"><time>2024-03-12T10:36:37.000Z</time></trkpt><trkpt lat="52.576351" lon="13.406284"><time>2024-03-12T10:36:43.000Z</time></trkpt><trkpt lat="52.576312" lon="13.406291"><time>2024-03-12T10:36:49.000Z</time></trkpt><trkpt lat="52.576278" lon="13.406318"><time>2024-03-12T10:36:53.000Z</time></trkpt><trkpt lat="52.576245" lon="13.406348"><time>2024-03-12T10:36:57.000Z</time></trkpt><trkpt lat="52.576223" lon="13.406386"><time>2024-03-12T10:36:59.000Z</time></trkpt><trkpt lat="52.576199" lon="13.40643"><time>2024-03-12T10:37:01.000Z</time></trkpt><trkpt lat="52.576179" lon="13.406483"><time>2024-03-12T10:37:05.000Z</time></trkpt><trkpt lat="52.576157" lon="13.406557"><time>2024-03-12T10:37:09.000Z</time></trkpt><trkpt lat="52.576136" lon="13.40662"><time>2024-03-12T10:37:13.000Z</time></trkpt><trkpt lat="52.576101" lon="13.406676"><time>2024-03-12T10:37:17.000Z</time></trkpt><trkpt lat="52.576063" lon="13.406718"><time>2024-03-12T10:37:21.000Z</time></trkpt><trkpt lat="52.576019" lon="13.406763"><time>2024-03-12T10:37:25.000Z</time></trkpt><trkpt lat="52.575986" lon="13.406816"><time>2024-03-12T10:37:29.000Z</time></trkpt><trkpt lat="52.575957" lon="13.40686"><time>2024-03-12T10:37:33.000Z</time></trkpt><trkpt lat="52.575933" lon="13.40691"><time>2024-03-12T10:37:35.000Z</time></trkpt><trkpt lat="52.57591" lon="13.40695"><time>2024-03-12T10:37:39.000Z</time></trkpt><trkpt lat="52.575884" lon="13.406995"><time>2024-03-12T10:37:43.000Z</time></trkpt><trkpt lat="52.575852" lon="13.407038"><time>2024-03-12T10:37:47.000Z</time></trkpt><trkpt lat="52.575827" lon="13.407084"><time>2024-03-12T10:37:51.000Z</time></trkpt><trkpt lat="52.57581" lon="13.407135"><time>2024-03-12T10:37:55.000Z</time></trkpt><trkpt lat="52.575797" lon="13.407184"><time>2024-03-12T10:37:59.000Z</time></trkpt><trkpt lat="52.575777" lon="13.407223"><time>2024-03-12T10:38:03.000Z</time></trkpt><trkpt lat="52.575752" lon="13.407252"><time>2024-03-12T10:38:05.000Z</time></trkpt><trkpt lat="52.575731" lon="13.40728"><time>2024-03-12T10:38:07.000Z</time></trkpt><trkpt lat="52.575712" lon="13.407312"><time>2024-03-12T10:38:11.000Z</time></trkpt><trkpt lat="52.575694" lon="13.407358"><time>2024-03-12T10:38:13.000Z</time></trkpt><trkpt lat="52.575671" lon="13.407404"><time>2024-03-12T10:38:17.000Z</time></trkpt><trkpt lat="52.575645" lon="13.407456"><time>2024-03-12T10:38:21.000Z</time></trkpt><trkpt lat="52.575611" lon="13.407503"><time>2024-03-12T10:38:25.000Z</time></trkpt><trkpt lat="52.575578" lon="13.407545"><time>2024-03-12T10:38:29.000Z</time></trkpt><trkpt lat="52.575548" lon="13.407582"><time>2024-03-12T10:38:31.000Z</time></trkpt><trkpt lat="52.575523" lon="13.407619"><time>2024-03-12T10:38:33.000Z</time></trkpt><trkpt lat="52.575495" lon="13.407649"><time>2024-03-12T10:38:35.000Z</time></trkpt><trkpt lat="52.575462" lon="13.407658"><time>2024-03-12T10:38:39.000Z</time></trkpt><trkpt lat="52.575424" lon="13.407652"><time>2024-03-12T10:38:43.000Z</time></trkpt><trkpt lat="52.575397" lon="13.407657"><time>2024-03-12T10:38:47.000Z</time></trkpt><trkpt lat="52.57538" lon="13.407693"><time>2024-03-12T10:38:51.000Z</time></trkpt><trkpt lat="52.575381" lon="13.407747"><time>2024-03-12T10:38:57.000Z</time></trkpt><trkpt lat="52.575369" lon="13.407799"><time>2024-03-12T10:39:01.000Z</time></trkpt><trkpt lat="52.575351" lon="13.407839"><time>2024-03-12T10:39:17.000Z</time></trkpt><trkpt lat="52.575327" lon="13.40789"><time>2024-03-12T10:39:21.000Z</time></trkpt><trkpt lat="52.575302" lon="13.407919"><time>2024-03-12T10:39:25.000Z</time></trkpt><trkpt lat="52.575277" lon="13.407929"><time>2024-03-12T10:39:29.000Z</time></trkpt><trkpt lat="52.575242" lon="13.407909"><time>2024-03-12T10:39:33.000Z</time></trkpt><trkpt lat="52.575207" lon="13.40789"><time>2024-03-12T10:39:35.000Z</time></trkpt><trkpt lat="52.57517" lon="13.40788"><time>2024-03-12T10:39:39.000Z</time></trkpt><trkpt lat="52.575131" lon="13.407868"><time>2024-03-12T10:39:43.000Z</time></trkpt><trkpt lat="52.575092" lon="13.40786"><time>2024-03-12T10:39:45.000Z</time></trkpt><trkpt lat="52.575057" lon="13.407863"><time>2024-03-12T10:39:47.000Z</time></trkpt><trkpt lat="52.575013" lon="13.407883"><time>2024-03-12T10:39:49.000Z</time></trkpt><trkpt lat="52.57497" lon="13.4079"><time>2024-03-12T10:39:53.000Z</time></trkpt><trkpt lat="52.574925" lon="13.407908"><time>2024-03-12T10:39:59.000Z</time></trkpt><trkpt lat="52.574889" lon="13.4079"><time>2024-03-12T10:40:03.000Z</time></trkpt><trkpt lat="52.574856" lon="13.407897"><time>2024-03-12T10:40:05.000Z</time></trkpt><trkpt lat="52.574821" lon="13.407893"><time>2024-03-12T10:40:07.000Z</time></trkpt><trkpt lat="52.574785" lon="13.407897"><time>2024-03-12T10:40:11.000Z</time></trkpt><trkpt lat="52.574747" lon="13.407914"><time>2024-03-12T10:40:13.000Z</time></trkpt><trkpt lat="52.574712" lon="13.407927"><time>2024-03-12T10:40:17.000Z</time></trkpt><trkpt lat="52.574657" lon="13.407938"><time>2024-03-12T10:40:19.000Z</time></trkpt><trkpt lat="52.5746" lon="13.407927"><time>2024-03-12T10:40:23.000Z</time></trkpt><trkpt lat="52.574539" lon="13.407916"><time>2024-03-12T10:40:27.000Z</time></trkpt><trkpt lat="52.574496" lon="13.407898"><time>2024-03-12T10:40:31.000Z</time></trkpt><trkpt lat="52.574458" lon="13.407891"><time>2024-03-12T10:40:33.000Z</time></trkpt><trkpt lat="52.57442" lon="13.407893"><time>2024-03-12T10:40:37.000Z</time></trkpt><trkpt lat="52.574378" lon="13.407899"><time>2024-03-12T10:40:41.000Z</time></trkpt><trkpt lat="52.574329" lon="13.407891"><time>2024-03-12T10:40:45.000Z</time></trkpt><trkpt lat="52.574283" lon="13.407867"><time>2024-03-12T10:40:53.000Z</time></trkpt><trkpt lat="52.574243" lon="13.407843"><time>2024-03-12T10:40:57.000Z</time></trkpt><trkpt lat="52.574199" lon="13.40782"><time>2024-03-12T10:41:01.000Z</time></trkpt><trkpt lat="52.574154" lon="13.407803"><time>2024-03-12T10:41:05.000Z</time></trkpt><trkpt lat="52.574085" lon="13.407775"><time>2024-03-12T10:41:07.000Z</time></trkpt><trkpt lat="52.574025" lon="13.407742"><time>2024-03-12T10:41:13.000Z</time></trkpt><trkpt lat="52.573968" lon="13.407707"><time>2024-03-12T10:41:17.000Z</time></trkpt><trkpt lat="52.573936" lon="13.407682"><time>2024-03-12T10:41:21.000Z</time></trkpt><trkpt lat="52.5739" lon="13.407665"><time>2024-03-12T10:41:29.000Z</time></trkpt><trkpt lat="52.573866" lon="13.407653"><time>2024-03-12T10:41:33.000Z</time></trkpt><trkpt lat="52.573844" lon="13.407625"><time>2024-03-12T10:41:35.000Z</time></trkpt><trkpt lat="52.573827" lon="13.407585"><time>2024-03-12T10:41:39.000Z</time></trkpt><trkpt lat="52.573811" lon="13.407535"><time>2024-03-12T10:41:45.000Z</time></trkpt><trkpt lat="52.573782" lon="13.407505"><time>2024-03-12T10:41:49.000Z</time></trkpt><trkpt lat="52.573749" lon="13.407518"><time>2024-03-12T10:41:55.000Z</time></trkpt><trkpt lat="52.573716" lon="13.407552"><time>2024-03-12T10:41:59.000Z</time></trkpt><trkpt lat="52.57368" lon="13.407588"><time>2024-03-12T10:42:07.000Z</time></trkpt><trkpt lat="52.573639" lon="13.40761"><time>2024-03-12T10:42:11.000Z</time></trkpt><trkpt lat="52.57359" lon="13.407627"><time>2024-03-12T10:42:15.000Z</time></trkpt><trkpt lat="52.573542" lon="13.407647"><time>2024-03-12T10:42:19.000Z</time></trkpt><trkpt lat="52.573496" lon="13.407673"><time>2024-03-12T10:42:25.000Z</time></trkpt><trkpt lat="52.573456" lon="13.40771"><time>2024-03-12T10:42:29.000Z</time></trkpt><trkpt lat="52.573384" lon="13.407776"><time>2024-03-12T10:42:33.000Z</time></trkpt><trkpt lat="52.573314" lon="13.407839"><time>2024-03-12T10:42:39.000Z</time></trkpt><trkpt lat="52.573247" lon="13.407901"><time>2024-03-12T10:42:43.000Z</time></trkpt><trkpt lat="52.573214" lon="13.407938"><time>2024-03-12T10:42:45.000Z</time></trkpt><trkpt lat="52.573184" lon="13.407939"><time>2024-03-12T10:42:49.000Z</time></trkpt><trkpt lat="52.573147" lon="13.407929"><time>2024-03-12T10:42:53.000Z</time></trkpt><trkpt lat="52.573112" lon="13.407926"><time>2024-03-12T10:42:57.000Z</time></trkpt><trkpt lat="52.573063" lon="13.407935"><time>2024-03-12T10:42:59.000Z</time></trkpt><trkpt lat="52.573021" lon="13.407931"><time>2024-03-12T10:43:03.000Z</time></trkpt><trkpt lat="52.572983" lon="13.407926"><time>2024-03-12T10:43:05.000Z</time></trkpt><trkpt lat="52.572952" lon="13.407936"><time>2024-03-12T10:43:11.000Z</time></trkpt><trkpt lat="52.572919" lon="13.407975"><time>2024-03-12T10:43:15.000Z</time></trkpt><trkpt lat="52.572883" lon="13.407999"><time>2024-03-12T10:43:23.000Z</time></trkpt><trkpt lat="52.572813" lon="13.40808"><time>2024-03-12T10:43:31.000Z</time></trkpt><trkpt lat="52.572743" lon="13.408159"><time>2024-03-12T10:43:43.000Z</time></trkpt><trkpt lat="52.572668" lon="13.408252"><time>2024-03-12T10:43:47.000Z</time></trkpt><trkpt lat="52.572633" lon="13.408272"><time>2024-03-12T10:43:53.000Z</time></trkpt><trkpt lat="52.572601" lon="13.408294"><time>2024-03-12T10:43:55.000Z</time></trkpt><trkpt lat="52.572575" lon="13.408298"><time>2024-03-12T10:43:59.000Z</time></trkpt><trkpt lat="52.572546" lon="13.408316"><time>2024-03-12T10:44:01.000Z</time></trkpt><trkpt lat="52.572513" lon="13.408319"><time>2024-03-12T10:44:03.000Z</time></trkpt><trkpt lat="52.57248" lon="13.408324"><time>2024-03-12T10:44:07.000Z</time></trkpt><trkpt lat="52.57245" lon="13.408334"><time>2024-03-12T10:44:09.000Z</time></trkpt><trkpt lat="52.572401" lon="13.408395"><time>2024-03-12T10:44:13.000Z</time></trkpt><trkpt lat="52.57236" lon="13.408477"><time>2024-03-12T10:44:19.000Z</time></trkpt><trkpt lat="52.572311" lon="13.408551"><time>2024-03-12T10:44:21.000Z</time></trkpt><trkpt lat="52.572279" lon="13.408574"><time>2024-03-12T10:44:25.000Z</time></trkpt><trkpt lat="52.572171" lon="13.408521"><time>2024-03-12T10:44:27.000Z</time></trkpt><trkpt lat="52.572073" lon="13.40845"><time>2024-03-12T10:44:39.000Z</time></trkpt><trkpt lat="52.57198" lon="13.408359"><time>2024-03-12T10:44:41.000Z</time></trkpt><trkpt lat="52.571975" lon="13.408339"><time>2024-03-12T10:44:49.000Z</time></trkpt><trkpt lat="52.57198" lon="13.408352"><time>2024-03-12T10:44:55.000Z</time></trkpt><trkpt lat="52.571996" lon="13.408397"><time>2024-03-12T10:44:57.000Z</time></trkpt><trkpt lat="52.571998" lon="13.408449"><time>2024-03-12T10:44:59.000Z</time></trkpt><trkpt lat="52.571987" lon="13.408498"><time>2024-03-12T10:45:05.000Z</time></trkpt><trkpt lat="52.571967" lon="13.408537"><time>2024-03-12T10:45:09.000Z</time></trkpt><trkpt lat="52.571942" lon="13.408564"><time>2024-03-12T10:45:11.000Z</time></trkpt><trkpt lat="52.571916" lon="13.408587"><time>2024-03-12T10:45:13.000Z</time></trkpt><trkpt lat="52.57189" lon="13.408611"><time>2024-03-12T10:45:15.000Z</time></trkpt><trkpt lat="52.571821" lon="13.408659"><time>2024-03-12T10:45:19.000Z</time></trkpt><trkpt lat="52.57175" lon="13.408713"><time>2024-03-12T10:45:27.000Z</time></trkpt><trkpt lat="52.571689" lon="13.408774"><time>2024-03-12T10:45:31.000Z</time></trkpt><trkpt lat="52.571692" lon="13.408796"><time>2024-03-12T10:45:39.000Z</time></trkpt><trkpt lat="52.571716" lon="13.408812"><time>2024-03-12T10:45:41.000Z</time></trkpt><trkpt lat="52.571744" lon="13.408799"><time>2024-03-12T10:45:43.000Z</time></trkpt><trkpt lat="52.57175" lon="13.408791"><time>2024-03-12T10:45:49.000Z</time></trkpt><trkpt lat="52.571735" lon="13.408781"><time>2024-03-12T10:45:55.000Z</time></trkpt><trkpt lat="52.571702" lon="13.408787"><time>2024-03-12T10:45:59.000Z</time></trkpt><trkpt lat="52.571674" lon="13.408811"><time>2024-03-12T10:46:03.000Z</time></trkpt><trkpt lat="52.571643" lon="13.408842"><time>2024-03-12T10:46:11.000Z</time></trkpt><trkpt lat="52.571612" lon="13.408872"><time>2024-03-12T10:46:25.000Z</time></trkpt><trkpt lat="52.571572" lon="13.408894"><time>2024-03-12T10:46:29.000Z</time></trkpt><trkpt lat="52.571538" lon="13.408908"><time>2024-03-12T10:46:35.000Z</time></trkpt><trkpt lat="52.571504" lon="13.408923"><time>2024-03-12T10:46:39.000Z</time></trkpt><trkpt lat="52.571474" lon="13.408937"><time>2024-03-12T10:46:43.000Z</time></trkpt><trkpt lat="52.571443" lon="13.408958"><time>2024-03-12T10:46:47.000Z</time></trkpt><trkpt lat="52.571416" lon="13.408984"><time>2024-03-12T10:46:51.000Z</time></trkpt><trkpt lat="52.571386" lon="13.409011"><time>2024-03-12T10:46:55.000Z</time></trkpt><trkpt lat="52.571355" lon="13.409028"><time>2024-03-12T10:46:59.000Z</time></trkpt><trkpt lat="52.570932" lon="13.408625"><time>2024-03-12T10:47:25.000Z</time></trkpt><trkpt lat="52.570939" lon="13.408553"><time>2024-03-12T10:47:29.000Z</time></trkpt><trkpt lat="52.570937" lon="13.408484"><time>2024-03-12T10:47:33.000Z</time></trkpt><trkpt lat="52.570908" lon="13.408437"><time>2024-03-12T10:47:37.000Z</time></trkpt><trkpt lat="52.570851" lon="13.408399"><time>2024-03-12T10:47:41.000Z</time></trkpt><trkpt lat="52.570796" lon="13.408367"><time>2024-03-12T10:47:45.000Z</time></trkpt><trkpt lat="52.570762" lon="13.408318"><time>2024-03-12T10:47:49.000Z</time></trkpt><trkpt lat="52.57076" lon="13.40828"><time>2024-03-12T10:47:53.000Z</time></trkpt><trkpt lat="52.57075" lon="13.408262"><time>2024-03-12T10:47:57.000Z</time></trkpt><trkpt lat="52.570746" lon="13.408243"><time>2024-03-12T10:48:01.000Z</time></trkpt><trkpt lat="52.570713" lon="13.408225"><time>2024-03-12T10:48:07.000Z</time></trkpt><trkpt lat="52.570687" lon="13.408208"><time>2024-03-12T10:48:11.000Z</time></trkpt><trkpt lat="52.570654" lon="13.40821"><time>2024-03-12T10:48:15.000Z</time></trkpt><trkpt lat="52.570629" lon="13.408229"><time>2024-03-12T10:48:21.000Z</time></trkpt><trkpt lat="52.5706" lon="13.408245"><time>2024-03-12T10:48:23.000Z</time></trkpt><trkpt lat="52.570573" lon="13.408263"><time>2024-03-12T10:48:25.000Z</time></trkpt><trkpt lat="52.570543" lon="13.408279"><time>2024-03-12T10:48:27.000Z</time></trkpt><trkpt lat="52.570515" lon="13.408297"><time>2024-03-12T10:48:29.000Z</time></trkpt><trkpt lat="52.570487" lon="13.408319"><time>2024-03-12T10:48:31.000Z</time></trkpt><trkpt lat="52.57046" lon="13.40834"><time>2024-03-12T10:48:35.000Z</time></trkpt><trkpt lat="52.570428" lon="13.408353"><time>2024-03-12T10:48:39.000Z</time></trkpt><trkpt lat="52.570393" lon="13.408352"><time>2024-03-12T10:48:41.000Z</time></trkpt><trkpt lat="52.570355" lon="13.408343"><time>2024-03-12T10:48:47.000Z</time></trkpt><trkpt lat="52.570319" lon="13.408321"><time>2024-03-12T10:48:51.000Z</time></trkpt><trkpt lat="52.570299" lon="13.408281"><time>2024-03-12T10:48:55.000Z</time></trkpt><trkpt lat="52.570297" lon="13.408233"><time>2024-03-12T10:48:59.000Z</time></trkpt><trkpt lat="52.570303" lon="13.408181"><time>2024-03-12T10:49:01.000Z</time></trkpt><trkpt lat="52.570301" lon="13.408135"><time>2024-03-12T10:49:05.000Z</time></trkpt><trkpt lat="52.570283" lon="13.408083"><time>2024-03-12T10:49:09.000Z</time></trkpt><trkpt lat="52.570257" lon="13.408035"><time>2024-03-12T10:49:13.000Z</time></trkpt><trkpt lat="52.570228" lon="13.407998"><time>2024-03-12T10:49:15.000Z</time></trkpt><trkpt lat="52.570196" lon="13.407966"><time>2024-03-12T10:49:17.000Z</time></trkpt><trkpt lat="52.570168" lon="13.407936"><time>2024-03-12T10:49:21.000Z</time></trkpt><trkpt lat="52.570132" lon="13.407904"><time>2024-03-12T10:49:23.000Z</time></trkpt><trkpt lat="52.570093" lon="13.407884"><time>2024-03-12T10:49:27.000Z</time></trkpt><trkpt lat="52.57005" lon="13.407884"><time>2024-03-12T10:49:29.000Z</time></trkpt><trkpt lat="52.570007" lon="13.407902"><time>2024-03-12T10:49:33.000Z</time></trkpt><trkpt lat="52.569966" lon="13.407931"><time>2024-03-12T10:49:37.000Z</time></trkpt><trkpt lat="52.569932" lon="13.407936"><time>2024-03-12T10:49:41.000Z</time></trkpt><trkpt lat="52.569911" lon="13.407903"><time>2024-03-12T10:49:45.000Z</time></trkpt><trkpt lat="52.569879" lon="13.407848"><time>2024-03-12T10:49:49.000Z</time></trkpt><trkpt lat="52.569852" lon="13.407827"><time>2024-03-12T10:49:55.000Z</time></trkpt><trkpt lat="52.569829" lon="13.407847"><time>2024-03-12T10:50:05.000Z</time></trkpt><trkpt lat="52.569831" lon="13.407907"><time>2024-03-12T10:50:13.000Z</time></trkpt><trkpt lat="52.569827" lon="13.407972"><time>2024-03-12T10:50:17.000Z</time></trkpt><trkpt lat="52.569824" lon="13.408002"><time>2024-03-12T10:50:19.000Z</time></trkpt><trkpt lat="52.569838" lon="13.407996"><time>2024-03-12T10:50:23.000Z</time></trkpt><trkpt lat="52.569869" lon="13.407967"><time>2024-03-12T10:50:25.000Z</time></trkpt><trkpt lat="52.569916" lon="13.407947"><time>2024-03-12T10:50:27.000Z</time></trkpt><trkpt lat="52.569497" lon="13.407708"><time>2024-03-12T10:51:43.000Z</time></trkpt><trkpt lat="52.569619" lon="13.407712"><time>2024-03-12T10:51:45.000Z</time></trkpt><trkpt lat="52.569709" lon="13.40773"><time>2024-03-12T10:51:47.000Z</time></trkpt><trkpt lat="52.569762" lon="13.407763"><time>2024-03-12T10:51:49.000Z</time></trkpt><trkpt lat="52.5698" lon="13.407767"><time>2024-03-12T10:51:55.000Z</time></trkpt><trkpt lat="52.569824" lon="13.407745"><time>2024-03-12T10:51:57.000Z</time></trkpt><trkpt lat="52.569818" lon="13.407726"><time>2024-03-12T10:51:59.000Z</time></trkpt><trkpt lat="52.569796" lon="13.40772"><time>2024-03-12T10:52:07.000Z</time></trkpt><trkpt lat="52.569759" lon="13.40772"><time>2024-03-12T10:52:11.000Z</time></trkpt><trkpt lat="52.56974" lon="13.407682"><time>2024-03-12T10:52:13.000Z</time></trkpt><trkpt lat="52.569738" lon="13.407621"><time>2024-03-12T10:52:23.000Z</time></trkpt><trkpt lat="52.569751" lon="13.407551"><time>2024-03-12T10:52:25.000Z</time></trkpt><trkpt lat="52.569767" lon="13.407483"><time>2024-03-12T10:52:27.000Z</time></trkpt><trkpt lat="52.569762" lon="13.407449"><time>2024-03-12T10:52:29.000Z</time></trkpt><trkpt lat="52.569752" lon="13.407475"><time>2024-03-12T10:52:33.000Z</time></trkpt><trkpt lat="52.569902" lon="13.408423"><time>2024-03-12T10:54:43.000Z</time></trkpt><trkpt lat="52.56994" lon="13.408438"><time>2024-03-12T10:54:47.000Z</time></trkpt><trkpt lat="52.569755" lon="13.407112"><time>2024-03-12T11:08:46.000Z</time></trkpt><trkpt lat="52.569692" lon="13.406985"><time>2024-03-12T11:08:50.000Z</time></trkpt><trkpt lat="52.569636" lon="13.406886"><time>2024-03-12T11:08:52.000Z</time></trkpt><trkpt lat="52.569596" lon="13.406791"><time>2024-03-12T11:08:56.000Z</time></trkpt><trkpt lat="52.569565" lon="13.406769"><time>2024-03-12T11:08:58.000Z</time></trkpt><trkpt lat="52.569548" lon="13.406793"><time>2024-03-12T11:09:02.000Z</time></trkpt><trkpt lat="52.569537" lon="13.406877"><time>2024-03-12T11:09:06.000Z</time></trkpt><trkpt lat="52.569547" lon="13.406979"><time>2024-03-12T11:09:10.000Z</time></trkpt><trkpt lat="52.569564" lon="13.407062"><time>2024-03-12T11:09:12.000Z</time></trkpt><trkpt lat="52.569578" lon="13.407134"><time>2024-03-12T11:09:14.000Z</time></trkpt><trkpt lat="52.569574" lon="13.407224"><time>2024-03-12T11:09:16.000Z</time></trkpt><trkpt lat="52.569563" lon="13.407313"><time>2024-03-12T11:09:20.000Z</time></trkpt><trkpt lat="52.56955" lon="13.407405"><time>2024-03-12T11:09:22.000Z</time></trkpt><trkpt lat="52.569544" lon="13.407473"><time>2024-03-12T11:09:24.000Z</time></trkpt><trkpt lat="52.569542" lon="13.407559"><time>2024-03-12T11:09:30.000Z</time></trkpt><trkpt lat="52.569549" lon="13.407646"><time>2024-03-12T11:09:32.000Z</time></trkpt><trkpt lat="52.569549" lon="13.407722"><time>2024-03-12T11:09:36.000Z</time></trkpt><trkpt lat="52.569577" lon="13.407756"><time>2024-03-12T11:09:42.000Z</time></trkpt><trkpt lat="52.569616" lon="13.407778"><time>2024-03-12T11:09:44.000Z</time></trkpt><trkpt lat="52.569679" lon="13.407773"><time>2024-03-12T11:09:50.000Z</time></trkpt><trkpt lat="52.569726" lon="13.407741"><time>2024-03-12T11:09:54.000Z</time></trkpt><trkpt lat="52.569762" lon="13.407665"><time>2024-03-12T11:09:56.000Z</time></trkpt><trkpt lat="52.569773" lon="13.407548"><time>2024-03-12T11:10:00.000Z</time></trkpt><trkpt lat="52.569781" lon="13.407423"><time>2024-03-12T11:10:02.000Z</time></trkpt><trkpt lat="52.569797" lon="13.407264"><time>2024-03-12T11:10:04.000Z</time></trkpt><trkpt lat="52.569832" lon="13.407051"><time>2024-03-12T11:10:06.000Z</time></trkpt><trkpt lat="52.569895" lon="13.406897"><time>2024-03-12T11:10:08.000Z</time></trkpt><trkpt lat="52.569974" lon="13.406723"><time>2024-03-12T11:10:10.000Z</time></trkpt><trkpt lat="52.570084" lon="13.406522"><time>2024-03-12T11:10:12.000Z</time></trkpt><trkpt lat="52.570158" lon="13.406351"><time>2024-03-12T11:10:16.000Z</time></trkpt><trkpt lat="52.570207" lon="13.406326"><time>2024-03-12T11:10:18.000Z</time></trkpt><trkpt lat="52.570207" lon="13.406534"><time>2024-03-12T11:10:20.000Z</time></trkpt><trkpt lat="52.570177" lon="13.406782"><time>2024-03-12T11:10:22.000Z</time></trkpt><trkpt lat="52.570059" lon="13.407146"><time>2024-03-12T11:10:24.000Z</time></trkpt><trkpt lat="52.569915" lon="13.407468"><time>2024-03-12T11:10:28.000Z</time></trkpt><trkpt lat="52.569792" lon="13.407729"><time>2024-03-12T11:10:30.000Z</time></trkpt><trkpt lat="52.569767" lon="13.407867"><time>2024-03-12T11:10:32.000Z</time></trkpt><trkpt lat="52.569765" lon="13.407915"><time>2024-03-12T11:10:34.000Z</time></trkpt><trkpt lat="52.569778" lon="13.407922"><time>2024-03-12T11:10:38.000Z</time></trkpt><trkpt lat="52.569788" lon="13.407812"><time>2024-03-12T11:10:40.000Z</time></trkpt><trkpt lat="52.569812" lon="13.407655"><time>2024-03-12T11:10:42.000Z</time></trkpt><trkpt lat="52.569831" lon="13.407483"><time>2024-03-12T11:10:44.000Z</time></trkpt><trkpt lat="52.569829" lon="13.407363"><time>2024-03-12T11:10:46.000Z</time></trkpt><trkpt lat="52.569832" lon="13.407294"><time>2024-03-12T11:10:48.000Z</time></trkpt><trkpt lat="52.569762" lon="13.407245"><time>2024-03-12T11:10:50.000Z</time></trkpt><trkpt lat="52.569689" lon="13.407214"><time>2024-03-12T11:10:57.000Z</time></trkpt><trkpt lat="52.569589" lon="13.407194"><time>2024-03-12T11:10:59.000Z</time></trkpt><trkpt lat="52.569552" lon="13.407157"><time>2024-03-12T11:11:01.000Z</time></trkpt><trkpt lat="52.569542" lon="13.407058"><time>2024-03-12T11:11:03.000Z</time></trkpt><trkpt lat="52.569581" lon="13.40689"><time>2024-03-12T11:11:05.000Z</time></trkpt><trkpt lat="52.569617" lon="13.406843"><time>2024-03-12T11:11:09.000Z</time></trkpt><trkpt lat="52.569613" lon="13.406948"><time>2024-03-12T11:11:11.000Z</time></trkpt><trkpt lat="52.569559" lon="13.407178"><time>2024-03-12T11:11:13.000Z</time></trkpt><trkpt lat="52.569496" lon="13.407336"><time>2024-03-12T11:11:15.000Z</time></trkpt><trkpt lat="52.569447" lon="13.407412"><time>2024-03-12T11:11:17.000Z</time></trkpt><trkpt lat="52.569412" lon="13.407467"><time>2024-03-12T11:11:19.000Z</time></trkpt><trkpt lat="52.569396" lon="13.407514"><time>2024-03-12T11:11:21.000Z</time></trkpt><trkpt lat="52.569388" lon="13.407574"><time>2024-03-12T11:11:23.000Z</time></trkpt><trkpt lat="52.569364" lon="13.407616"><time>2024-03-12T11:11:27.000Z</time></trkpt><trkpt lat="52.569325" lon="13.407669"><time>2024-03-12T11:11:29.000Z</time></trkpt><trkpt lat="52.569311" lon="13.407669"><time>2024-03-12T11:11:37.000Z</time></trkpt><trkpt lat="52.569327" lon="13.407675"><time>2024-03-12T11:11:41.000Z</time></trkpt><trkpt lat="52.569382" lon="13.40766"><time>2024-03-12T11:11:47.000Z</time></trkpt><trkpt lat="52.569434" lon="13.407682"><time>2024-03-12T11:11:51.000Z</time></trkpt><trkpt lat="52.569485" lon="13.407699"><time>2024-03-12T11:11:53.000Z</time></trkpt><trkpt lat="52.569526" lon="13.40771"><time>2024-03-12T11:11:57.000Z</time></trkpt><trkpt lat="52.569539" lon="13.407741"><time>2024-03-12T11:11:59.000Z</time></trkpt><trkpt lat="52.569534" lon="13.407818"><time>2024-03-12T11:12:07.000Z</time></trkpt><trkpt lat="52.569512" lon="13.407936"><time>2024-03-12T11:12:09.000Z</time></trkpt><trkpt lat="52.569504" lon="13.408011"><time>2024-03-12T11:12:11.000Z</time></trkpt><trkpt lat="52.569504" lon="13.408022"><time>2024-03-12T11:12:13.000Z</time></trkpt><trkpt lat="52.569514" lon="13.407958"><time>2024-03-12T11:12:15.000Z</time></trkpt><trkpt lat="52.569526" lon="13.407894"><time>2024-03-12T11:12:21.000Z</time></trkpt><trkpt lat="52.569544" lon="13.407853"><time>2024-03-12T11:12:25.000Z</time></trkpt><trkpt lat="52.569562" lon="13.407827"><time>2024-03-12T11:12:29.000Z</time></trkpt><trkpt lat="52.569581" lon="13.407803"><time>2024-03-12T11:12:31.000Z</time></trkpt><trkpt lat="52.569594" lon="13.407785"><time>2024-03-12T11:12:33.000Z</time></trkpt><trkpt lat="52.569614" lon="13.407776"><time>2024-03-12T11:12:37.000Z</time></trkpt><trkpt lat="52.569645" lon="13.407759"><time>2024-03-12T11:12:43.000Z</time></trkpt><trkpt lat="52.569672" lon="13.407713"><time>2024-03-12T11:12:47.000Z</time></trkpt><trkpt lat="52.569682" lon="13.407659"><time>2024-03-12T11:12:49.000Z</time></trkpt><trkpt lat="52.569663" lon="13.407649"><time>2024-03-12T11:12:53.000Z</time></trkpt><trkpt lat="52.569622" lon="13.407498"><time>2024-03-12T11:14:27.000Z</time></trkpt><trkpt lat="52.569598" lon="13.407541"><time>2024-03-12T11:14:31.000Z</time></trkpt><trkpt lat="52.569588" lon="13.407589"><time>2024-03-12T11:14:35.000Z</time></trkpt><trkpt lat="52.56959" lon="13.407647"><time>2024-03-12T11:14:37.000Z</time></trkpt><trkpt lat="52.569586" lon="13.407697"><time>2024-03-12T11:14:39.000Z</time></trkpt><trkpt lat="52.56958" lon="13.407753"><time>2024-03-12T11:14:41.000Z</time></trkpt><trkpt lat="52.569586" lon="13.407763"><time>2024-03-12T11:14:43.000Z</time></trkpt><trkpt lat="52.56961" lon="13.40774"><time>2024-03-12T11:14:51.000Z</time></trkpt><trkpt lat="52.569648" lon="13.407675"><time>2024-03-12T11:14:53.000Z</time></trkpt><trkpt lat="52.569686" lon="13.407608"><time>2024-03-12T11:14:55.000Z</time></trkpt><trkpt lat="52.569707" lon="13.407515"><time>2024-03-12T11:14:57.000Z</time></trkpt><trkpt lat="52.569716" lon="13.407415"><time>2024-03-12T11:14:59.000Z</time></trkpt><trkpt lat="52.569722" lon="13.40731"><time>2024-03-12T11:15:01.000Z</time></trkpt><trkpt lat="52.569734" lon="13.407201"><time>2024-03-12T11:15:03.000Z</time></trkpt><trkpt lat="52.569737" lon="13.407054"><time>2024-03-12T11:15:05.000Z</time></trkpt><trkpt lat="52.569741" lon="13.406913"><time>2024-03-12T11:15:07.000Z</time></trkpt><trkpt lat="52.569746" lon="13.406798"><time>2024-03-12T11:15:09.000Z</time></trkpt><trkpt lat="52.569775" lon="13.406719"><time>2024-03-12T11:15:11.000Z</time></trkpt><trkpt lat="52.56982" lon="13.406649"><time>2024-03-12T11:15:13.000Z</time></trkpt><trkpt lat="52.569835" lon="13.406879"><time>2024-03-12T11:15:15.000Z</time></trkpt><trkpt lat="52.56979" lon="13.407221"><time>2024-03-12T11:15:26.000Z</time></trkpt><trkpt lat="52.569643" lon="13.407721"><time>2024-03-12T11:15:28.000Z</time></trkpt><trkpt lat="52.5695" lon="13.407958"><time>2024-03-12T11:15:32.000Z</time></trkpt><trkpt lat="52.569388" lon="13.408132"><time>2024-03-12T11:15:34.000Z</time></trkpt><trkpt lat="52.56934" lon="13.408203"><time>2024-03-12T11:15:36.000Z</time></trkpt><trkpt lat="52.569308" lon="13.408279"><time>2024-03-12T11:15:38.000Z</time></trkpt><trkpt lat="52.569573" lon="13.40755"><time>2024-03-12T11:16:34.000Z</time></trkpt><trkpt lat="52.569764" lon="13.407595"><time>2024-03-12T11:16:36.000Z</time></trkpt><trkpt lat="52.569901" lon="13.40762"><time>2024-03-12T11:16:38.000Z</time></trkpt><trkpt lat="52.569926" lon="13.407618"><time>2024-03-12T11:16:40.000Z</time></trkpt><trkpt lat="52.569889" lon="13.407604"><time>2024-03-12T11:16:42.000Z</time></trkpt><trkpt lat="52.569839" lon="13.407614"><time>2024-03-12T11:16:44.000Z</time></trkpt><trkpt lat="52.569845" lon="13.407642"><time>2024-03-12T11:16:52.000Z</time></trkpt><trkpt lat="52.569872" lon="13.407677"><time>2024-03-12T11:17:02.000Z</time></trkpt><trkpt lat="52.569886" lon="13.407699"><time>2024-03-12T11:17:04.000Z</time></trkpt><trkpt lat="52.569867" lon="13.407713"><time>2024-03-12T11:17:06.000Z</time></trkpt><trkpt lat="52.569821" lon="13.407706"><time>2024-03-12T11:17:14.000Z</time></trkpt><trkpt lat="52.569776" lon="13.4077"><time>2024-03-12T11:17:18.000Z</time></trkpt><trkpt lat="52.569737" lon="13.407694"><time>2024-03-12T11:17:20.000Z</time></trkpt><trkpt lat="52.569701" lon="13.407689"><time>2024-03-12T11:17:22.000Z</time></trkpt><trkpt lat="52.569664" lon="13.40767"><time>2024-03-12T11:17:24.000Z</time></trkpt><trkpt lat="52.569633" lon="13.407643"><time>2024-03-12T11:17:26.000Z</time></trkpt><trkpt lat="52.569607" lon="13.40761"><time>2024-03-12T11:17:28.000Z</time></trkpt><trkpt lat="52.569587" lon="13.407569"><time>2024-03-12T11:17:30.000Z</time></trkpt><trkpt lat="52.569565" lon="13.407532"><time>2024-03-12T11:17:36.000Z</time></trkpt><trkpt lat="52.569567" lon="13.407505"><time>2024-03-12T11:17:38.000Z</time></trkpt><trkpt lat="52.569583" lon="13.407507"><time>2024-03-12T11:17:42.000Z</time></trkpt><trkpt lat="52.569615" lon="13.407526"><time>2024-03-12T11:17:44.000Z</time></trkpt><trkpt lat="52.569642" lon="13.407559"><time>2024-03-12T11:17:46.000Z</time></trkpt><trkpt lat="52.56966" lon="13.407603"><time>2024-03-12T11:17:50.000Z</time></trkpt><trkpt lat="52.569644" lon="13.407627"><time>2024-03-12T11:17:54.000Z</time></trkpt><trkpt lat="52.569597" lon="13.40764"><time>2024-03-12T11:17:56.000Z</time></trkpt><trkpt lat="52.569549" lon="13.407651"><time>2024-03-12T11:17:58.000Z</time></trkpt><trkpt lat="52.569555" lon="13.407693"><time>2024-03-12T11:18:02.000Z</time></trkpt><trkpt lat="52.5696" lon="13.407745"><time>2024-03-12T11:18:04.000Z</time></trkpt><trkpt lat="52.569997" lon="13.407818"><time>2024-03-12T11:37:28.000Z</time></trkpt><trkpt lat="52.570032" lon="13.407834"><time>2024-03-12T11:37:32.000Z</time></trkpt><trkpt lat="52.570077" lon="13.407838"><time>2024-03-12T11:37:34.000Z</time></trkpt><trkpt lat="52.570119" lon="13.407845"><time>2024-03-12T11:37:40.000Z</time></trkpt><trkpt lat="52.570159" lon="13.407876"><time>2024-03-12T11:37:42.000Z</time></trkpt><trkpt lat="52.570185" lon="13.407923"><time>2024-03-12T11:37:46.000Z</time></trkpt><trkpt lat="52.570211" lon="13.407988"><time>2024-03-12T11:37:48.000Z</time></trkpt><trkpt lat="52.570229" lon="13.408046"><time>2024-03-12T11:37:52.000Z</time></trkpt><trkpt lat="52.570247" lon="13.408108"><time>2024-03-12T11:37:54.000Z</time></trkpt><trkpt lat="52.570263" lon="13.408153"><time>2024-03-12T11:37:58.000Z</time></trkpt><trkpt lat="52.570287" lon="13.408201"><time>2024-03-12T11:38:08.000Z</time></trkpt><trkpt lat="52.57036" lon="13.408183"><time>2024-03-12T11:38:44.000Z</time></trkpt><trkpt lat="52.570348" lon="13.408227"><time>2024-03-12T11:38:58.000Z</time></trkpt><trkpt lat="52.570332" lon="13.408253"><time>2024-03-12T11:39:08.000Z</time></trkpt><trkpt lat="52.57031" lon="13.408275"><time>2024-03-12T11:39:10.000Z</time></trkpt><trkpt lat="52.570286" lon="13.408296"><time>2024-03-12T11:39:12.000Z</time></trkpt><trkpt lat="52.57032" lon="13.408223"><time>2024-03-12T11:39:56.000Z</time></trkpt><trkpt lat="52.570384" lon="13.408245"><time>2024-03-12T11:40:02.000Z</time></trkpt><trkpt lat="52.57044" lon="13.408284"><time>2024-03-12T11:40:22.000Z</time></trkpt><trkpt lat="52.570484" lon="13.408303"><time>2024-03-12T11:40:26.000Z</time></trkpt><trkpt lat="52.570487" lon="13.408284"><time>2024-03-12T11:40:42.000Z</time></trkpt><trkpt lat="52.570466" lon="13.408243"><time>2024-03-12T11:40:48.000Z</time></trkpt><trkpt lat="52.570429" lon="13.408211"><time>2024-03-12T11:40:56.000Z</time></trkpt><trkpt lat="52.570385" lon="13.408207"><time>2024-03-12T11:41:02.000Z</time></trkpt><trkpt lat="52.570344" lon="13.408191"><time>2024-03-12T11:41:06.000Z</time></trkpt><trkpt lat="52.570312" lon="13.408196"><time>2024-03-12T11:41:12.000Z</time></trkpt><trkpt lat="52.570368" lon="13.408193"><time>2024-03-12T11:41:48.000Z</time></trkpt><trkpt lat="52.570374" lon="13.408215"><time>2024-03-12T11:41:52.000Z</time></trkpt><trkpt lat="52.570369" lon="13.408201"><time>2024-03-12T11:42:10.000Z</time></trkpt><trkpt lat="52.570347" lon="13.408201"><time>2024-03-12T11:42:14.000Z</time></trkpt><trkpt lat="52.570332" lon="13.408213"><time>2024-03-12T11:42:30.000Z</time></trkpt><trkpt lat="52.570319" lon="13.408231"><time>2024-03-12T11:42:32.000Z</time></trkpt><trkpt lat="52.570323" lon="13.408216"><time>2024-03-12T11:42:40.000Z</time></trkpt><trkpt lat="52.570333" lon="13.408224"><time>2024-03-12T11:42:44.000Z</time></trkpt><trkpt lat="52.570345" lon="13.408295"><time>2024-03-12T11:42:54.000Z</time></trkpt><trkpt lat="52.57037" lon="13.408416"><time>2024-03-12T11:42:56.000Z</time></trkpt><trkpt lat="52.570411" lon="13.408527"><time>2024-03-12T11:42:58.000Z</time></trkpt><trkpt lat="52.570456" lon="13.408619"><time>2024-03-12T11:43:00.000Z</time></trkpt><trkpt lat="52.570485" lon="13.408702"><time>2024-03-12T11:43:02.000Z</time></trkpt><trkpt lat="52.570498" lon="13.408795"><time>2024-03-12T11:43:04.000Z</time></trkpt><trkpt lat="52.570523" lon="13.408937"><time>2024-03-12T11:43:32.000Z</time></trkpt><trkpt lat="52.570547" lon="13.40911"><time>2024-03-12T11:43:58.000Z</time></trkpt><trkpt lat="52.570575" lon="13.409184"><time>2024-03-12T11:44:00.000Z</time></trkpt><trkpt lat="52.5706" lon="13.409252"><time>2024-03-12T11:44:02.000Z</time></trkpt><trkpt lat="52.570618" lon="13.409315"><time>2024-03-12T11:44:04.000Z</time></trkpt><trkpt lat="52.570631" lon="13.409392"><time>2024-03-12T11:44:06.000Z</time></trkpt><trkpt lat="52.570626" lon="13.4095"><time>2024-03-12T11:44:08.000Z</time></trkpt><trkpt lat="52.570598" lon="13.409647"><time>2024-03-12T11:44:10.000Z</time></trkpt><trkpt lat="52.570547" lon="13.409803"><time>2024-03-12T11:44:12.000Z</time></trkpt><trkpt lat="52.570484" lon="13.409952"><time>2024-03-12T11:44:14.000Z</time></trkpt><trkpt lat="52.570423" lon="13.41009"><time>2024-03-12T11:44:16.000Z</time></trkpt><trkpt lat="52.570384" lon="13.410206"><time>2024-03-12T11:44:18.000Z</time></trkpt><trkpt lat="52.570364" lon="13.410292"><time>2024-03-12T11:44:20.000Z</time></trkpt><trkpt lat="52.570353" lon="13.410352"><time>2024-03-12T11:44:22.000Z</time></trkpt><trkpt lat="52.570332" lon="13.410408"><time>2024-03-12T11:44:24.000Z</time></trkpt><trkpt lat="52.5703" lon="13.410478"><time>2024-03-12T11:44:26.000Z</time></trkpt><trkpt lat="52.570247" lon="13.410565"><time>2024-03-12T11:44:28.000Z</time></trkpt><trkpt lat="52.570171" lon="13.410668"><time>2024-03-12T11:44:30.000Z</time></trkpt><trkpt lat="52.570083" lon="13.410786"><time>2024-03-12T11:44:32.000Z</time></trkpt><trkpt lat="52.569975" lon="13.410891"><time>2024-03-12T11:44:34.000Z</time></trkpt><trkpt lat="52.569846" lon="13.410997"><time>2024-03-12T11:44:36.000Z</time></trkpt><trkpt lat="52.569689" lon="13.411093"><time>2024-03-12T11:44:38.000Z</time></trkpt><trkpt lat="52.569529" lon="13.411192"><time>2024-03-12T11:44:40.000Z</time></trkpt><trkpt lat="52.569376" lon="13.411284"><time>2024-03-12T11:44:42.000Z</time></trkpt><trkpt lat="52.569215" lon="13.411358"><time>2024-03-12T11:44:44.000Z</time></trkpt><trkpt lat="52.569043" lon="13.411433"><time>2024-03-12T11:44:46.000Z</time></trkpt><trkpt lat="52.568869" lon="13.411504"><time>2024-03-12T11:44:48.000Z</time></trkpt><trkpt lat="52.56871" lon="13.411587"><time>2024-03-12T11:44:50.000Z</time></trkpt><trkpt lat="52.568562" lon="13.411678"><time>2024-03-12T11:44:52.000Z</time></trkpt><trkpt lat="52.568419" lon="13.411776"><time>2024-03-12T11:44:54.000Z</time></trkpt><trkpt lat="52.568283" lon="13.411873"><time>2024-03-12T11:44:56.000Z</time></trkpt><trkpt lat="52.568163" lon="13.411956"><time>2024-03-12T11:44:58.000Z</time></trkpt><trkpt lat="52.568057" lon="13.412024"><time>2024-03-12T11:45:00.000Z</time></trkpt><trkpt lat="52.567963" lon="13.412066"><time>2024-03-12T11:45:02.000Z</time></trkpt><trkpt lat="52.56788" lon="13.412083"><time>2024-03-12T11:45:04.000Z</time></trkpt><trkpt lat="52.567822" lon="13.41209"><time>2024-03-12T11:45:06.000Z</time></trkpt><trkpt lat="52.56778" lon="13.412084"><time>2024-03-12T11:45:08.000Z</time></trkpt><trkpt lat="52.56775" lon="13.412073"><time>2024-03-12T11:45:10.000Z</time></trkpt><trkpt lat="52.567732" lon="13.412073"><time>2024-03-12T11:45:14.000Z</time></trkpt><trkpt lat="52.567717" lon="13.412077"><time>2024-03-12T11:45:18.000Z</time></trkpt><trkpt lat="52.567729" lon="13.412138"><time>2024-03-12T11:45:22.000Z</time></trkpt><trkpt lat="52.567764" lon="13.412184"><time>2024-03-12T11:45:34.000Z</time></trkpt><trkpt lat="52.567742" lon="13.412158"><time>2024-03-12T11:46:08.000Z</time></trkpt><trkpt lat="52.567689" lon="13.412123"><time>2024-03-12T11:46:10.000Z</time></trkpt><trkpt lat="52.567636" lon="13.412097"><time>2024-03-12T11:46:12.000Z</time></trkpt><trkpt lat="52.567567" lon="13.412082"><time>2024-03-12T11:46:14.000Z</time></trkpt><trkpt lat="52.56748" lon="13.412075"><time>2024-03-12T11:46:16.000Z</time></trkpt><trkpt lat="52.567401" lon="13.4121"><time>2024-03-12T11:46:18.000Z</time></trkpt><trkpt lat="52.567328" lon="13.412134"><time>2024-03-12T11:46:20.000Z</time></trkpt><trkpt lat="52.567263" lon="13.412176"><time>2024-03-12T11:46:22.000Z</time></trkpt><trkpt lat="52.56719" lon="13.412202"><time>2024-03-12T11:46:24.000Z</time></trkpt><trkpt lat="52.567127" lon="13.412243"><time>2024-03-12T11:46:26.000Z</time></trkpt><trkpt lat="52.567078" lon="13.41231"><time>2024-03-12T11:46:28.000Z</time></trkpt><trkpt lat="52.567043" lon="13.412416"><time>2024-03-12T11:46:30.000Z</time></trkpt><trkpt lat="52.566846" lon="13.412503"><time>2024-03-12T11:46:32.000Z</time></trkpt><trkpt lat="52.56661" lon="13.412561"><time>2024-03-12T11:46:49.000Z</time></trkpt><trkpt lat="52.566345" lon="13.41256"><time>2024-03-12T11:46:51.000Z</time></trkpt><trkpt lat="52.566216" lon="13.412574"><time>2024-03-12T11:46:53.000Z</time></trkpt><trkpt lat="52.566079" lon="13.41258"><time>2024-03-12T11:46:55.000Z</time></trkpt><trkpt lat="52.565932" lon="13.412609"><time>2024-03-12T11:46:57.000Z</time></trkpt><trkpt lat="52.565808" lon="13.412655"><time>2024-03-12T11:46:59.000Z</time></trkpt><trkpt lat="52.565732" lon="13.412763"><time>2024-03-12T11:47:01.000Z</time></trkpt><trkpt lat="52.565714" lon="13.412906"><time>2024-03-12T11:47:03.000Z</time></trkpt><trkpt lat="52.565729" lon="13.413044"><time>2024-03-12T11:47:05.000Z</time></trkpt><trkpt lat="52.565768" lon="13.413136"><time>2024-03-12T11:47:07.000Z</time></trkpt><trkpt lat="52.56581" lon="13.41318"><time>2024-03-12T11:47:09.000Z</time></trkpt></trkseg></trk></gpx>